Filename,IFA,Precision_0.5,Recall,F1,MAP,AUC,G_Measure,MCC,PofB10,PofB15,PofB20,PofB25,PofB30,PofB35,PofB40,PofB45,PofB50,PofB55,PofB60,PofB65,PofB70,PofB75,PofB80,PofB85,PofB90,PofB95,PofB100,Average_Pofb,Npofb10,Npofb15,Npofb20,Npofb25,Npofb30,Npofb35,Npofb40,Npofb45,Npofb50,Npofb55,Npofb60,Npofb65,Npofb70,Npofb75,Npofb80,Npofb85,Npofb90,Npofb95,Npofb100,avgNPofB,Popt10,Popt15,Popt20,Popt25,Popt30,Popt35,Popt40,Popt45,Popt50,Popt55,Popt60,Popt65,Popt70,Popt75,Popt80,Popt85,Popt90,Popt95,Popt100,avgNpopt,
RandomForest_CostSensitive_run10.csv,0,0.29088471849865954,0.5358024691358024,0.37706342311033886,0.3777591451643343,0.9213027793868338,0.6944616206653381,0.38659448910767086,0.685,0.8025,0.8275,0.835,0.86,0.87,0.8775,0.8925,0.9075,0.925,0.9425,0.965,0.97,0.9775,0.985,0.9925,0.995,1.0,1.0,0.907236842105263,0.685,0.8025,0.8275,0.835,0.86,0.87,0.8775,0.8925,0.9075,0.925,0.9425,0.965,0.97,0.9775,0.985,0.9925,0.995,1.0,1.0,0.9110526315789474,0.685,0.8025,0.8275,0.835,0.86,0.87,0.8775,0.8925,0.9075,0.925,0.9425,0.965,0.97,0.9775,0.985,0.9925,0.995,1.0,1,0.9110526315789474,
NaiveBayes_SMOTE_run7.csv,79,0.048622917375042506,0.3530864197530864,0.08547519426180514,0.04698029323118154,0.9062229545771242,0.5117217032231504,0.10828239590758369,0.2025,0.235,0.26,0.3075,0.34,0.3825,0.4225,0.445,0.475,0.5075,0.5475,0.6425,0.7325,0.7825,0.8225,0.8675,0.92,0.97,1.0,0.4889473684210527,0.2025,0.235,0.26,0.3075,0.34,0.3825,0.4225,0.445,0.475,0.5075,0.5475,0.6425,0.7325,0.7825,0.8225,0.8675,0.92,0.97,1.0,0.5717105263157896,0.2025,0.235,0.26,0.3075,0.3400000000000001,0.38250000000000006,0.4225,0.44500000000000006,0.475,0.5075,0.5475,0.6425,0.7325,0.7825,0.8225,0.8675,0.92,0.97,1,0.5717105263157896,
RandomForest_SMOTE_run6.csv,0,0.10747872816838334,0.5925925925925926,0.1819560272934041,0.22132845692423,0.8963680320836436,0.7297626985135153,0.23642419095525705,0.71,0.7775,0.8325,0.85,0.8675,0.875,0.89,0.9,0.9225,0.925,0.9425,0.9625,0.975,0.9775,0.9825,0.9925,0.9975,0.9975,1.0,0.9113157894736843,0.71,0.7775,0.8325,0.85,0.8675,0.875,0.89,0.9,0.9225,0.925,0.9425,0.9625,0.975,0.9775,0.9825,0.9925,0.9975,0.9975,1.0,0.9146052631578948,0.71,0.7775,0.8325,0.85,0.8675,0.875,0.89,0.9,0.9225,0.925,0.9425,0.9625,0.975,0.9775,0.9825,0.9925,0.9975,0.9975,1,0.9146052631578948,
RandomForest_BestFirst_run9.csv,0,0.8,0.08888888888888889,0.16,0.6797955876669568,0.8944279164690498,0.16326226985387296,0.264779934745158,0.42,0.5025,0.5625,0.605,0.6375,0.6575,0.685,0.7025,0.73,0.7575,0.8075,0.855,0.9025,0.915,0.935,0.9575,0.98,0.99,1.0,0.6706578947368422,0.42,0.5025,0.5625,0.605,0.6375,0.6575,0.685,0.7025,0.73,0.7575,0.8075,0.855,0.9025,0.915,0.935,0.9575,0.98,0.99,1.0,0.7685526315789474,0.41999999999999993,0.5025,0.5625,0.605,0.6375,0.6575,0.685,0.7025,0.73,0.7575,0.8075,0.855,0.9025,0.915,0.935,0.9575,0.98,0.99,1,0.7685526315789474,
NaiveBayes_BestFirst_run2.csv,34,0.05422794117647059,0.145679012345679,0.07903549899531145,0.05357844261161586,0.9424422786235478,0.25344866105126695,0.07363206836688398,0.1075,0.1325,0.1725,0.1975,0.3525,0.46,0.5175,0.555,0.605,0.65,0.6975,0.7375,0.78,0.8225,0.895,0.945,0.96,0.9775,1.0,0.5289473684210527,0.1075,0.1325,0.1725,0.1975,0.3525,0.46,0.5175,0.555,0.605,0.65,0.6975,0.7375,0.78,0.8225,0.895,0.945,0.96,0.9775,1.0,0.6086842105263157,0.10750000000000004,0.13250000000000006,0.1725,0.1975,0.35250000000000004,0.45999999999999996,0.5175,0.555,0.605,0.65,0.6975,0.7375,0.78,0.8225,0.895,0.945,0.96,0.9775,1,0.6086842105263157,
NaiveBayes_BestFirst_run3.csv,28,0.056797020484171325,0.1506172839506173,0.08248816768086545,0.05347354431511724,0.9417902828002203,0.2609039841064332,0.07740635340011323,0.1075,0.13,0.1725,0.205,0.375,0.4725,0.53,0.5675,0.635,0.6675,0.7075,0.7525,0.7975,0.8225,0.8925,0.9425,0.9575,0.98,1.0,0.5325,0.1075,0.13,0.1725,0.205,0.375,0.4725,0.53,0.5675,0.635,0.6675,0.7075,0.7525,0.7975,0.8225,0.8925,0.9425,0.9575,0.98,1.0,0.616578947368421,0.10750000000000004,0.13,0.1725,0.20499999999999996,0.375,0.4724999999999999,0.53,0.5675,0.635,0.6675,0.7075,0.7525,0.7975,0.8225,0.8925,0.9425,0.9575,0.98,1,0.616578947368421,
RandomForest_BestFirst_run8.csv,0,0.7358490566037735,0.0962962962962963,0.1703056768558952,0.6386310881162633,0.8918579256484807,0.17567020664084698,0.26404167087735814,0.42,0.475,0.5475,0.6,0.63,0.6525,0.68,0.7125,0.7475,0.755,0.8025,0.85,0.9075,0.9175,0.9425,0.96,0.985,0.9925,1.0,0.6678947368421052,0.42,0.475,0.5475,0.6,0.63,0.6525,0.68,0.7125,0.7475,0.755,0.8025,0.85,0.9075,0.9175,0.9425,0.96,0.985,0.9925,1.0,0.7672368421052632,0.41999999999999993,0.475,0.5475,0.6,0.63,0.6525,0.68,0.7125,0.7475,0.755,0.8025,0.85,0.9075,0.9175,0.9425,0.96,0.985,0.9925,1,0.7672368421052632,
RandomForest_SMOTE_run7.csv,0,0.11259806183664052,0.6024691358024692,0.18973561430793157,0.22570447748937605,0.8944467877301809,0.737737349869425,0.24493945677712955,0.7,0.755,0.8175,0.835,0.8625,0.865,0.875,0.88,0.9125,0.9225,0.935,0.9525,0.97,0.975,0.9775,0.99,0.9975,0.9975,1.0,0.9027631578947368,0.7,0.755,0.8175,0.835,0.8625,0.865,0.875,0.88,0.9125,0.9225,0.935,0.9525,0.97,0.975,0.9775,0.99,0.9975,0.9975,1.0,0.9063157894736842,0.7,0.755,0.8175,0.835,0.8625,0.865,0.875,0.88,0.9125,0.9225,0.935,0.9525,0.97,0.975,0.9775,0.99,0.9975,0.9975,1,0.9063157894736842,
NaiveBayes_SMOTE_run6.csv,78,0.04728604728604729,0.3506172839506173,0.08333333333333333,0.04571782864679779,0.9037631919176019,0.5088839636061837,0.10570481426106501,0.1925,0.23,0.255,0.3025,0.34,0.38,0.41,0.44,0.465,0.5025,0.5375,0.63,0.7125,0.78,0.805,0.8475,0.905,0.955,1.0,0.479078947368421,0.1925,0.23,0.255,0.3025,0.34,0.38,0.41,0.44,0.465,0.5025,0.5375,0.63,0.7125,0.78,0.805,0.8475,0.905,0.955,1.0,0.5626315789473685,0.1925,0.22999999999999998,0.255,0.3025,0.3400000000000001,0.38,0.4099999999999999,0.43999999999999995,0.4650000000000001,0.5025,0.5375,0.63,0.7125,0.78,0.805,0.8475,0.905,0.955,1,0.5626315789473684,
IBk_CostSensitive_run8.csv,0,0.28624078624078625,0.5753086419753086,0.3822805578342904,0.28209676456583843,0.9048217946819282,0.7264484070172499,0.39749495684875824,0.7025,0.765,0.8025,0.8125,0.82,0.8375,0.8475,0.865,0.89,0.8975,0.925,0.935,0.9425,0.9625,0.9775,0.9875,0.99,0.9975,1.0,0.8851315789473686,0.7025,0.765,0.8025,0.8125,0.82,0.8375,0.8475,0.865,0.89,0.8975,0.925,0.935,0.9425,0.9625,0.9775,0.9875,0.99,0.9975,1.0,0.8925000000000002,0.7025,0.765,0.8025,0.8125,0.82,0.8375,0.8475,0.865,0.89,0.8975,0.925,0.935,0.9425,0.9625,0.9775,0.9875,0.99,0.9975,1,0.8925000000000002,
RandomForest_SMOTE_run5.csv,0,0.10771992818671454,0.5925925925925926,0.18230155715913407,0.22325378384257755,0.8969145488050182,0.7298000639348107,0.23672886887768596,0.72,0.76,0.825,0.84,0.8675,0.8725,0.885,0.8975,0.92,0.925,0.9425,0.9575,0.97,0.975,0.9825,0.9925,0.995,0.9975,1.0,0.9080263157894736,0.72,0.76,0.825,0.84,0.8675,0.8725,0.885,0.8975,0.92,0.925,0.9425,0.9575,0.97,0.975,0.9825,0.9925,0.995,0.9975,1.0,0.9118421052631579,0.72,0.76,0.825,0.84,0.8675,0.8725,0.885,0.8975,0.92,0.925,0.9425,0.9575,0.97,0.975,0.9825,0.9925,0.995,0.9975,1,0.9118421052631579,
NaiveBayes_SMOTE_run4.csv,73,0.04907343857240906,0.3530864197530864,0.08617053329316059,0.047378301237869146,0.9062655711337194,0.5118252675886911,0.10900643103896697,0.2025,0.2375,0.265,0.3125,0.34,0.3775,0.4225,0.4525,0.4775,0.5125,0.5525,0.6575,0.72,0.77,0.82,0.8725,0.92,0.9675,1.0,0.4905263157894737,0.2025,0.2375,0.265,0.3125,0.34,0.3775,0.4225,0.4525,0.4775,0.5125,0.5525,0.6575,0.72,0.77,0.82,0.8725,0.92,0.9675,1.0,0.5726315789473685,0.2025,0.23750000000000004,0.265,0.3125,0.3400000000000001,0.37749999999999995,0.4225,0.4525,0.47750000000000004,0.5125,0.5525,0.6575,0.72,0.77,0.82,0.8725,0.92,0.9675,1,0.5726315789473685,
NaiveBayes_BestFirst_run1.csv,31,0.054613935969868174,0.14320987654320988,0.0790729379686435,0.05327007712491349,0.9410406813150146,0.24972437386944651,0.07335938582615342,0.11,0.13,0.17,0.195,0.3725,0.465,0.52,0.555,0.6225,0.665,0.705,0.7425,0.79,0.8125,0.88,0.9425,0.9525,0.9775,1.0,0.5301315789473684,0.11,0.13,0.17,0.195,0.3725,0.465,0.52,0.555,0.6225,0.665,0.705,0.7425,0.79,0.8125,0.88,0.9425,0.9525,0.9775,1.0,0.610921052631579,0.10999999999999999,0.13,0.17000000000000004,0.19500000000000006,0.37250000000000005,0.4650000000000001,0.52,0.555,0.6225,0.665,0.705,0.7425,0.79,0.8125,0.88,0.9425,0.9525,0.9775,1,0.610921052631579,
NaiveBayes_CostSensitive_run8.csv,58,0.049443207126948774,0.2740740740740741,0.08377358490566038,0.04790394141079586,0.9325740462670836,0.42501303716259714,0.0957261665058996,0.09774436090225563,0.13784461152882205,0.17794486215538846,0.19548872180451127,0.22305764411027568,0.2531328320802005,0.2807017543859649,0.3082706766917293,0.3508771929824561,0.42606516290726815,0.5087719298245614,0.6265664160401002,0.7017543859649122,0.7644110275689223,0.8045112781954887,0.8320802005012531,0.8972431077694235,0.9423558897243107,1.0,0.4515789473684211,0.09774436090225563,0.13784461152882205,0.17794486215538846,0.19548872180451127,0.22305764411027568,0.2531328320802005,0.2807017543859649,0.3082706766917293,0.3508771929824561,0.42606516290726815,0.5087719298245614,0.6265664160401002,0.7017543859649122,0.7644110275689223,0.8045112781954887,0.8320802005012531,0.8972431077694235,0.9423558897243107,1.0,0.44776315789473686,0.09750000000000003,0.13750000000000007,0.1775000000000001,0.19499999999999995,0.22249999999999992,0.25249999999999995,0.28,0.3075000000000001,0.35,0.42500000000000004,0.5075000000000001,0.625,0.7,0.7625000000000001,0.8025,0.83,0.895,0.94,0.0,0.5015169502704129,
NaiveBayes_CostSensitive_run9.csv,61,0.05006705409029951,0.2765432098765432,0.08478425435276306,0.047957770809835654,0.9327363266152896,0.4279991637415422,0.0970620850142602,0.10025062656641603,0.13784461152882205,0.17794486215538846,0.19548872180451127,0.22556390977443608,0.2556390977443609,0.2882205513784461,0.3107769423558897,0.3533834586466165,0.43107769423558895,0.506265664160401,0.6215538847117794,0.7017543859649122,0.7543859649122807,0.7944862155388471,0.8421052631578947,0.8897243107769424,0.9448621553884712,1.0,0.4503947368421053,0.10025062656641603,0.13784461152882205,0.17794486215538846,0.19548872180451127,0.22556390977443608,0.2556390977443609,0.2882205513784461,0.3107769423558897,0.3533834586466165,0.43107769423558895,0.506265664160401,0.6215538847117794,0.7017543859649122,0.7543859649122807,0.7944862155388471,0.8421052631578947,0.8897243107769424,0.9448621553884712,1.0,0.44789473684210535,0.09999999999999998,0.13750000000000007,0.1775000000000001,0.19499999999999995,0.22499999999999998,0.255,0.2875000000000001,0.31000000000000005,0.3524999999999999,0.43000000000000005,0.505,0.62,0.7,0.7525000000000001,0.7925000000000001,0.84,0.8875000000000001,0.9425,0.0,0.5016488589895792,
NaiveBayes_SMOTE_run5.csv,76,0.04707464694014795,0.345679012345679,0.08286475288546907,0.04607171576235889,0.9043132704332952,0.5037631159698951,0.10455337108958977,0.1975,0.23,0.2525,0.31,0.335,0.375,0.415,0.4425,0.47,0.5025,0.545,0.635,0.7125,0.7675,0.805,0.865,0.9175,0.9575,1.0,0.4813157894736842,0.1975,0.23,0.2525,0.31,0.335,0.375,0.415,0.4425,0.47,0.5025,0.545,0.635,0.7125,0.7675,0.805,0.865,0.9175,0.9575,1.0,0.565,0.1975,0.22999999999999998,0.25249999999999995,0.31000000000000005,0.33499999999999996,0.375,0.41500000000000004,0.4425,0.47,0.5025,0.545,0.635,0.7125,0.7675,0.805,0.865,0.9175,0.9575,1,0.565,
RandomForest_SMOTE_run4.csv,0,0.10726950354609929,0.5975308641975309,0.18188650883126645,0.2187033110093905,0.8925855314915726,0.733336651866869,0.2372002337463117,0.7125,0.7675,0.8325,0.8625,0.8725,0.8875,0.8975,0.905,0.9225,0.9275,0.945,0.965,0.9725,0.975,0.9775,0.9875,0.9925,0.9925,1.0,0.9101315789473684,0.7125,0.7675,0.8325,0.8625,0.8725,0.8875,0.8975,0.905,0.9225,0.9275,0.945,0.965,0.9725,0.975,0.9775,0.9875,0.9925,0.9925,1.0,0.9155263157894736,0.7125,0.7675,0.8325,0.8625,0.8725,0.8875,0.8975,0.905,0.9225,0.9275,0.945,0.965,0.9725,0.975,0.9775,0.9875,0.9925,0.9925,1,0.9155263157894736,
IBk_CostSensitive_run9.csv,0,0.2822477650063857,0.5456790123456791,0.3720538720538721,0.2789893411748945,0.8985182310754685,0.7024920767186301,0.38406204748131106,0.685,0.75,0.785,0.7975,0.8125,0.8325,0.8425,0.8575,0.875,0.895,0.92,0.9325,0.945,0.965,0.9825,0.9875,0.995,0.9975,1.0,0.8834210526315791,0.685,0.75,0.785,0.7975,0.8125,0.8325,0.8425,0.8575,0.875,0.895,0.92,0.9325,0.945,0.965,0.9825,0.9875,0.995,0.9975,1.0,0.8872368421052632,0.685,0.75,0.785,0.7975,0.8125,0.8325,0.8425,0.8575,0.875,0.895,0.92,0.9325,0.945,0.965,0.9825,0.9875,0.995,0.9975,1,0.8872368421052632,
NaiveBayes_SMOTE_run1.csv,80,0.04739495798319328,0.34814814814814815,0.0834319526627219,0.04659197130878633,0.9048055479008222,0.5063799776705922,0.10547938949304289,0.195,0.235,0.26,0.31,0.34,0.3725,0.41,0.4475,0.4675,0.505,0.5275,0.6375,0.7175,0.7775,0.8125,0.8725,0.91,0.9575,1.0,0.4819736842105263,0.195,0.235,0.26,0.31,0.34,0.3725,0.41,0.4475,0.4675,0.505,0.5275,0.6375,0.7175,0.7775,0.8125,0.8725,0.91,0.9575,1.0,0.5660526315789474,0.19500000000000006,0.235,0.26,0.31000000000000005,0.3400000000000001,0.37250000000000005,0.4099999999999999,0.4475,0.4675,0.505,0.5275,0.6375,0.7175,0.7775,0.8125,0.8725,0.91,0.9575,1,0.5660526315789474,
NaiveBayes_BestFirst_run4.csv,26,0.05502846299810247,0.14320987654320988,0.07950651130911583,0.05244858552299206,0.9414233554976922,0.24973101905575587,0.07375622835184546,0.105,0.1275,0.17,0.1975,0.38,0.455,0.515,0.5625,0.6325,0.6625,0.7125,0.7525,0.785,0.8175,0.8975,0.9425,0.9575,0.9825,1.0,0.533157894736842,0.105,0.1275,0.17,0.1975,0.38,0.455,0.515,0.5625,0.6325,0.6625,0.7125,0.7525,0.785,0.8175,0.8975,0.9425,0.9575,0.9825,1.0,0.613421052631579,0.10499999999999998,0.12749999999999995,0.17000000000000004,0.1975,0.38,0.45500000000000007,0.515,0.5625,0.6325,0.6625,0.7125,0.7525,0.785,0.8175,0.8975,0.9425,0.9575,0.9825,1,0.613421052631579,
NaiveBayes_BestFirst_run5.csv,26,0.056179775280898875,0.14814814814814814,0.0814663951120163,0.05322624279465455,0.9415056516927583,0.2571957672841186,0.07616265201036503,0.1075,0.1325,0.175,0.21,0.385,0.4725,0.5225,0.565,0.63,0.665,0.6975,0.74,0.79,0.82,0.8875,0.95,0.96,0.98,1.0,0.5323684210526315,0.1075,0.1325,0.175,0.21,0.385,0.4725,0.5225,0.565,0.63,0.665,0.6975,0.74,0.79,0.82,0.8875,0.95,0.96,0.98,1.0,0.615263157894737,0.10750000000000004,0.13250000000000006,0.17500000000000004,0.20999999999999996,0.385,0.4724999999999999,0.5225,0.565,0.63,0.665,0.6975,0.74,0.79,0.82,0.8875,0.95,0.96,0.98,1,0.615263157894737,
RandomForest_SMOTE_run1.csv,0,0.10736052508204406,0.5654320987654321,0.18045705279747834,0.21606678898999718,0.8908301292806359,0.7094251925269542,0.23048348092506196,0.6775,0.765,0.8325,0.8575,0.8825,0.885,0.8925,0.9025,0.9225,0.9275,0.945,0.9625,0.9725,0.975,0.98,0.9925,1.0,1.0,1.0,0.9057894736842106,0.6775,0.765,0.8325,0.8575,0.8825,0.885,0.8925,0.9025,0.9225,0.9275,0.945,0.9625,0.9725,0.975,0.98,0.9925,1.0,1.0,1.0,0.9143421052631581,0.6775,0.765,0.8325,0.8575,0.8825,0.885,0.8925,0.9025,0.9225,0.9275,0.945,0.9625,0.9725,0.975,0.98,0.9925,1.0,1.0,1,0.9143421052631581,
IBk_run10.csv,0,0.6129032258064516,0.4222222222222222,0.5,0.47845726431827074,0.9720990903677212,0.5932672909578152,0.5046086328077002,0.6925,0.7425,0.7825,0.7925,0.81,0.8225,0.8375,0.855,0.8725,0.8875,0.9075,0.92,0.9425,0.96,0.9775,0.98,0.9875,0.995,1.0,0.8772368421052633,0.6925,0.7425,0.7825,0.7925,0.81,0.8225,0.8375,0.855,0.8725,0.8875,0.9075,0.92,0.9425,0.96,0.9775,0.98,0.9875,0.995,1.0,0.8823684210526316,0.6925,0.7425,0.7825,0.7925,0.81,0.8225,0.8375,0.855,0.8725,0.8875,0.9075,0.92,0.9425,0.96,0.9775,0.98,0.9875,0.995,1,0.8823684210526316,
NaiveBayes_SMOTE_run2.csv,76,0.04972565157750343,0.35802469135802467,0.08732309545317675,0.04746323225034313,0.9059747537519128,0.5169936893647856,0.11087379126927631,0.205,0.24,0.2575,0.315,0.3475,0.385,0.4225,0.45,0.475,0.505,0.5475,0.64,0.73,0.7775,0.81,0.8825,0.9175,0.9675,1.0,0.48934210526315786,0.205,0.24,0.2575,0.315,0.3475,0.385,0.4225,0.45,0.475,0.505,0.5475,0.64,0.73,0.7775,0.81,0.8825,0.9175,0.9675,1.0,0.5723684210526315,0.20499999999999996,0.24,0.25750000000000006,0.31499999999999995,0.3474999999999999,0.385,0.4225,0.44999999999999996,0.475,0.505,0.5475,0.64,0.73,0.7775,0.81,0.8825,0.9175,0.9675,1,0.5723684210526315,
RandomForest_SMOTE_run3.csv,0,0.11054342777519739,0.5876543209876544,0.1860828772478499,0.21929818665940337,0.8914543806008434,0.7265823741682897,0.2392063586672531,0.69,0.76,0.815,0.8525,0.8775,0.8875,0.895,0.9025,0.925,0.93,0.9425,0.9575,0.975,0.975,0.9775,0.99,0.995,0.995,1.0,0.908157894736842,0.69,0.76,0.815,0.8525,0.8775,0.8875,0.895,0.9025,0.925,0.93,0.9425,0.9575,0.975,0.975,0.9775,0.99,0.995,0.995,1.0,0.9127631578947369,0.69,0.76,0.815,0.8525,0.8775,0.8875,0.895,0.9025,0.925,0.93,0.9425,0.9575,0.975,0.975,0.9775,0.99,0.995,0.995,1,0.9127631578947369,
NaiveBayes_BestFirst_run7.csv,28,0.058767772511848344,0.15308641975308643,0.08493150684931507,0.053589183564965996,0.9419863064630323,0.26461900208372197,0.07993996957699145,0.11,0.13,0.175,0.2225,0.385,0.475,0.535,0.5775,0.6425,0.6775,0.72,0.765,0.7925,0.8275,0.89,0.95,0.9625,0.98,1.0,0.5338157894736842,0.11,0.13,0.175,0.2225,0.385,0.475,0.535,0.5775,0.6425,0.6775,0.72,0.765,0.7925,0.8275,0.89,0.95,0.9625,0.98,1.0,0.6219736842105262,0.10999999999999999,0.13,0.17500000000000004,0.22250000000000003,0.385,0.475,0.535,0.5775,0.6425,0.6775,0.72,0.765,0.7925,0.8275,0.89,0.95,0.9625,0.98,1,0.6219736842105262,
NaiveBayes_BestFirst_run6.csv,31,0.05829596412556054,0.16049382716049382,0.08552631578947369,0.05906863331129628,0.9436909687268206,0.2755554428912072,0.0814471522331522,0.095,0.1175,0.17,0.1975,0.3425,0.4375,0.5,0.555,0.63,0.67,0.715,0.755,0.7875,0.8175,0.8775,0.93,0.9475,0.98,1.0,0.5286842105263156,0.095,0.1175,0.17,0.1975,0.3425,0.4375,0.5,0.555,0.63,0.67,0.715,0.755,0.7875,0.8175,0.8775,0.93,0.9475,0.98,1.0,0.606578947368421,0.09499999999999997,0.11749999999999994,0.17000000000000004,0.1975,0.3425,0.4375,0.5,0.555,0.63,0.67,0.715,0.755,0.7875,0.8175,0.8775,0.93,0.9475,0.98,1,0.606578947368421,
RandomForest_SMOTE_run2.csv,0,0.10670194003527336,0.5975308641975309,0.18106995884773663,0.22245542341726166,0.8930252568709824,0.7332459676343871,0.23647811531140675,0.705,0.7675,0.8275,0.845,0.8625,0.8625,0.87,0.89,0.9125,0.915,0.9275,0.955,0.97,0.9725,0.975,0.9875,0.9975,0.9975,1.0,0.9011842105263159,0.705,0.7675,0.8275,0.845,0.8625,0.8625,0.87,0.89,0.9125,0.915,0.9275,0.955,0.97,0.9725,0.975,0.9875,0.9975,0.9975,1.0,0.9073684210526317,0.705,0.7675,0.8275,0.845,0.8625,0.8625,0.87,0.89,0.9125,0.915,0.9275,0.955,0.97,0.9725,0.975,0.9875,0.9975,0.9975,1,0.9073684210526317,
NaiveBayes_SMOTE_run3.csv,76,0.048738922972051804,0.3530864197530864,0.08565438754117999,0.046873812847759135,0.9059553825898246,0.5117485638408255,0.10846926144992755,0.195,0.2275,0.255,0.3125,0.345,0.3825,0.42,0.445,0.4775,0.5125,0.5475,0.6475,0.735,0.78,0.81,0.8575,0.91,0.965,1.0,0.4882894736842106,0.195,0.2275,0.255,0.3125,0.345,0.3825,0.42,0.445,0.4775,0.5125,0.5475,0.6475,0.735,0.78,0.81,0.8575,0.91,0.965,1.0,0.5697368421052632,0.19500000000000006,0.22750000000000004,0.255,0.3125,0.345,0.38250000000000006,0.41999999999999993,0.44500000000000006,0.47750000000000004,0.5125,0.5475,0.6475,0.735,0.78,0.81,0.8575,0.91,0.965,1,0.5697368421052632,
IBk_SMOTE_run3.csv,0,0.10952380952380952,0.6246913580246913,0.18637200736648252,0.13340047047366396,0.8917453229578896,0.7530951784842187,0.24576959306670387,0.685,0.7475,0.7975,0.8225,0.8325,0.8475,0.8575,0.885,0.895,0.905,0.935,0.9425,0.9525,0.9675,0.9825,0.985,0.9925,1.0,1.0,0.8881578947368421,0.685,0.7475,0.7975,0.8225,0.8325,0.8475,0.8575,0.885,0.895,0.905,0.935,0.9425,0.9525,0.9675,0.9825,0.985,0.9925,1.0,1.0,0.8964473684210525,0.685,0.7475,0.7975,0.8225,0.8325,0.8475,0.8575,0.885,0.895,0.905,0.935,0.9425,0.9525,0.9675,0.9825,0.985,0.9925,1.0,1,0.8964473684210525,
NaiveBayes_SMOTE_run10.csv,80,0.04871447902571042,0.35555555555555557,0.08568878310026777,0.0466392411284984,0.9049567679403514,0.5142555391989015,0.10883858619811267,0.195,0.2325,0.255,0.305,0.34,0.3775,0.4225,0.445,0.4675,0.505,0.5425,0.655,0.725,0.77,0.8075,0.8675,0.915,0.96,1.0,0.4843421052631579,0.195,0.2325,0.255,0.305,0.34,0.3775,0.4225,0.445,0.4675,0.505,0.5425,0.655,0.725,0.77,0.8075,0.8675,0.915,0.96,1.0,0.567763157894737,0.19500000000000006,0.23250000000000004,0.255,0.30499999999999994,0.3400000000000001,0.37749999999999995,0.4225,0.44500000000000006,0.4675,0.505,0.5425,0.655,0.725,0.77,0.8075,0.8675,0.915,0.96,1,0.567763157894737,
NaiveBayes_run3.csv,52,0.05136106831022085,0.24691358024691357,0.08503401360544217,0.04950579560426646,0.9455302918109356,0.39223108176461813,0.09312980742943887,0.055,0.115,0.1375,0.165,0.205,0.2325,0.2625,0.2875,0.345,0.4275,0.505,0.625,0.69,0.74,0.7875,0.8325,0.89,0.9475,1.0,0.45013157894736855,0.055,0.115,0.1375,0.165,0.205,0.2325,0.2625,0.2875,0.345,0.4275,0.505,0.625,0.69,0.74,0.7875,0.8325,0.89,0.9475,1.0,0.4868421052631579,0.05500000000000005,0.11499999999999999,0.13749999999999996,0.16500000000000004,0.20499999999999996,0.23250000000000004,0.26249999999999996,0.2875,0.345,0.4275,0.505,0.625,0.69,0.74,0.7875,0.8325,0.89,0.9475,1,0.4868421052631579,
RandomForest_CostSensitive_run6.csv,0,0.3009575923392613,0.5432098765432098,0.3873239436619718,0.3941489026497621,0.9251475176480659,0.7007682336302453,0.3963429860866111,0.7,0.805,0.8275,0.855,0.875,0.885,0.8925,0.91,0.92,0.9325,0.9525,0.965,0.975,0.9775,0.9875,0.9925,0.9975,1.0,1.0,0.9156578947368421,0.7,0.805,0.8275,0.855,0.875,0.885,0.8925,0.91,0.92,0.9325,0.9525,0.965,0.975,0.9775,0.9875,0.9925,0.9975,1.0,1.0,0.9184210526315791,0.7,0.805,0.8275,0.855,0.875,0.885,0.8925,0.91,0.92,0.9325,0.9525,0.965,0.975,0.9775,0.9875,0.9925,0.9975,1.0,1,0.9184210526315791,
RandomForest_CostSensitive_run7.csv,0,0.29863013698630136,0.5382716049382716,0.3841409691629956,0.3898172208657758,0.9215844735761727,0.6966394156591299,0.3928969034843942,0.6875,0.7875,0.8125,0.8425,0.8725,0.875,0.89,0.9075,0.93,0.94,0.9575,0.975,0.9825,0.985,0.995,0.9975,1.0,1.0,1.0,0.9125,0.6875,0.7875,0.8125,0.8425,0.8725,0.875,0.89,0.9075,0.93,0.94,0.9575,0.975,0.9825,0.985,0.995,0.9975,1.0,1.0,1.0,0.9177631578947366,0.6875,0.7875,0.8125,0.8425,0.8725,0.875,0.89,0.9075,0.93,0.94,0.9575,0.975,0.9825,0.985,0.995,0.9975,1.0,1.0,1,0.9177631578947366,
NaiveBayes_run2.csv,56,0.05179487179487179,0.24938271604938272,0.08577494692144373,0.049657412974456604,0.9457546848530634,0.395335698351161,0.09418621812510272,0.0575,0.1125,0.1325,0.16,0.2,0.23,0.2575,0.2875,0.35,0.42,0.5075,0.62,0.69,0.745,0.7975,0.8425,0.9025,0.935,1.0,0.4502631578947368,0.0575,0.1125,0.1325,0.16,0.2,0.23,0.2575,0.2875,0.35,0.42,0.5075,0.62,0.69,0.745,0.7975,0.8425,0.9025,0.935,1.0,0.4867105263157895,0.057499999999999996,0.11250000000000004,0.13250000000000006,0.16000000000000003,0.19999999999999996,0.22999999999999998,0.25750000000000006,0.2875,0.35,0.41999999999999993,0.5075,0.62,0.69,0.745,0.7975,0.8425,0.9025,0.935,1,0.4867105263157895,
IBk_SMOTE_run2.csv,0,0.10869565217391304,0.654320987654321,0.18642279282448118,0.1351731924335429,0.8958906891572108,0.7732471058514362,0.2508100946278398,0.675,0.7475,0.805,0.825,0.8425,0.85,0.865,0.88,0.89,0.9075,0.93,0.9425,0.9475,0.9725,0.9825,0.9875,0.9925,0.9975,1.0,0.8860526315789474,0.675,0.7475,0.805,0.825,0.8425,0.85,0.865,0.88,0.89,0.9075,0.93,0.9425,0.9475,0.9725,0.9825,0.9875,0.9925,0.9975,1.0,0.8968421052631579,0.675,0.7475,0.805,0.825,0.8425,0.85,0.865,0.88,0.89,0.9075,0.93,0.9425,0.9475,0.9725,0.9825,0.9875,0.9925,0.9975,1,0.8968421052631579,
RandomForest_run9.csv,0,0.7891891891891892,0.36049382716049383,0.49491525423728816,0.66877045114092,0.969698440996378,0.5298068583805083,0.5304484117070176,0.74,0.7825,0.845,0.8675,0.88,0.89,0.895,0.92,0.9225,0.9425,0.96,0.97,0.9725,0.975,0.985,0.9925,0.9925,1.0,1.0,0.9025000000000001,0.74,0.7825,0.845,0.8675,0.88,0.89,0.895,0.92,0.9225,0.9425,0.96,0.97,0.9725,0.975,0.985,0.9925,0.9925,1.0,1.0,0.9227631578947367,0.74,0.7825,0.845,0.8675,0.88,0.89,0.895,0.92,0.9225,0.9425,0.96,0.97,0.9725,0.975,0.985,0.9925,0.9925,1.0,1,0.9227631578947367,
RandomForest_CostSensitive_run5.csv,0,0.3046448087431694,0.5506172839506173,0.3922603342128408,0.39269213732412617,0.92803107134399,0.7069153375234324,0.4016477975620351,0.6975,0.815,0.8375,0.8725,0.8875,0.895,0.9025,0.915,0.9275,0.935,0.9525,0.9675,0.975,0.9775,0.9875,0.995,0.9975,0.9975,1.0,0.9176315789473684,0.6975,0.815,0.8375,0.8725,0.8875,0.895,0.9025,0.915,0.9275,0.935,0.9525,0.9675,0.975,0.9775,0.9875,0.995,0.9975,0.9975,1.0,0.9228947368421053,0.6975,0.815,0.8375,0.8725,0.8875,0.895,0.9025,0.915,0.9275,0.935,0.9525,0.9675,0.975,0.9775,0.9875,0.995,0.9975,0.9975,1,0.9228947368421053,
NaiveBayes_BestFirst_run10.csv,33,0.05517909002904162,0.14074074074074075,0.07927677329624479,0.05116521095946,0.9409206425976854,0.2459846447305034,0.07324303083200387,0.11,0.1275,0.175,0.2125,0.3925,0.4925,0.525,0.57,0.63,0.6675,0.705,0.7475,0.785,0.81,0.895,0.95,0.965,0.9825,1.0,0.5318421052631579,0.11,0.1275,0.175,0.2125,0.3925,0.4925,0.525,0.57,0.63,0.6675,0.705,0.7475,0.785,0.81,0.895,0.95,0.965,0.9825,1.0,0.6180263157894736,0.10999999999999999,0.12749999999999995,0.17500000000000004,0.21250000000000002,0.39250000000000007,0.49249999999999994,0.525,0.57,0.63,0.6675,0.705,0.7475,0.785,0.81,0.895,0.95,0.965,0.9825,1,0.6180263157894736,
NaiveBayes_run1.csv,57,0.053061224489795916,0.25679012345679014,0.0879492600422833,0.050140422210508066,0.9458016755430326,0.40457031386792774,0.09731130443363951,0.0675,0.1225,0.145,0.165,0.21,0.2375,0.2625,0.29,0.3475,0.42,0.5025,0.6225,0.6825,0.7575,0.8075,0.8375,0.8975,0.935,1.0,0.4523684210526316,0.0675,0.1225,0.145,0.165,0.21,0.2375,0.2625,0.29,0.3475,0.42,0.5025,0.6225,0.6825,0.7575,0.8075,0.8375,0.8975,0.935,1.0,0.49000000000000005,0.0675,0.12250000000000005,0.14500000000000002,0.16500000000000004,0.20999999999999996,0.23750000000000004,0.26249999999999996,0.29000000000000004,0.3474999999999999,0.41999999999999993,0.5025,0.6225,0.6825,0.7575,0.8075,0.8375,0.8975,0.935,1,0.49000000000000005,
RandomForest_CostSensitive_run4.csv,0,0.2935897435897436,0.5654320987654321,0.38649789029535864,0.395738758865595,0.9275337948668925,0.7187262686628119,0.39928836525416084,0.7,0.8125,0.83,0.8625,0.8925,0.9,0.9025,0.92,0.93,0.94,0.9575,0.9725,0.975,0.975,0.9875,0.995,0.9975,0.9975,1.0,0.9178947368421051,0.7,0.8125,0.83,0.8625,0.8925,0.9,0.9025,0.92,0.93,0.94,0.9575,0.9725,0.975,0.975,0.9875,0.995,0.9975,0.9975,1.0,0.9235526315789473,0.7,0.8125,0.83,0.8625,0.8925,0.9,0.9025,0.92,0.93,0.94,0.9575,0.9725,0.975,0.975,0.9875,0.995,0.9975,0.9975,1,0.9235526315789473,
RandomForest_run8.csv,0,0.8202247191011236,0.36049382716049383,0.5008576329331046,0.6786160989781295,0.9704149865307933,0.5298317672104016,0.5409968258941888,0.75,0.7925,0.855,0.8775,0.8875,0.895,0.9,0.9225,0.93,0.9475,0.965,0.9725,0.9775,0.98,0.9925,0.995,0.995,0.9975,1.0,0.9061842105263157,0.75,0.7925,0.855,0.8775,0.8875,0.895,0.9,0.9225,0.93,0.9475,0.965,0.9725,0.9775,0.98,0.9925,0.995,0.995,0.9975,1.0,0.9280263157894735,0.75,0.7925,0.855,0.8775,0.8875,0.895,0.9,0.9225,0.93,0.9475,0.965,0.9725,0.9775,0.98,0.9925,0.995,0.995,0.9975,1,0.9280263157894735,
IBk_SMOTE_run1.csv,0,0.10776614310645724,0.6098765432098765,0.1831664812754913,0.13415748329630175,0.8973154693726307,0.7423203531210849,0.24042278263251488,0.675,0.75,0.815,0.835,0.8425,0.8625,0.8775,0.8875,0.895,0.9125,0.935,0.9425,0.95,0.9675,0.9825,0.985,0.9925,1.0,1.0,0.8873684210526316,0.675,0.75,0.815,0.835,0.8425,0.8625,0.8775,0.8875,0.895,0.9125,0.935,0.9425,0.95,0.9675,0.9825,0.985,0.9925,1.0,1.0,0.9003947368421054,0.675,0.75,0.815,0.835,0.8425,0.8625,0.8775,0.8875,0.895,0.9125,0.935,0.9425,0.95,0.9675,0.9825,0.985,0.9925,1.0,1,0.9003947368421054,
IBk_SMOTE_run5.csv,0,0.10804020100502512,0.6370370370370371,0.18474758324382384,0.13309069853610309,0.8977291374146498,0.7613989933030546,0.24640965631426562,0.6875,0.7475,0.8075,0.8325,0.8425,0.8525,0.8725,0.89,0.9025,0.91,0.94,0.945,0.9525,0.9675,0.98,0.9875,0.99,0.9975,1.0,0.8897368421052633,0.6875,0.7475,0.8075,0.8325,0.8425,0.8525,0.8725,0.89,0.9025,0.91,0.94,0.945,0.9525,0.9675,0.98,0.9875,0.99,0.9975,1.0,0.9002631578947369,0.6875,0.7475,0.8075,0.8325,0.8425,0.8525,0.8725,0.89,0.9025,0.91,0.94,0.945,0.9525,0.9675,0.98,0.9875,0.99,0.9975,1,0.9002631578947369,
NaiveBayes_run10.csv,57,0.052120592743995914,0.2518518518518518,0.0863674851820491,0.049676194168982175,0.9455097958716931,0.3984185930294809,0.09510179541562999,0.06,0.12,0.14,0.165,0.205,0.2325,0.26,0.2875,0.3475,0.4175,0.5075,0.62,0.69,0.7475,0.8075,0.84,0.8925,0.94,1.0,0.4492105263157895,0.06,0.12,0.14,0.165,0.205,0.2325,0.26,0.2875,0.3475,0.4175,0.5075,0.62,0.69,0.7475,0.8075,0.84,0.8925,0.94,1.0,0.48842105263157903,0.06000000000000005,0.12,0.14,0.16500000000000004,0.20499999999999996,0.23250000000000004,0.26,0.2875,0.3474999999999999,0.4175,0.5075,0.62,0.69,0.7475,0.8075,0.84,0.8925,0.94,1,0.48842105263157903,
NaiveBayes_run5.csv,54,0.05176832393644285,0.24938271604938272,0.08573853989813243,0.04974152764089665,0.9456347086233542,0.39533352171289193,0.09415155420505628,0.0575,0.1125,0.135,0.1575,0.2,0.2325,0.2675,0.295,0.35,0.43,0.4925,0.6275,0.685,0.7575,0.8,0.8425,0.885,0.935,1.0,0.4507894736842106,0.0575,0.1125,0.135,0.1575,0.2,0.2325,0.2675,0.295,0.35,0.43,0.4925,0.6275,0.685,0.7575,0.8,0.8425,0.885,0.935,1.0,0.4875,0.057499999999999996,0.11250000000000004,0.135,0.15749999999999997,0.19999999999999996,0.23250000000000004,0.26750000000000007,0.29499999999999993,0.35,0.42999999999999994,0.49249999999999994,0.6275,0.685,0.7575,0.8,0.8425,0.885,0.935,1,0.48750000000000004,
RandomForest_SMOTE_run10.csv,0,0.11188164586222839,0.5975308641975309,0.18847352024922118,0.21087220562197465,0.8911066994851644,0.73403824895503,0.2429892189214184,0.6825,0.7375,0.8025,0.8325,0.855,0.8675,0.875,0.8875,0.92,0.93,0.945,0.9625,0.9725,0.975,0.98,0.99,0.9975,0.9975,1.0,0.9017105263157895,0.6825,0.7375,0.8025,0.8325,0.855,0.8675,0.875,0.8875,0.92,0.93,0.945,0.9625,0.9725,0.975,0.98,0.99,0.9975,0.9975,1.0,0.9057894736842106,0.6825,0.7375,0.8025,0.8325,0.855,0.8675,0.875,0.8875,0.92,0.93,0.945,0.9625,0.9725,0.975,0.98,0.99,0.9975,0.9975,1,0.9057894736842106,
NaiveBayes_run4.csv,52,0.05238828967642527,0.2518518518518518,0.08673469387755102,0.05001783966981885,0.9460038854801894,0.39844070214757327,0.09545089714776679,0.0625,0.1175,0.145,0.165,0.2,0.23,0.26,0.285,0.3425,0.4325,0.5075,0.615,0.68,0.7525,0.8125,0.845,0.8925,0.94,1.0,0.44986842105263153,0.0625,0.1175,0.145,0.165,0.2,0.23,0.26,0.285,0.3425,0.4325,0.5075,0.615,0.68,0.7525,0.8125,0.845,0.8925,0.94,1.0,0.4886842105263158,0.0625,0.11749999999999994,0.14500000000000002,0.16500000000000004,0.19999999999999996,0.22999999999999998,0.26,0.2849999999999999,0.3425,0.4325,0.5075,0.615,0.68,0.7525,0.8125,0.845,0.8925,0.94,1,0.4886842105263158,
RandomForest_CostSensitive_run1.csv,0,0.2935528120713306,0.528395061728395,0.37742504409171074,0.3858131946485274,0.9218652304512165,0.688295472881465,0.38571254037371044,0.685,0.8125,0.835,0.855,0.8725,0.8925,0.9,0.9075,0.9275,0.9375,0.955,0.9725,0.975,0.9775,0.99,0.9925,0.9975,0.9975,1.0,0.9114473684210526,0.685,0.8125,0.835,0.855,0.8725,0.8925,0.9,0.9075,0.9275,0.9375,0.955,0.9725,0.975,0.9775,0.99,0.9925,0.9975,0.9975,1.0,0.9201315789473683,0.685,0.8125,0.835,0.855,0.8725,0.8925,0.9,0.9075,0.9275,0.9375,0.955,0.9725,0.975,0.9775,0.99,0.9925,0.9975,0.9975,1,0.9201315789473683,
RandomForest_BestFirst_run10.csv,1,0.7083333333333334,0.08395061728395062,0.15011037527593818,0.6549111966639204,0.8933141371365798,0.15489324245647995,0.2417357860614936,0.395,0.47,0.5375,0.6,0.62,0.65,0.67,0.7025,0.735,0.755,0.8025,0.855,0.89,0.9175,0.94,0.9575,0.9825,0.9925,1.0,0.6613157894736842,0.395,0.47,0.5375,0.6,0.62,0.65,0.67,0.7025,0.735,0.755,0.8025,0.855,0.89,0.9175,0.94,0.9575,0.9825,0.9925,1.0,0.7617105263157895,0.395,0.47,0.5375,0.6,0.62,0.65,0.67,0.7025,0.735,0.755,0.8025,0.855,0.89,0.9175,0.94,0.9575,0.9825,0.9925,1,0.7617105263157895,
IBk_SMOTE_run4.csv,0,0.10658436213991769,0.6395061728395062,0.18271604938271604,0.1319968833332109,0.8945786366076219,0.7628220965491774,0.24500769749679785,0.6925,0.7625,0.81,0.8325,0.8375,0.8475,0.865,0.8825,0.895,0.9125,0.9425,0.9525,0.9575,0.9725,0.9825,0.9875,0.995,1.0,1.0,0.8903947368421052,0.6925,0.7625,0.81,0.8325,0.8375,0.8475,0.865,0.8825,0.895,0.9125,0.9425,0.9525,0.9575,0.9725,0.9825,0.9875,0.995,1.0,1.0,0.9014473684210527,0.6925,0.7625,0.81,0.8325,0.8375,0.8475,0.865,0.8825,0.895,0.9125,0.9425,0.9525,0.9575,0.9725,0.9825,0.9875,0.995,1.0,1,0.9014473684210527,
IBk_SMOTE_run6.csv,0,0.10733752620545073,0.6320987654320988,0.18351254480286738,0.1349444386511262,0.8962162496555369,0.7578687933474891,0.24447747256750946,0.695,0.765,0.8,0.815,0.83,0.8475,0.865,0.8775,0.9,0.9075,0.9325,0.945,0.9525,0.975,0.985,0.985,0.9925,0.9975,1.0,0.8873684210526316,0.695,0.765,0.8,0.815,0.83,0.8475,0.865,0.8775,0.9,0.9075,0.9325,0.945,0.9525,0.975,0.985,0.985,0.9925,0.9975,1.0,0.8982894736842105,0.695,0.765,0.8,0.815,0.83,0.8475,0.865,0.8775,0.9,0.9075,0.9325,0.945,0.9525,0.975,0.985,0.985,0.9925,0.9975,1,0.8982894736842105,
IBk_SMOTE_run10.csv,0,0.11092003439380911,0.6370370370370371,0.18894177956792385,0.13287238129558576,0.8967418955119517,0.7619066095662652,0.2501373902074012,0.67,0.73,0.805,0.8225,0.8375,0.845,0.86,0.8675,0.89,0.8975,0.9175,0.93,0.9525,0.965,0.9775,0.98,0.9875,0.995,1.0,0.8831578947368421,0.67,0.73,0.805,0.8225,0.8375,0.845,0.86,0.8675,0.89,0.8975,0.9175,0.93,0.9525,0.965,0.9775,0.98,0.9875,0.995,1.0,0.8910526315789473,0.67,0.73,0.805,0.8225,0.8375,0.845,0.86,0.8675,0.89,0.8975,0.9175,0.93,0.9525,0.965,0.9775,0.98,0.9875,0.995,1,0.8910526315789473,
NaiveBayes_run6.csv,57,0.051504334523202445,0.24938271604938272,0.08537616229923922,0.04970279060544281,0.9457753682551641,0.3953117502904248,0.09380621273531523,0.0625,0.115,0.14,0.17,0.205,0.23,0.2575,0.295,0.3475,0.425,0.515,0.6225,0.69,0.755,0.7975,0.84,0.8825,0.945,1.0,0.4522368421052632,0.0625,0.115,0.14,0.17,0.205,0.23,0.2575,0.295,0.3475,0.425,0.515,0.6225,0.69,0.755,0.7975,0.84,0.8825,0.945,1.0,0.4892105263157895,0.0625,0.11499999999999999,0.14,0.17000000000000004,0.20499999999999996,0.22999999999999998,0.25750000000000006,0.29499999999999993,0.3474999999999999,0.42500000000000004,0.515,0.6225,0.69,0.755,0.7975,0.84,0.8825,0.945,1,0.4892105263157895,
RandomForest_CostSensitive_run3.csv,0,0.2935656836461126,0.5407407407407407,0.3805386620330148,0.38929340383747013,0.9254544568357395,0.6986088335613918,0.39028633708732635,0.69,0.805,0.8275,0.8475,0.88,0.8925,0.9,0.905,0.925,0.935,0.95,0.965,0.9775,0.9775,0.985,0.99,0.995,0.995,1.0,0.9113157894736841,0.69,0.805,0.8275,0.8475,0.88,0.8925,0.9,0.905,0.925,0.935,0.95,0.965,0.9775,0.9775,0.985,0.99,0.995,0.995,1.0,0.9180263157894736,0.69,0.805,0.8275,0.8475,0.88,0.8925,0.9,0.905,0.925,0.935,0.95,0.965,0.9775,0.9775,0.985,0.99,0.995,0.995,1,0.9180263157894736,
IBk_run8.csv,0,0.6254416961130742,0.43703703703703706,0.5145348837209303,0.49271349536083625,0.9742401036794583,0.6077502618472997,0.5188109700791511,0.71,0.765,0.8025,0.8125,0.82,0.835,0.8525,0.865,0.89,0.895,0.925,0.935,0.9425,0.9625,0.98,0.9875,0.99,0.9975,1.0,0.8872368421052631,0.71,0.765,0.8025,0.8125,0.82,0.835,0.8525,0.865,0.89,0.895,0.925,0.935,0.9425,0.9625,0.98,0.9875,0.99,0.9975,1.0,0.8930263157894738,0.71,0.765,0.8025,0.8125,0.82,0.835,0.8525,0.865,0.89,0.895,0.925,0.935,0.9425,0.9625,0.98,0.9875,0.99,0.9975,1,0.8930263157894738,
IBk_BestFirst_run9.csv,0,0.6779661016949152,0.09876543209876543,0.1724137931034483,0.5755483148671572,0.8918279315910537,0.1797675072904668,0.25638569261234584,0.4225,0.5075,0.5625,0.6075,0.635,0.655,0.675,0.705,0.7275,0.7525,0.8075,0.8575,0.8975,0.9075,0.935,0.94,0.9675,0.9925,1.0,0.6714473684210528,0.4225,0.5075,0.5625,0.6075,0.635,0.655,0.675,0.705,0.7275,0.7525,0.8075,0.8575,0.8975,0.9075,0.935,0.94,0.9675,0.9925,1.0,0.7660526315789473,0.4225,0.5075,0.5625,0.6075,0.635,0.655,0.675,0.705,0.7275,0.7525,0.8075,0.8575,0.8975,0.9075,0.935,0.94,0.9675,0.9925,1,0.7660526315789473,
IBk_BestFirst_run8.csv,0,0.711864406779661,0.1037037037037037,0.1810344827586207,0.5704720663335695,0.8909204863786359,0.187911863661457,0.2693997280996791,0.415,0.4775,0.5425,0.5975,0.625,0.65,0.68,0.705,0.74,0.755,0.8025,0.845,0.9025,0.91,0.935,0.955,0.9675,0.9925,1.0,0.6680263157894736,0.415,0.4775,0.5425,0.5975,0.625,0.65,0.68,0.705,0.74,0.755,0.8025,0.845,0.9025,0.91,0.935,0.955,0.9675,0.9925,1.0,0.7630263157894737,0.41500000000000004,0.47750000000000004,0.5425,0.5975,0.625,0.65,0.68,0.705,0.74,0.755,0.8025,0.845,0.9025,0.91,0.935,0.955,0.9675,0.9925,1,0.7630263157894737,
IBk_run9.csv,0,0.6086956521739131,0.4148148148148148,0.4933920704845815,0.47978367107342507,0.9730375294394799,0.5859166178344405,0.49836604140660234,0.6975,0.75,0.785,0.7975,0.8125,0.835,0.8425,0.8575,0.875,0.895,0.92,0.9275,0.945,0.965,0.9825,0.9875,0.995,0.9975,1.0,0.8860526315789474,0.6975,0.75,0.785,0.7975,0.8125,0.835,0.8425,0.8575,0.875,0.895,0.92,0.9275,0.945,0.965,0.9825,0.9875,0.995,0.9975,1.0,0.8877631578947368,0.6975,0.75,0.785,0.7975,0.8125,0.835,0.8425,0.8575,0.875,0.895,0.92,0.9275,0.945,0.965,0.9825,0.9875,0.995,0.9975,1,0.8877631578947368,
RandomForest_CostSensitive_run2.csv,0,0.2930800542740841,0.5333333333333333,0.37828371278458844,0.389273394451255,0.9229437667662096,0.6924341320322706,0.3872157459710254,0.6975,0.81,0.8375,0.85,0.8675,0.88,0.8875,0.905,0.92,0.93,0.9475,0.965,0.9725,0.975,0.985,0.9925,0.9975,1.0,1.0,0.9098684210526317,0.6975,0.81,0.8375,0.85,0.8675,0.88,0.8875,0.905,0.92,0.93,0.9475,0.965,0.9725,0.975,0.985,0.9925,0.9975,1.0,1.0,0.916842105263158,0.6975,0.81,0.8375,0.85,0.8675,0.88,0.8875,0.905,0.92,0.93,0.9475,0.965,0.9725,0.975,0.985,0.9925,0.9975,1.0,1,0.916842105263158,
NaiveBayes_run7.csv,54,0.052361396303901436,0.2518518518518518,0.08669783255418614,0.049675343574361826,0.9457317518966557,0.39843849165362083,0.0954158793547305,0.055,0.115,0.135,0.165,0.2,0.23,0.2625,0.29,0.34,0.425,0.5125,0.6225,0.69,0.75,0.8,0.8425,0.895,0.9325,1.0,0.4493421052631579,0.055,0.115,0.135,0.165,0.2,0.23,0.2625,0.29,0.34,0.425,0.5125,0.6225,0.69,0.75,0.8,0.8425,0.895,0.9325,1.0,0.4875,0.05500000000000005,0.11499999999999999,0.135,0.16500000000000004,0.19999999999999996,0.22999999999999998,0.26249999999999996,0.29000000000000004,0.3400000000000001,0.42500000000000004,0.5125,0.6225,0.69,0.75,0.8,0.8425,0.895,0.9325,1,0.4875,
IBk_SMOTE_run7.csv,0,0.11388053287494629,0.654320987654321,0.19399707174231332,0.13792972930719538,0.8993818099788979,0.7741858485050471,0.2575445602283305,0.685,0.7475,0.8,0.825,0.845,0.855,0.875,0.885,0.8975,0.9025,0.92,0.94,0.95,0.965,0.9725,0.98,0.9875,0.99,1.0,0.8871052631578947,0.685,0.7475,0.8,0.825,0.845,0.855,0.875,0.885,0.8975,0.9025,0.92,0.94,0.95,0.965,0.9725,0.98,0.9875,0.99,1.0,0.895921052631579,0.685,0.7475,0.8,0.825,0.845,0.855,0.875,0.885,0.8975,0.9025,0.92,0.94,0.95,0.965,0.9725,0.98,0.9875,0.99,1,0.895921052631579,
RandomForest_run3.csv,0,0.8100558659217877,0.35802469135802467,0.4965753424657534,0.6683957768244286,0.9688241142223696,0.5271530411488964,0.5357109562905541,0.7425,0.785,0.8425,0.86,0.875,0.88,0.8925,0.915,0.92,0.935,0.9475,0.965,0.9725,0.975,0.9825,0.9925,0.9925,0.9975,1.0,0.8964473684210525,0.7425,0.785,0.8425,0.86,0.875,0.88,0.8925,0.915,0.92,0.935,0.9475,0.965,0.9725,0.975,0.9825,0.9925,0.9925,0.9975,1.0,0.9196052631578947,0.7425,0.785,0.8425,0.86,0.875,0.88,0.8925,0.915,0.92,0.935,0.9475,0.965,0.9725,0.975,0.9825,0.9925,0.9925,0.9975,1,0.9196052631578947,
IBk_run4.csv,0,0.6148409893992933,0.42962962962962964,0.5058139534883721,0.48535645330420196,0.9734366378661229,0.6005370566881346,0.5098725703811819,0.7075,0.76,0.795,0.805,0.8125,0.8325,0.85,0.865,0.8825,0.905,0.9275,0.9425,0.9475,0.9675,0.98,0.9875,0.995,1.0,1.0,0.8857894736842105,0.7075,0.76,0.795,0.805,0.8125,0.8325,0.85,0.865,0.8825,0.905,0.9275,0.9425,0.9475,0.9675,0.98,0.9875,0.995,1.0,1.0,0.8927631578947368,0.7075,0.76,0.795,0.805,0.8125,0.8325,0.85,0.865,0.8825,0.905,0.9275,0.9425,0.9475,0.9675,0.98,0.9875,0.995,1.0,1,0.8927631578947368,
IBk_BestFirst_run5.csv,0,0.7090909090909091,0.0962962962962963,0.16956521739130434,0.57115029185515,0.8949584363597963,0.17566942506147884,0.25906621527703083,0.4275,0.4825,0.5475,0.5975,0.6175,0.64,0.67,0.7075,0.74,0.7625,0.8175,0.8575,0.9075,0.915,0.935,0.955,0.9725,0.9925,1.0,0.6760526315789473,0.4275,0.4825,0.5475,0.5975,0.6175,0.64,0.67,0.7075,0.74,0.7625,0.8175,0.8575,0.9075,0.915,0.935,0.955,0.9725,0.9925,1.0,0.7655263157894737,0.4275,0.48249999999999993,0.5475,0.5975,0.6175,0.64,0.67,0.7075,0.74,0.7625,0.8175,0.8575,0.9075,0.915,0.935,0.955,0.9725,0.9925,1,0.7655263157894737,
IBk_BestFirst_run4.csv,0,0.7169811320754716,0.09382716049382717,0.16593886462882096,0.5711444641004457,0.8927754938552799,0.1715519737634273,0.25717672088481347,0.405,0.485,0.545,0.605,0.63,0.655,0.6825,0.7175,0.7525,0.775,0.8325,0.86,0.905,0.9125,0.94,0.96,0.98,0.9925,1.0,0.6776315789473685,0.405,0.485,0.545,0.605,0.63,0.655,0.6825,0.7175,0.7525,0.775,0.8325,0.86,0.905,0.9125,0.94,0.96,0.98,0.9925,1.0,0.7702631578947369,0.405,0.485,0.545,0.605,0.63,0.655,0.6825,0.7175,0.7525,0.775,0.8325,0.86,0.905,0.9125,0.94,0.96,0.98,0.9925,1,0.7702631578947369,
IBk_run5.csv,0,0.6313868613138686,0.4271604938271605,0.5095729013254786,0.48646747980091204,0.9727962647400483,0.5981571253889618,0.5153687080938947,0.705,0.7575,0.8,0.8125,0.8275,0.845,0.8575,0.8725,0.895,0.9075,0.93,0.9375,0.9425,0.965,0.98,0.9875,0.9925,0.9975,1.0,0.8876315789473685,0.705,0.7575,0.8,0.8125,0.8275,0.845,0.8575,0.8725,0.895,0.9075,0.93,0.9375,0.9425,0.965,0.98,0.9875,0.9925,0.9975,1.0,0.8953947368421055,0.705,0.7575,0.8,0.8125,0.8275,0.845,0.8575,0.8725,0.895,0.9075,0.93,0.9375,0.9425,0.965,0.98,0.9875,0.9925,0.9975,1,0.8953947368421055,
RandomForest_run2.csv,0,0.8011049723756906,0.35802469135802467,0.4948805460750853,0.6722299082692531,0.9690108897174747,0.5271459960622742,0.5326809131928611,0.745,0.775,0.83,0.8575,0.8675,0.8775,0.895,0.92,0.9225,0.9425,0.9625,0.97,0.9725,0.975,0.99,0.9975,1.0,1.0,1.0,0.8997368421052633,0.745,0.775,0.83,0.8575,0.8675,0.8775,0.895,0.92,0.9225,0.9425,0.9625,0.97,0.9725,0.975,0.99,0.9975,1.0,1.0,1.0,0.9210526315789473,0.745,0.775,0.83,0.8575,0.8675,0.8775,0.895,0.92,0.9225,0.9425,0.9625,0.97,0.9725,0.975,0.99,0.9975,1.0,1.0,1,0.9210526315789473,
IBk_SMOTE_run9.csv,0,0.11144839549002603,0.6345679012345679,0.18959793434157138,0.13315949446282171,0.898638707206135,0.7602924982735799,0.25029891987820996,0.695,0.7575,0.8075,0.825,0.835,0.8525,0.865,0.8775,0.895,0.9075,0.935,0.9425,0.9525,0.97,0.985,0.99,0.9975,1.0,1.0,0.8911842105263157,0.695,0.7575,0.8075,0.825,0.835,0.8525,0.865,0.8775,0.895,0.9075,0.935,0.9425,0.9525,0.97,0.985,0.99,0.9975,1.0,1.0,0.8994736842105265,0.695,0.7575,0.8075,0.825,0.835,0.8525,0.865,0.8775,0.895,0.9075,0.935,0.9425,0.9525,0.97,0.985,0.99,0.9975,1.0,1,0.8994736842105265,
RandomForest_run10.csv,0,0.7840909090909091,0.34074074074074073,0.4750430292598967,0.639121927380642,0.9677447030807022,0.5081629751847793,0.5139406362906391,0.735,0.7625,0.8175,0.8475,0.86,0.865,0.875,0.9,0.91,0.9275,0.95,0.965,0.9675,0.97,0.98,0.99,0.99,0.9925,1.0,0.8909210526315791,0.735,0.7625,0.8175,0.8475,0.86,0.865,0.875,0.9,0.91,0.9275,0.95,0.965,0.9675,0.97,0.98,0.99,0.99,0.9925,1.0,0.9107894736842105,0.735,0.7625,0.8175,0.8475,0.86,0.865,0.875,0.9,0.91,0.9275,0.95,0.965,0.9675,0.97,0.98,0.99,0.99,0.9925,1,0.9107894736842105,
NaiveBayes_run9.csv,58,0.0508646998982706,0.24691358024691357,0.08435259384226065,0.04961410723750761,0.9459480840358504,0.39219036150100733,0.09247920854501153,0.06265664160401002,0.12030075187969924,0.14035087719298245,0.16541353383458646,0.20300751879699247,0.23057644110275688,0.2581453634085213,0.2882205513784461,0.3508771929824561,0.43107769423558895,0.506265664160401,0.6215538847117794,0.7017543859649122,0.7543859649122807,0.7944862155388471,0.8421052631578947,0.8897243107769424,0.9448621553884712,1.0,0.4507894736842106,0.06265664160401002,0.12030075187969924,0.14035087719298245,0.16541353383458646,0.20300751879699247,0.23057644110275688,0.2581453634085213,0.2882205513784461,0.3508771929824561,0.43107769423558895,0.506265664160401,0.6215538847117794,0.7017543859649122,0.7543859649122807,0.7944862155388471,0.8421052631578947,0.8897243107769424,0.9448621553884712,1.0,0.43605263157894747,0.0625,0.12,0.14,0.16500000000000004,0.2024999999999999,0.22999999999999998,0.25750000000000006,0.2875000000000001,0.35,0.43000000000000005,0.505,0.62,0.7,0.7525000000000001,0.7925000000000001,0.84,0.8875000000000001,0.9425,0.0,0.4897770742646089,
IBk_run7.csv,0,0.6286764705882353,0.4222222222222222,0.5051698670605613,0.49900373372762713,0.9730622745368572,0.5932986339855273,0.5112311985681355,0.6875,0.74,0.775,0.79,0.815,0.8325,0.8525,0.8625,0.8775,0.8875,0.9125,0.9275,0.9375,0.9625,0.975,0.98,0.9875,0.99,1.0,0.8755263157894736,0.6875,0.74,0.775,0.79,0.815,0.8325,0.8525,0.8625,0.8775,0.8875,0.9125,0.9275,0.9375,0.9625,0.975,0.98,0.9875,0.99,1.0,0.8838157894736842,0.6875,0.74,0.775,0.79,0.815,0.8325,0.8525,0.8625,0.8775,0.8875,0.9125,0.9275,0.9375,0.9625,0.975,0.98,0.9875,0.99,1,0.8838157894736842,
IBk_BestFirst_run6.csv,0,0.703125,0.1111111111111111,0.19189765458422176,0.5705493378145691,0.8943123768603344,0.19999037899176894,0.2771057793353391,0.45,0.51,0.565,0.625,0.65,0.67,0.6925,0.715,0.75,0.7725,0.825,0.86,0.89,0.9125,0.9325,0.9625,0.9825,0.995,1.0,0.6890789473684211,0.45,0.51,0.565,0.625,0.65,0.67,0.6925,0.715,0.75,0.7725,0.825,0.86,0.89,0.9125,0.9325,0.9625,0.9825,0.995,1.0,0.7768421052631578,0.44999999999999996,0.51,0.565,0.625,0.65,0.67,0.6925,0.715,0.75,0.7725,0.825,0.86,0.89,0.9125,0.9325,0.9625,0.9825,0.995,1,0.7768421052631578,
IBk_BestFirst_run7.csv,0,0.6730769230769231,0.08641975308641975,0.15317286652078774,0.5588720801876794,0.8916036010365448,0.1590854624257916,0.2389131825726966,0.4225,0.4775,0.5475,0.5975,0.6275,0.6475,0.67,0.7025,0.7325,0.755,0.81,0.845,0.9025,0.9125,0.935,0.9575,0.9725,0.9925,1.0,0.6681578947368422,0.4225,0.4775,0.5475,0.5975,0.6275,0.6475,0.67,0.7025,0.7325,0.755,0.81,0.845,0.9025,0.9125,0.935,0.9575,0.9725,0.9925,1.0,0.7635526315789474,0.4225,0.47750000000000004,0.5475,0.5975,0.6275,0.6475,0.67,0.7025,0.7325,0.755,0.81,0.845,0.9025,0.9125,0.935,0.9575,0.9725,0.9925,1,0.7635526315789474,
IBk_run6.csv,0,0.6134751773049646,0.4271604938271605,0.5036390101892285,0.4923592874486722,0.9725120085583044,0.5981207150865497,0.507814931021049,0.6975,0.7525,0.7775,0.7925,0.81,0.83,0.8425,0.8575,0.88,0.8975,0.92,0.935,0.9475,0.975,0.985,0.9875,0.9925,0.9975,1.0,0.8856578947368421,0.6975,0.7525,0.7775,0.7925,0.81,0.83,0.8425,0.8575,0.88,0.8975,0.92,0.935,0.9475,0.975,0.985,0.9875,0.9925,0.9975,1.0,0.8882894736842104,0.6975,0.7525,0.7775,0.7925,0.81,0.83,0.8425,0.8575,0.88,0.8975,0.92,0.935,0.9475,0.975,0.985,0.9875,0.9925,0.9975,1,0.8882894736842104,
NaiveBayes_run8.csv,52,0.051387461459403906,0.24691358024691357,0.08507018290089324,0.049681800630044126,0.9457992385258669,0.39223322403256317,0.09316428352109468,0.05513784461152882,0.11779448621553884,0.14035087719298245,0.16040100250626566,0.19799498746867167,0.23809523809523808,0.2631578947368421,0.2932330827067669,0.3508771929824561,0.42606516290726815,0.5087719298245614,0.6265664160401002,0.7017543859649122,0.7644110275689223,0.8045112781954887,0.8320802005012531,0.8972431077694235,0.9423558897243107,1.0,0.45197368421052636,0.05513784461152882,0.11779448621553884,0.14035087719298245,0.16040100250626566,0.19799498746867167,0.23809523809523808,0.2631578947368421,0.2932330827067669,0.3508771929824561,0.42606516290726815,0.5087719298245614,0.6265664160401002,0.7017543859649122,0.7644110275689223,0.8045112781954887,0.8320802005012531,0.8972431077694235,0.9423558897243107,1.0,0.4368421052631579,0.05500000000000005,0.11750000000000005,0.14,0.16000000000000003,0.1975,0.23750000000000004,0.26249999999999996,0.2925,0.35,0.42500000000000004,0.5075000000000001,0.625,0.7,0.7625000000000001,0.8025,0.83,0.895,0.94,0.0,0.4905685265796069,
RandomForest_run1.csv,0,0.8068181818181818,0.3506172839506173,0.48881239242685026,0.6662453335126076,0.9683288998367195,0.5190795646818938,0.5290327468509518,0.75,0.78,0.8325,0.86,0.8625,0.8725,0.8925,0.92,0.925,0.9425,0.9575,0.97,0.9775,0.98,0.9875,0.995,0.9975,1.0,1.0,0.896578947368421,0.75,0.78,0.8325,0.86,0.8625,0.8725,0.8925,0.92,0.925,0.9425,0.9575,0.97,0.9775,0.98,0.9875,0.995,0.9975,1.0,1.0,0.9211842105263158,0.75,0.78,0.8325,0.86,0.8625,0.8725,0.8925,0.92,0.925,0.9425,0.9575,0.97,0.9775,0.98,0.9875,0.995,0.9975,1.0,1,0.9211842105263158,
IBk_SMOTE_run8.csv,0,0.10990913024664647,0.6271604938271605,0.187039764359352,0.1329046837541532,0.8980977518829084,0.7548866189668033,0.24677919715376007,0.6875,0.75,0.81,0.83,0.8375,0.8475,0.86,0.88,0.8925,0.905,0.935,0.945,0.9525,0.965,0.98,0.9875,0.99,0.9975,1.0,0.8909210526315791,0.6875,0.75,0.81,0.83,0.8375,0.8475,0.86,0.88,0.8925,0.905,0.935,0.945,0.9525,0.965,0.98,0.9875,0.99,0.9975,1.0,0.8975000000000001,0.6875,0.75,0.81,0.83,0.8375,0.8475,0.86,0.88,0.8925,0.905,0.935,0.945,0.9525,0.965,0.98,0.9875,0.99,0.9975,1,0.8975000000000001,
IBk_CostSensitive_run10.csv,0,0.2845953002610966,0.5382716049382716,0.37233134073441504,0.27868912290421866,0.8977396353347491,0.6964123636693357,0.38306401374003657,0.6775,0.7425,0.78,0.795,0.81,0.82,0.84,0.8525,0.8725,0.8875,0.91,0.92,0.9425,0.965,0.9775,0.98,0.9875,0.995,1.0,0.8744736842105264,0.6775,0.7425,0.78,0.795,0.81,0.82,0.84,0.8525,0.8725,0.8875,0.91,0.92,0.9425,0.965,0.9775,0.98,0.9875,0.995,1.0,0.881842105263158,0.6775,0.7425,0.78,0.795,0.81,0.82,0.84,0.8525,0.8725,0.8875,0.91,0.92,0.9425,0.965,0.9775,0.98,0.9875,0.995,1,0.881842105263158,
RandomForest_run5.csv,0,0.7849462365591398,0.36049382716049383,0.494077834179357,0.6645717195957734,0.9695217884956542,0.5298032994463048,0.5289899696434346,0.7575,0.795,0.8525,0.865,0.8775,0.8875,0.8975,0.9175,0.9275,0.94,0.955,0.9625,0.9675,0.97,0.98,0.99,0.99,0.9975,1.0,0.899078947368421,0.7575,0.795,0.8525,0.865,0.8775,0.8875,0.8975,0.9175,0.9275,0.94,0.955,0.9625,0.9675,0.97,0.98,0.99,0.99,0.9975,1.0,0.9226315789473685,0.7575,0.795,0.8525,0.865,0.8775,0.8875,0.8975,0.9175,0.9275,0.94,0.955,0.9625,0.9675,0.97,0.98,0.99,0.99,0.9975,1,0.9226315789473685,
IBk_run2.csv,0,0.6268115942028986,0.4271604938271605,0.5080763582966226,0.4918882704852855,0.9726593543654164,0.5981480237836133,0.5134497749203483,0.7,0.7525,0.7875,0.8025,0.82,0.8325,0.85,0.865,0.885,0.8975,0.9225,0.935,0.9425,0.97,0.98,0.9875,0.9925,0.9975,1.0,0.8819736842105264,0.7,0.7525,0.7875,0.8025,0.82,0.8325,0.85,0.865,0.885,0.8975,0.9225,0.935,0.9425,0.97,0.98,0.9875,0.9925,0.9975,1.0,0.8905263157894737,0.7,0.7525,0.7875,0.8025,0.82,0.8325,0.85,0.865,0.885,0.8975,0.9225,0.935,0.9425,0.97,0.98,0.9875,0.9925,0.9975,1,0.8905263157894737,
RandomForest_CostSensitive_run9.csv,0,0.2901484480431849,0.5308641975308642,0.37521815008726006,0.38951654608223696,0.9243541123414923,0.6903187684908578,0.38426174580948086,0.6975,0.8075,0.8275,0.8575,0.87,0.8875,0.895,0.915,0.92,0.9325,0.95,0.9675,0.97,0.975,0.9825,0.9875,0.9925,0.9975,1.0,0.913815789473684,0.6975,0.8075,0.8275,0.8575,0.87,0.8875,0.895,0.915,0.92,0.9325,0.95,0.9675,0.97,0.975,0.9825,0.9875,0.9925,0.9975,1.0,0.9174999999999999,0.6975,0.8075,0.8275,0.8575,0.87,0.8875,0.895,0.915,0.92,0.9325,0.95,0.9675,0.97,0.975,0.9825,0.9875,0.9925,0.9975,1,0.9174999999999999,
IBk_BestFirst_run3.csv,0,0.6785714285714286,0.09382716049382717,0.1648590021691974,0.5444772961943681,0.888764975939142,0.17155085563510764,0.24999937715072176,0.415,0.47,0.5425,0.595,0.6225,0.645,0.6725,0.7025,0.73,0.7475,0.805,0.855,0.9025,0.9075,0.93,0.95,0.975,0.9975,1.0,0.6613157894736843,0.415,0.47,0.5425,0.595,0.6225,0.645,0.6725,0.7025,0.73,0.7475,0.805,0.855,0.9025,0.9075,0.93,0.95,0.975,0.9975,1.0,0.7613157894736842,0.41500000000000004,0.47,0.5425,0.595,0.6225,0.645,0.6725,0.7025,0.73,0.7475,0.805,0.855,0.9025,0.9075,0.93,0.95,0.975,0.9975,1,0.7613157894736842,
NaiveBayes_CostSensitive_run10.csv,63,0.049404499338332596,0.2765432098765432,0.08383233532934131,0.04772017413041815,0.9324994360492327,0.42792144779574387,0.09612738099384845,0.0925,0.1175,0.1625,0.1925,0.2225,0.2525,0.2875,0.3125,0.3475,0.4175,0.5075,0.62,0.69,0.7475,0.8075,0.84,0.8925,0.94,1.0,0.4489473684210526,0.0925,0.1175,0.1625,0.1925,0.2225,0.2525,0.2875,0.3125,0.3475,0.4175,0.5075,0.62,0.69,0.7475,0.8075,0.84,0.8925,0.94,1.0,0.4973684210526316,0.09250000000000003,0.11749999999999994,0.16249999999999998,0.1925,0.22250000000000003,0.25249999999999995,0.2875,0.3125,0.3474999999999999,0.4175,0.5075,0.62,0.69,0.7475,0.8075,0.84,0.8925,0.94,1,0.4973684210526316,
IBk_BestFirst_run2.csv,0,0.6851851851851852,0.09135802469135802,0.16122004357298475,0.5661739828944042,0.8938082267450761,0.1674147825249682,0.24791734734634246,0.4175,0.4875,0.56,0.615,0.6325,0.65,0.68,0.7125,0.745,0.77,0.8225,0.8575,0.905,0.9175,0.94,0.955,0.98,0.9925,1.0,0.6771052631578947,0.4175,0.4875,0.56,0.615,0.6325,0.65,0.68,0.7125,0.745,0.77,0.8225,0.8575,0.905,0.9175,0.94,0.955,0.98,0.9925,1.0,0.7705263157894736,0.4175,0.48750000000000004,0.56,0.615,0.6325,0.65,0.68,0.7125,0.745,0.77,0.8225,0.8575,0.905,0.9175,0.94,0.955,0.98,0.9925,1,0.7705263157894736,
RandomForest_CostSensitive_run8.csv,0,0.29442282749675747,0.5604938271604938,0.38605442176870747,0.39665784229649714,0.9280674391386203,0.7147706286808362,0.3980991028208805,0.705,0.8225,0.8425,0.86,0.88,0.8925,0.9075,0.9225,0.9325,0.9425,0.96,0.98,0.985,0.9875,0.9975,1.0,1.0,1.0,1.0,0.9213157894736843,0.705,0.8225,0.8425,0.86,0.88,0.8925,0.9075,0.9225,0.9325,0.9425,0.96,0.98,0.985,0.9875,0.9975,1.0,1.0,1.0,1.0,0.9272368421052631,0.705,0.8225,0.8425,0.86,0.88,0.8925,0.9075,0.9225,0.9325,0.9425,0.96,0.98,0.985,0.9875,0.9975,1.0,1.0,1.0,1,0.9272368421052631,
IBk_run3.csv,0,0.6353383458646616,0.41728395061728396,0.503725782414307,0.49913987881380817,0.9730226573860052,0.5884238370080124,0.5109676507744844,0.6975,0.75,0.7775,0.8,0.815,0.835,0.8525,0.8725,0.8875,0.8975,0.9275,0.94,0.9475,0.9675,0.9825,0.9875,0.995,1.0,1.0,0.8857894736842105,0.6975,0.75,0.7775,0.8,0.815,0.835,0.8525,0.8725,0.8875,0.8975,0.9275,0.94,0.9475,0.9675,0.9825,0.9875,0.995,1.0,1.0,0.8911842105263157,0.6975,0.75,0.7775,0.8,0.815,0.835,0.8525,0.8725,0.8875,0.8975,0.9275,0.94,0.9475,0.9675,0.9825,0.9875,0.995,1.0,1,0.8911842105263157,
RandomForest_run4.csv,0,0.8064516129032258,0.37037037037037035,0.5076142131979695,0.6760595193494718,0.9697010029887833,0.5404073519930241,0.5436726209360447,0.75,0.795,0.8475,0.8625,0.8775,0.8825,0.8875,0.91,0.915,0.9325,0.955,0.9675,0.9725,0.975,0.9875,0.9925,0.995,1.0,1.0,0.8981578947368419,0.75,0.795,0.8475,0.8625,0.8775,0.8825,0.8875,0.91,0.915,0.9325,0.955,0.9675,0.9725,0.975,0.9875,0.9925,0.995,1.0,1.0,0.9213157894736842,0.75,0.795,0.8475,0.8625,0.8775,0.8825,0.8875,0.91,0.915,0.9325,0.955,0.9675,0.9725,0.975,0.9875,0.9925,0.995,1.0,1,0.9213157894736842,
RandomForest_run6.csv,0,0.8248587570621468,0.36049382716049383,0.5017182130584192,0.6760959441996648,0.9696200815213492,0.5298353250848278,0.5425542590704926,0.7375,0.79,0.845,0.8575,0.8625,0.88,0.895,0.9175,0.92,0.935,0.9575,0.9675,0.975,0.9775,0.99,0.995,1.0,1.0,1.0,0.900921052631579,0.7375,0.79,0.845,0.8575,0.8625,0.88,0.895,0.9175,0.92,0.935,0.9575,0.9675,0.975,0.9775,0.99,0.995,1.0,1.0,1.0,0.9211842105263157,0.7375,0.79,0.845,0.8575,0.8625,0.88,0.895,0.9175,0.92,0.935,0.9575,0.9675,0.975,0.9775,0.99,0.995,1.0,1.0,1,0.9211842105263157,
IBk_run1.csv,0,0.5977859778597786,0.4,0.47928994082840237,0.4873932778696348,0.9724681422493165,0.5709773123277052,0.48479967191829165,0.69,0.7425,0.7875,0.8025,0.81,0.8375,0.8625,0.875,0.89,0.9,0.925,0.935,0.9425,0.965,0.98,0.9875,0.995,1.0,1.0,0.8796052631578947,0.69,0.7425,0.7875,0.8025,0.81,0.8375,0.8625,0.875,0.89,0.9,0.925,0.935,0.9425,0.965,0.98,0.9875,0.995,1.0,1.0,0.8909210526315791,0.69,0.7425,0.7875,0.8025,0.81,0.8375,0.8625,0.875,0.89,0.9,0.925,0.935,0.9425,0.965,0.98,0.9875,0.995,1.0,1,0.8909210526315791,
IBk_BestFirst_run1.csv,0,0.7058823529411765,0.08888888888888889,0.15789473684210525,0.5563140129291578,0.8923115232794505,0.1632602449688997,0.2483101588373719,0.41,0.47,0.545,0.605,0.6225,0.6375,0.68,0.6975,0.74,0.7675,0.8025,0.855,0.91,0.92,0.9425,0.9625,0.9775,0.99,1.0,0.6719736842105263,0.41,0.47,0.545,0.605,0.6225,0.6375,0.68,0.6975,0.74,0.7675,0.8025,0.855,0.91,0.92,0.9425,0.9625,0.9775,0.99,1.0,0.7650000000000001,0.4099999999999999,0.47,0.545,0.605,0.6225,0.6375,0.68,0.6975,0.74,0.7675,0.8025,0.855,0.91,0.92,0.9425,0.9625,0.9775,0.99,1,0.7650000000000001,
RandomForest_run7.csv,0,0.7914438502673797,0.3654320987654321,0.5,0.6787992531363657,0.9693909394201274,0.535120714496937,0.5348649216986662,0.735,0.7675,0.835,0.8575,0.8625,0.8725,0.8825,0.91,0.925,0.9375,0.955,0.9675,0.975,0.98,0.9875,0.995,0.995,1.0,1.0,0.8986842105263155,0.735,0.7675,0.835,0.8575,0.8625,0.8725,0.8825,0.91,0.925,0.9375,0.955,0.9675,0.975,0.98,0.9875,0.995,0.995,1.0,1.0,0.9178947368421051,0.735,0.7675,0.835,0.8575,0.8625,0.8725,0.8825,0.91,0.925,0.9375,0.955,0.9675,0.975,0.98,0.9875,0.995,0.995,1.0,1,0.9178947368421051,
IBk_CostSensitive_run2.csv,0,0.2828282828282828,0.5530864197530864,0.3742690058479532,0.28296765730878976,0.901123339938275,0.7085615465654895,0.3871315851867374,0.69,0.7525,0.7875,0.8025,0.8175,0.8325,0.85,0.8625,0.885,0.9,0.9225,0.935,0.9425,0.97,0.9825,0.9875,0.9925,0.9975,1.0,0.8796052631578947,0.69,0.7525,0.7875,0.8025,0.8175,0.8325,0.85,0.8625,0.885,0.9,0.9225,0.935,0.9425,0.97,0.9825,0.9875,0.9925,0.9975,1.0,0.89,0.69,0.7525,0.7875,0.8025,0.8175,0.8325,0.85,0.8625,0.885,0.9,0.9225,0.935,0.9425,0.97,0.9825,0.9875,0.9925,0.9975,1,0.89,
IBk_BestFirst_run10.csv,1,0.7142857142857143,0.08641975308641975,0.15418502202643172,0.5833663607482225,0.8910464614198313,0.15908642391555128,0.24632624510341256,0.3975,0.465,0.5375,0.595,0.615,0.6375,0.67,0.7,0.735,0.75,0.8025,0.8525,0.905,0.915,0.935,0.9575,0.9675,0.995,1.0,0.659342105263158,0.3975,0.465,0.5375,0.595,0.615,0.6375,0.67,0.7,0.735,0.75,0.8025,0.8525,0.905,0.915,0.935,0.9575,0.9675,0.995,1.0,0.7596052631578947,0.39749999999999996,0.4650000000000001,0.5375,0.595,0.615,0.6375,0.67,0.7,0.735,0.75,0.8025,0.8525,0.905,0.915,0.935,0.9575,0.9675,0.995,1,0.7596052631578947,
NaiveBayes_CostSensitive_run2.csv,60,0.04862953138815208,0.2716049382716049,0.0824896887889014,0.04732269148899523,0.932566297802248,0.42199284839679335,0.09411961468321674,0.0925,0.1225,0.165,0.1875,0.215,0.255,0.28,0.31,0.35,0.42,0.5075,0.62,0.69,0.745,0.7975,0.8425,0.9025,0.935,1.0,0.44973684210526305,0.0925,0.1225,0.165,0.1875,0.215,0.255,0.28,0.31,0.35,0.42,0.5075,0.62,0.69,0.745,0.7975,0.8425,0.9025,0.935,1.0,0.4967105263157895,0.09250000000000003,0.12250000000000005,0.16500000000000004,0.1875,0.21499999999999997,0.255,0.28,0.31000000000000005,0.35,0.41999999999999993,0.5075,0.62,0.69,0.745,0.7975,0.8425,0.9025,0.935,1,0.4967105263157895,
NaiveBayes_CostSensitive_run3.csv,59,0.049553571428571426,0.2740740740740741,0.0839319470699433,0.04778323944577378,0.9325743587051815,0.42502580660326417,0.09588168505478242,0.095,0.1225,0.1775,0.195,0.2225,0.26,0.2875,0.3125,0.345,0.4275,0.505,0.625,0.69,0.74,0.7875,0.8325,0.89,0.9475,1.0,0.4505263157894737,0.095,0.1225,0.1775,0.195,0.2225,0.26,0.2875,0.3125,0.345,0.4275,0.505,0.625,0.69,0.74,0.7875,0.8325,0.89,0.9475,1.0,0.4980263157894737,0.09499999999999997,0.12250000000000005,0.1775,0.19500000000000006,0.22250000000000003,0.26,0.2875,0.3125,0.345,0.4275,0.505,0.625,0.69,0.74,0.7875,0.8325,0.89,0.9475,1,0.4980263157894737,
RandomForest_BestFirst_run1.csv,0,0.6923076923076923,0.08888888888888889,0.1575492341356674,0.6321740776716853,0.8941458473539928,0.1632599074331453,0.24584374044082402,0.4125,0.475,0.545,0.6125,0.6275,0.645,0.685,0.705,0.7425,0.7725,0.805,0.855,0.9125,0.9225,0.945,0.965,0.9875,0.9925,1.0,0.6702631578947368,0.4125,0.475,0.545,0.6125,0.6275,0.645,0.685,0.705,0.7425,0.7725,0.805,0.855,0.9125,0.9225,0.945,0.965,0.9875,0.9925,1.0,0.7688157894736841,0.4125,0.475,0.545,0.6125,0.6275,0.645,0.685,0.705,0.7425,0.7725,0.805,0.855,0.9125,0.9225,0.945,0.965,0.9875,0.9925,1,0.7688157894736841,
IBk_CostSensitive_run3.csv,0,0.28535353535353536,0.5580246913580247,0.37761069340016706,0.2832380594839493,0.8997147440163414,0.7126142279841439,0.390716722331497,0.685,0.75,0.7775,0.8025,0.8125,0.835,0.8525,0.8725,0.8875,0.9,0.9275,0.9375,0.9475,0.9675,0.9825,0.9875,0.995,1.0,1.0,0.8828947368421054,0.685,0.75,0.7775,0.8025,0.8125,0.835,0.8525,0.8725,0.8875,0.9,0.9275,0.9375,0.9475,0.9675,0.9825,0.9875,0.995,1.0,1.0,0.8905263157894736,0.685,0.75,0.7775,0.8025,0.8125,0.835,0.8525,0.8725,0.8875,0.9,0.9275,0.9375,0.9475,0.9675,0.9825,0.9875,0.995,1.0,1,0.8905263157894736,
IBk_CostSensitive_run1.csv,0,0.2847854356306892,0.5407407407407407,0.3730834752981261,0.27971775390245923,0.8971864324380731,0.6984628705279605,0.38409402261492326,0.67,0.7425,0.7875,0.805,0.8125,0.84,0.8625,0.875,0.8875,0.9,0.925,0.935,0.9425,0.965,0.98,0.9875,0.9925,1.0,1.0,0.8761842105263158,0.67,0.7425,0.7875,0.805,0.8125,0.84,0.8625,0.875,0.8875,0.9,0.925,0.935,0.9425,0.965,0.98,0.9875,0.9925,1.0,1.0,0.8900000000000002,0.67,0.7425,0.7875,0.805,0.8125,0.84,0.8625,0.875,0.8875,0.9,0.925,0.935,0.9425,0.965,0.98,0.9875,0.9925,1.0,1,0.8900000000000002,
NaiveBayes_BestFirst_run8.csv,31,0.054924242424242424,0.14320987654320988,0.07939767282683094,0.05489096262982842,0.9412391419949924,0.2497293579848226,0.07365663946743996,0.11,0.1325,0.17,0.2,0.37,0.4625,0.51,0.555,0.62,0.655,0.695,0.7375,0.7825,0.8025,0.875,0.935,0.95,0.9775,1.0,0.5294736842105262,0.11,0.1325,0.17,0.2,0.37,0.4625,0.51,0.555,0.62,0.655,0.695,0.7375,0.7825,0.8025,0.875,0.935,0.95,0.9775,1.0,0.6073684210526316,0.10999999999999999,0.13250000000000006,0.17000000000000004,0.19999999999999996,0.37,0.4625,0.51,0.555,0.62,0.655,0.695,0.7375,0.7825,0.8025,0.875,0.935,0.95,0.9775,1,0.6073684210526316,
RandomForest_BestFirst_run3.csv,0,0.7169811320754716,0.09382716049382717,0.16593886462882096,0.6351141380191552,0.8901800705735178,0.1715519737634273,0.25717672088481347,0.4125,0.4775,0.545,0.605,0.6325,0.6525,0.6825,0.7125,0.74,0.7575,0.8125,0.8625,0.905,0.9175,0.935,0.955,0.9725,0.9875,1.0,0.6605263157894737,0.4125,0.4775,0.545,0.605,0.6325,0.6525,0.6825,0.7125,0.74,0.7575,0.8125,0.8625,0.905,0.9175,0.935,0.955,0.9725,0.9875,1.0,0.7665789473684211,0.4125,0.47750000000000004,0.545,0.605,0.6325,0.6525,0.6825,0.7125,0.74,0.7575,0.8125,0.8625,0.905,0.9175,0.935,0.955,0.9725,0.9875,1,0.7665789473684211,
NaiveBayes_CostSensitive_run1.csv,62,0.05157847932414406,0.28641975308641976,0.08741522230595328,0.04883748752470831,0.9324670674622586,0.4397111605482127,0.10102276617095045,0.0975,0.1325,0.1775,0.1975,0.225,0.265,0.29,0.315,0.3475,0.42,0.5025,0.6225,0.6825,0.7575,0.8075,0.8375,0.8975,0.935,1.0,0.4525,0.0975,0.1325,0.1775,0.1975,0.225,0.265,0.29,0.315,0.3475,0.42,0.5025,0.6225,0.6825,0.7575,0.8075,0.8375,0.8975,0.935,1.0,0.5005263157894738,0.09750000000000003,0.13250000000000006,0.1775,0.1975,0.22499999999999998,0.265,0.29000000000000004,0.31499999999999995,0.3474999999999999,0.41999999999999993,0.5025,0.6225,0.6825,0.7575,0.8075,0.8375,0.8975,0.935,1,0.5005263157894737,
RandomForest_BestFirst_run2.csv,0,0.66,0.08148148148148149,0.14505494505494507,0.6382819776361067,0.8953797278914113,0.15068004520397887,0.22964662939232508,0.415,0.48,0.5525,0.61,0.64,0.655,0.6925,0.7225,0.7475,0.7725,0.805,0.8625,0.915,0.9225,0.94,0.96,0.9875,0.99,1.0,0.6742105263157895,0.415,0.48,0.5525,0.61,0.64,0.655,0.6925,0.7225,0.7475,0.7725,0.805,0.8625,0.915,0.9225,0.94,0.96,0.9875,0.99,1.0,0.7721052631578947,0.41500000000000004,0.48,0.5525,0.61,0.64,0.655,0.6925,0.7225,0.7475,0.7725,0.805,0.8625,0.915,0.9225,0.94,0.96,0.9875,0.99,1,0.7721052631578947,
NaiveBayes_BestFirst_run9.csv,34,0.053783044667274384,0.145679012345679,0.07856191744340879,0.055622514056221026,0.9424570881894022,0.25344094759738495,0.07319827834264528,0.0975,0.1325,0.1675,0.1975,0.3575,0.4575,0.515,0.57,0.635,0.6575,0.69,0.7225,0.77,0.81,0.8825,0.9425,0.965,0.9825,1.0,0.5238157894736842,0.0975,0.1325,0.1675,0.1975,0.3575,0.4575,0.515,0.57,0.635,0.6575,0.69,0.7225,0.77,0.81,0.8825,0.9425,0.965,0.9825,1.0,0.6080263157894737,0.09750000000000003,0.13250000000000006,0.16749999999999998,0.1975,0.35749999999999993,0.4575,0.515,0.57,0.635,0.6575,0.69,0.7225,0.77,0.81,0.8825,0.9425,0.965,0.9825,1,0.6080263157894737,
IBk_CostSensitive_run4.csv,0,0.2827417380660955,0.5703703703703704,0.3780687397708674,0.2819070787218299,0.9034777484710842,0.722465002413876,0.3931949881026166,0.695,0.76,0.795,0.805,0.8125,0.83,0.85,0.8625,0.8825,0.905,0.9275,0.9425,0.9475,0.9675,0.98,0.9875,0.995,1.0,1.0,0.8823684210526316,0.695,0.76,0.795,0.805,0.8125,0.83,0.85,0.8625,0.8825,0.905,0.9275,0.9425,0.9475,0.9675,0.98,0.9875,0.995,1.0,1.0,0.8918421052631579,0.695,0.76,0.795,0.805,0.8125,0.83,0.85,0.8625,0.8825,0.905,0.9275,0.9425,0.9475,0.9675,0.98,0.9875,0.995,1.0,1,0.8918421052631579,
NaiveBayes_SMOTE_run8.csv,72,0.04829931972789116,0.3506172839506173,0.08490284005979074,0.04718726124734838,0.9058738987338136,0.5091235922052122,0.10735202527721467,0.2,0.24,0.26,0.3175,0.345,0.385,0.4225,0.4475,0.4725,0.5075,0.545,0.6425,0.735,0.7775,0.8075,0.88,0.9125,0.965,1.0,0.4886842105263158,0.2,0.24,0.26,0.3175,0.345,0.385,0.4225,0.4475,0.4725,0.5075,0.545,0.6425,0.735,0.7775,0.8075,0.88,0.9125,0.965,1.0,0.5717105263157896,0.19999999999999996,0.24,0.26,0.3175,0.345,0.385,0.4225,0.4475,0.4724999999999999,0.5075,0.545,0.6425,0.735,0.7775,0.8075,0.88,0.9125,0.965,1,0.5717105263157896,
RandomForest_SMOTE_run9.csv,0,0.10930986567855489,0.582716049382716,0.18408736349453977,0.21805188674699957,0.8960824011742676,0.7227372078773069,0.23661507723850503,0.7025,0.775,0.8275,0.8425,0.87,0.875,0.8825,0.8975,0.92,0.925,0.9375,0.9625,0.9725,0.975,0.9775,0.99,0.995,0.9975,1.0,0.908157894736842,0.7025,0.775,0.8275,0.8425,0.87,0.875,0.8825,0.8975,0.92,0.925,0.9375,0.9625,0.9725,0.975,0.9775,0.99,0.995,0.9975,1.0,0.9118421052631579,0.7025,0.775,0.8275,0.8425,0.87,0.875,0.8825,0.8975,0.92,0.925,0.9375,0.9625,0.9725,0.975,0.9775,0.99,0.995,0.9975,1,0.9118421052631579,
RandomForest_BestFirst_run6.csv,0,0.676923076923077,0.10864197530864197,0.18723404255319148,0.6469395185073642,0.8987719308112077,0.19598087911650414,0.2687065923914034,0.45,0.505,0.5625,0.6275,0.66,0.6825,0.7025,0.7275,0.755,0.78,0.8225,0.8625,0.9,0.925,0.9525,0.9625,0.9775,0.9875,1.0,0.6868421052631579,0.45,0.505,0.5625,0.6275,0.66,0.6825,0.7025,0.7275,0.755,0.78,0.8225,0.8625,0.9,0.925,0.9525,0.9625,0.9775,0.9875,1.0,0.781184210526316,0.44999999999999996,0.505,0.5625,0.6275,0.66,0.6825,0.7025,0.7275,0.755,0.78,0.8225,0.8625,0.9,0.925,0.9525,0.9625,0.9775,0.9875,1,0.781184210526316,
NaiveBayes_CostSensitive_run4.csv,58,0.049019607843137254,0.2716049382716049,0.08305020762551907,0.04791621674713636,0.9325598615774248,0.4220381987781646,0.09467196148138113,0.0925,0.13,0.17,0.195,0.2275,0.255,0.285,0.3075,0.3425,0.4325,0.5075,0.615,0.68,0.7525,0.8125,0.845,0.8925,0.94,1.0,0.44973684210526327,0.0925,0.13,0.17,0.195,0.2275,0.255,0.285,0.3075,0.3425,0.4325,0.5075,0.615,0.68,0.7525,0.8125,0.845,0.8925,0.94,1.0,0.49907894736842107,0.09250000000000003,0.13,0.17000000000000004,0.19500000000000006,0.22750000000000004,0.255,0.2849999999999999,0.3075,0.3425,0.4325,0.5075,0.615,0.68,0.7525,0.8125,0.845,0.8925,0.94,1,0.49907894736842107,
NaiveBayes_CostSensitive_run5.csv,61,0.05104305370616955,0.2839506172839506,0.08653122648607976,0.048170062910788985,0.9324638805936575,0.43678215817073895,0.09981121568069629,0.1,0.1325,0.18,0.195,0.2225,0.2575,0.2875,0.31,0.35,0.4275,0.4925,0.6275,0.685,0.7575,0.8,0.8425,0.885,0.935,1.0,0.4503947368421053,0.1,0.1325,0.18,0.195,0.2225,0.2575,0.2875,0.31,0.35,0.4275,0.4925,0.6275,0.685,0.7575,0.8,0.8425,0.885,0.935,1.0,0.4993421052631579,0.09999999999999998,0.13250000000000006,0.17999999999999994,0.19500000000000006,0.22250000000000003,0.25750000000000006,0.2875,0.31000000000000005,0.35,0.4275,0.49249999999999994,0.6275,0.685,0.7575,0.8,0.8425,0.885,0.935,1,0.4993421052631579,
RandomForest_BestFirst_run7.csv,0,0.717391304347826,0.08148148148148149,0.14634146341463414,0.6389884490872868,0.8944249170633072,0.1506811952721634,0.23971016770376552,0.42,0.475,0.545,0.6,0.635,0.655,0.6775,0.7075,0.74,0.765,0.815,0.855,0.9125,0.925,0.94,0.965,0.9825,0.985,1.0,0.665657894736842,0.42,0.475,0.545,0.6,0.635,0.655,0.6775,0.7075,0.74,0.765,0.815,0.855,0.9125,0.925,0.94,0.965,0.9825,0.985,1.0,0.7684210526315789,0.41999999999999993,0.475,0.545,0.6,0.635,0.655,0.6775,0.7075,0.74,0.765,0.815,0.855,0.9125,0.925,0.94,0.965,0.9825,0.985,1,0.7684210526315789,
RandomForest_SMOTE_run8.csv,0,0.11347846225104215,0.6049382716049383,0.19110764430577223,0.22252911000109374,0.8987489978548004,0.7396544130960263,0.24656172730902579,0.7075,0.76,0.825,0.8525,0.865,0.875,0.885,0.895,0.9175,0.92,0.9325,0.955,0.97,0.9775,0.98,0.9925,1.0,1.0,1.0,0.9073684210526317,0.7075,0.76,0.825,0.8525,0.865,0.875,0.885,0.895,0.9175,0.92,0.9325,0.955,0.97,0.9775,0.98,0.9925,1.0,1.0,1.0,0.9110526315789473,0.7075,0.76,0.825,0.8525,0.865,0.875,0.885,0.895,0.9175,0.92,0.9325,0.955,0.97,0.9775,0.98,0.9925,1.0,1.0,1,0.9110526315789473,
NaiveBayes_SMOTE_run9.csv,80,0.04811928159945781,0.3506172839506173,0.08462455303933254,0.046587115257109096,0.9048885314597045,0.5090817953232565,0.10706107695103435,0.2,0.235,0.2575,0.305,0.3425,0.3775,0.4175,0.4525,0.4725,0.5,0.5475,0.6375,0.7225,0.7575,0.8125,0.86,0.9175,0.955,1.0,0.48276315789473684,0.2,0.235,0.2575,0.305,0.3425,0.3775,0.4175,0.4525,0.4725,0.5,0.5475,0.6375,0.7225,0.7575,0.8125,0.86,0.9175,0.955,1.0,0.5668421052631579,0.19999999999999996,0.235,0.25750000000000006,0.30499999999999994,0.3425,0.37749999999999995,0.4175,0.4525,0.4724999999999999,0.5,0.5475,0.6375,0.7225,0.7575,0.8125,0.86,0.9175,0.955,1,0.5668421052631579,
IBk_CostSensitive_run5.csv,0,0.28940568475452194,0.5530864197530864,0.3799830364715861,0.2858734154497433,0.9027039642770774,0.7086792243250892,0.3918482640221533,0.69,0.7575,0.8,0.815,0.825,0.845,0.8575,0.8725,0.895,0.9075,0.93,0.935,0.9425,0.965,0.98,0.9875,0.9925,0.9975,1.0,0.8835526315789475,0.69,0.7575,0.8,0.815,0.825,0.845,0.8575,0.8725,0.895,0.9075,0.93,0.935,0.9425,0.965,0.98,0.9875,0.9925,0.9975,1.0,0.8944736842105264,0.69,0.7575,0.8,0.815,0.825,0.845,0.8575,0.8725,0.895,0.9075,0.93,0.935,0.9425,0.965,0.98,0.9875,0.9925,0.9975,1,0.8944736842105264,
IBk_CostSensitive_run7.csv,0,0.2925877763328999,0.5555555555555556,0.3833049403747871,0.2835005395492795,0.8976185343278864,0.7107422943643991,0.39500588402105413,0.6775,0.74,0.775,0.7925,0.815,0.8325,0.85,0.8625,0.8775,0.8875,0.91,0.9275,0.9375,0.9625,0.975,0.98,0.9875,0.99,1.0,0.8735526315789471,0.6775,0.74,0.775,0.7925,0.815,0.8325,0.85,0.8625,0.8775,0.8875,0.91,0.9275,0.9375,0.9625,0.975,0.98,0.9875,0.99,1.0,0.8831578947368421,0.6775,0.74,0.775,0.7925,0.815,0.8325,0.85,0.8625,0.8775,0.8875,0.91,0.9275,0.9375,0.9625,0.975,0.98,0.9875,0.99,1,0.8831578947368421,
RandomForest_BestFirst_run5.csv,0,0.72,0.08888888888888889,0.15824175824175823,0.6484329611170598,0.8969785361275298,0.16326058248895925,0.2508495274439725,0.4325,0.4875,0.55,0.5975,0.625,0.65,0.675,0.71,0.75,0.7725,0.8225,0.8675,0.915,0.9225,0.9375,0.96,0.9825,0.985,1.0,0.673157894736842,0.4325,0.4875,0.55,0.5975,0.625,0.65,0.675,0.71,0.75,0.7725,0.8225,0.8675,0.915,0.9225,0.9375,0.96,0.9825,0.985,1.0,0.7706578947368421,0.4325,0.48750000000000004,0.55,0.5975,0.625,0.65,0.675,0.71,0.75,0.7725,0.8225,0.8675,0.915,0.9225,0.9375,0.96,0.9825,0.985,1,0.7706578947368421,
NaiveBayes_CostSensitive_run7.csv,58,0.04971149578339991,0.2765432098765432,0.08427389014296463,0.04786855974146748,0.9325022479921163,0.427957727251094,0.09656152105767941,0.0975,0.135,0.17,0.195,0.2225,0.2575,0.285,0.31,0.34,0.425,0.5125,0.6225,0.69,0.75,0.8,0.8425,0.895,0.9325,1.0,0.4492105263157895,0.0975,0.135,0.17,0.195,0.2225,0.2575,0.285,0.31,0.34,0.425,0.5125,0.6225,0.69,0.75,0.8,0.8425,0.895,0.9325,1.0,0.49907894736842107,0.09750000000000003,0.135,0.17000000000000004,0.19500000000000006,0.22250000000000003,0.25750000000000006,0.2849999999999999,0.31000000000000005,0.3400000000000001,0.42500000000000004,0.5125,0.6225,0.69,0.75,0.8,0.8425,0.895,0.9325,1,0.49907894736842107,
NaiveBayes_CostSensitive_run6.csv,63,0.0497335701598579,0.2765432098765432,0.08430560782837787,0.04811910074349473,0.9330700105041692,0.42796031783600463,0.09659266793314132,0.1,0.1375,0.1775,0.1975,0.235,0.265,0.29,0.3125,0.35,0.425,0.515,0.6225,0.69,0.755,0.7975,0.84,0.8825,0.945,1.0,0.45236842105263153,0.1,0.1375,0.1775,0.1975,0.235,0.265,0.29,0.3125,0.35,0.425,0.515,0.6225,0.69,0.755,0.7975,0.84,0.8825,0.945,1.0,0.5019736842105263,0.09999999999999998,0.13749999999999996,0.1775,0.1975,0.235,0.265,0.29000000000000004,0.3125,0.35,0.42500000000000004,0.515,0.6225,0.69,0.755,0.7975,0.84,0.8825,0.945,1,0.5019736842105263,
RandomForest_BestFirst_run4.csv,0,0.6923076923076923,0.08888888888888889,0.1575492341356674,0.635128742179705,0.8939018956869169,0.1632599074331453,0.24584374044082402,0.405,0.4775,0.5475,0.61,0.635,0.665,0.69,0.7225,0.76,0.78,0.8175,0.8625,0.91,0.915,0.9375,0.96,0.98,0.985,1.0,0.6722368421052631,0.405,0.4775,0.5475,0.61,0.635,0.665,0.69,0.7225,0.76,0.78,0.8175,0.8625,0.91,0.915,0.9375,0.96,0.98,0.985,1.0,0.771578947368421,0.405,0.47750000000000004,0.5475,0.61,0.635,0.665,0.69,0.7225,0.76,0.78,0.8175,0.8625,0.91,0.915,0.9375,0.96,0.98,0.985,1,0.771578947368421,
IBk_CostSensitive_run6.csv,0,0.2848101265822785,0.5555555555555556,0.37656903765690375,0.27884417311859966,0.9004752183473651,0.7106042389224081,0.38944261763349225,0.695,0.7525,0.7775,0.795,0.81,0.8275,0.8425,0.8575,0.88,0.8975,0.92,0.935,0.9475,0.975,0.985,0.985,0.9925,0.9975,1.0,0.8814473684210528,0.695,0.7525,0.7775,0.795,0.81,0.8275,0.8425,0.8575,0.88,0.8975,0.92,0.935,0.9475,0.975,0.985,0.985,0.9925,0.9975,1.0,0.8880263157894737,0.695,0.7525,0.7775,0.795,0.81,0.8275,0.8425,0.8575,0.88,0.8975,0.92,0.935,0.9475,0.975,0.985,0.985,0.9925,0.9975,1,0.8880263157894737,
