Filename,IFA,Precision_0.5,Recall,F1,MAP,AUC,G_Measure,MCC,PofB10,PofB15,PofB20,PofB25,PofB30,PofB35,PofB40,PofB45,PofB50,PofB55,PofB60,PofB65,PofB70,PofB75,PofB80,PofB85,PofB90,PofB95,PofB100,Average_Pofb,Npofb10,Npofb15,Npofb20,Npofb25,Npofb30,Npofb35,Npofb40,Npofb45,Npofb50,Npofb55,Npofb60,Npofb65,Npofb70,Npofb75,Npofb80,Npofb85,Npofb90,Npofb95,Npofb100,avgNPofB,Popt10,Popt15,Popt20,Popt25,Popt30,Popt35,Popt40,Popt45,Popt50,Popt55,Popt60,Popt65,Popt70,Popt75,Popt80,Popt85,Popt90,Popt95,Popt100,avgNpopt,
NaiveBayes_CostSensitive_iter3.csv,0,0.10821643286573146,0.5567010309278351,0.18120805369127516,0.10167247505791996,0.8655251462982492,0.6835720048778151,0.2058456221982552,0.22916666666666666,0.2708333333333333,0.375,0.40625,0.4375,0.4583333333333333,0.4895833333333333,0.5416666666666666,0.625,0.6979166666666666,0.7083333333333334,0.7604166666666666,0.7916666666666666,0.875,0.9270833333333334,0.9583333333333334,0.96875,0.9895833333333334,1.0,0.5073409722000575,0.22916666666666666,0.2708333333333333,0.375,0.40625,0.4375,0.4583333333333333,0.4895833333333333,0.5416666666666666,0.625,0.6979166666666666,0.7083333333333334,0.7604166666666666,0.7916666666666666,0.875,0.9270833333333334,0.9583333333333334,0.96875,0.9895833333333334,1.0,0.5975551370846766,0.22680412371134018,0.268041237113402,0.3711340206185567,0.4020618556701031,0.4329896907216495,0.45360824742268036,0.48453608247422675,0.536082474226804,0.6185567010309279,0.6907216494845361,0.7010309278350515,0.7525773195876287,0.7835051546391751,0.8659793814432989,0.9175257731958762,0.9484536082474226,0.9587628865979381,0.9411764705882352,0.0,0.6584429824561404,
IBk_CostSensitive_iter2.csv,10,0.017271157167530225,0.21978021978021978,0.032025620496397116,0.025535195828784676,0.6264120861639155,0.32692660456963496,-0.04908086707687744,0.03333333333333333,0.06666666666666667,0.12222222222222222,0.2,0.2222222222222222,0.3,0.36666666666666664,0.43333333333333335,0.45555555555555555,0.5333333333333333,0.6222222222222222,0.6666666666666666,0.7222222222222222,0.7666666666666667,0.8,0.8666666666666667,0.9222222222222223,0.9555555555555556,1.0,0.5129994118340665,0.03333333333333333,0.06666666666666667,0.12222222222222222,0.2,0.2222222222222222,0.3,0.36666666666666664,0.43333333333333335,0.45555555555555555,0.5333333333333333,0.6222222222222222,0.6666666666666666,0.7222222222222222,0.7666666666666667,0.8,0.8666666666666667,0.9222222222222223,0.9555555555555556,1.0,0.46021870955484484,0.033333333333333326,0.06593406593406592,0.1208791208791209,0.19780219780219777,0.21978021978021978,0.29670329670329676,0.3626373626373627,0.4285714285714286,0.4505494505494505,0.5274725274725275,0.6153846153846154,0.6593406593406593,0.7142857142857143,0.7582417582417583,0.7912087912087913,0.8571428571428572,0.9080459770114944,0.7368421052631582,0.0,0.5292397660818713,
IBk_CostSensitive_iter3.csv,19,0.017421602787456445,0.05154639175257732,0.026041666666666668,0.019018591573627605,0.6342211726704511,0.09766409413092796,-0.012587568226695798,0.09278350515463918,0.12371134020618557,0.23711340206185566,0.28865979381443296,0.3402061855670103,0.44329896907216493,0.5154639175257731,0.5257731958762887,0.5979381443298969,0.6288659793814433,0.711340206185567,0.7525773195876289,0.7835051546391752,0.8144329896907216,0.8865979381443299,0.9278350515463918,0.9896907216494846,1.0,1.0,0.6386326641345633,0.09278350515463918,0.12371134020618557,0.23711340206185566,0.28865979381443296,0.3402061855670103,0.44329896907216493,0.5154639175257731,0.5257731958762887,0.5979381443298969,0.6288659793814433,0.711340206185567,0.7525773195876289,0.7835051546391752,0.8144329896907216,0.8865979381443299,0.9278350515463918,0.9896907216494846,1.0,1.0,0.6136733586543679,0.09278350515463918,0.12371134020618557,0.23711340206185572,0.28865979381443296,0.3402061855670103,0.44329896907216493,0.5154639175257731,0.5257731958762887,0.5979381443298969,0.6288659793814433,0.711340206185567,0.7525773195876289,0.7835051546391752,0.8144329896907216,0.8865979381443299,0.9278350515463918,0.9896907216494846,1.0,1,0.6136733586543679,
NaiveBayes_CostSensitive_iter2.csv,19,0.10702875399361023,0.7362637362637363,0.18688981868898186,0.09482756262661263,0.8638243716194716,0.7768377362723653,0.23372421046509295,0.16483516483516483,0.24175824175824176,0.2967032967032967,0.37362637362637363,0.45054945054945056,0.4835164835164835,0.5494505494505495,0.6043956043956044,0.6483516483516484,0.7032967032967034,0.7692307692307693,0.8021978021978022,0.8461538461538461,0.8681318681318682,0.8901098901098901,0.9120879120879121,0.945054945054945,0.9560439560439561,1.0,0.548512399711177,0.16483516483516483,0.24175824175824176,0.2967032967032967,0.37362637362637363,0.45054945054945056,0.4835164835164835,0.5494505494505495,0.6043956043956044,0.6483516483516484,0.7032967032967034,0.7692307692307693,0.8021978021978022,0.8461538461538461,0.8681318681318682,0.8901098901098901,0.9120879120879121,0.945054945054945,0.9560439560439561,1.0,0.6493805013720957,0.16666666666666663,0.2417582417582418,0.29670329670329676,0.37362637362637363,0.4505494505494505,0.4835164835164836,0.5494505494505495,0.6043956043956044,0.6483516483516484,0.7032967032967034,0.7692307692307693,0.8021978021978022,0.8461538461538461,0.8681318681318682,0.8901098901098901,0.9120879120879121,0.9425287356321839,0.7894736842105265,1,0.658183921341816,
RandomForest_iter4.csv,0,0.7419354838709677,0.30666666666666664,0.4339622641509434,0.35984876230554336,0.9057756332931242,0.46917482310593916,0.47149982210598046,0.5735294117647058,0.7352941176470589,0.8235294117647058,0.8676470588235294,0.9117647058823529,0.9117647058823529,0.9264705882352942,0.9264705882352942,0.9411764705882353,0.9705882352941176,0.9852941176470589,1.0,1.0,1.0,1.0,1.0,1.0,1.0,1.0,0.9373065015479876,0.5735294117647058,0.7352941176470589,0.8235294117647058,0.8676470588235294,0.9117647058823529,0.9117647058823529,0.9264705882352942,0.9264705882352942,0.9411764705882353,0.9705882352941176,0.9852941176470589,1.0,1.0,1.0,1.0,1.0,1.0,1.0,1.0,0.9249226006191951,0.5735294117647058,0.7352941176470589,0.8235294117647058,0.8676470588235294,0.9117647058823529,0.9117647058823529,0.9264705882352942,0.9264705882352942,0.9411764705882353,0.9705882352941176,0.9852941176470589,1.0,1.0,1.0,1.0,1.0,1.0,1.0,1,0.9249226006191951,
IBk_CostSensitive_iter1.csv,0,0.2711267605633803,0.2361963190184049,0.25245901639344265,0.25062163940682936,0.709254616797982,0.37140400883649316,0.11086938545931234,0.39628482972136225,0.47987616099071206,0.5201238390092879,0.5479876160990712,0.5541795665634675,0.5820433436532507,0.5913312693498453,0.6130030959752322,0.6253869969040248,0.6563467492260062,0.6718266253869969,0.6873065015479877,0.7120743034055728,0.7492260061919505,0.7708978328173375,0.7894736842105263,0.8018575851393189,0.8235294117647058,1.0,0.3867717876371009,0.39628482972136225,0.47987616099071206,0.5201238390092879,0.5479876160990712,0.5541795665634675,0.5820433436532507,0.5913312693498453,0.6130030959752322,0.6253869969040248,0.6563467492260062,0.6718266253869969,0.6873065015479877,0.7120743034055728,0.7492260061919505,0.7708978328173375,0.7894736842105263,0.8018575851393189,0.8235294117647058,1.0,0.4647350445362846,0.48669201520912553,0.5308219178082192,0.5384615384615384,0.5479876160990712,0.5524691358024691,0.5802469135802468,0.5895061728395061,0.611111111111111,0.6234567901234568,0.654320987654321,0.6697530864197531,0.6851851851851852,0.7098765432098766,0.725752508361204,0.32432432432432445,0,0,0,0.0,0.6617239693661399,
NaiveBayes_CostSensitive_iter1.csv,4,0.2688821752265861,0.27300613496932513,0.2709284627092846,0.256377738172675,0.7757368970134845,0.41285373503863354,0.1187356899938703,0.08641975308641975,0.11728395061728394,0.13271604938271606,0.15432098765432098,0.18209876543209877,0.21296296296296297,0.24382716049382716,0.2623456790123457,0.27469135802469136,0.2839506172839506,0.3117283950617284,0.32407407407407407,0.33024691358024694,0.345679012345679,0.3765432098765432,0.44135802469135804,0.6697530864197531,0.7530864197530864,1.0,0.1754744225354574,0.08641975308641975,0.11728395061728394,0.13271604938271606,0.15432098765432098,0.18209876543209877,0.21296296296296297,0.24382716049382716,0.2623456790123457,0.27469135802469136,0.2839506172839506,0.3117283950617284,0.32407407407407407,0.33024691358024694,0.345679012345679,0.3765432098765432,0.44135802469135804,0.6697530864197531,0.7530864197530864,1.0,0.22347978761317175,0.10646387832699611,0.13013698630136983,0.13782051282051289,0.15479876160990713,0.1820987654320988,0.21296296296296302,0.24382716049382713,0.26234567901234573,0.27469135802469136,0.28395061728395055,0.31172839506172845,0.32407407407407407,0.33024691358024694,0.29096989966555176,0,0,0,0,1,0.34226770630279396,
RandomForest_iter1.csv,0,0.5333333333333333,0.17177914110429449,0.25986078886310904,0.45713903668377304,0.6178178817227746,0.2918209460497084,0.23215314208986793,0.18518518518518517,0.23765432098765432,0.2777777777777778,0.35185185185185186,0.3765432098765432,0.5061728395061729,0.6265432098765432,0.6481481481481481,0.6666666666666666,0.6790123456790124,0.6851851851851852,0.6882716049382716,0.7067901234567902,0.7191358024691358,0.7253086419753086,0.7469135802469136,0.7561728395061729,0.9135802469135802,1.0,0.2629464840851233,0.18518518518518517,0.23765432098765432,0.2777777777777778,0.35185185185185186,0.3765432098765432,0.5061728395061729,0.6265432098765432,0.6481481481481481,0.6666666666666666,0.6790123456790124,0.6851851851851852,0.6882716049382716,0.7067901234567902,0.7191358024691358,0.7253086419753086,0.7469135802469136,0.7561728395061729,0.9135802469135802,1.0,0.45318010171805073,0.22813688212927752,0.26369863013698625,0.28846153846153844,0.3529411764705882,0.3765432098765432,0.5061728395061729,0.6265432098765432,0.6481481481481481,0.6666666666666666,0.6790123456790124,0.6851851851851852,0.6882716049382716,0.7067901234567902,0.6956521739130435,0.19819819819819817,0,0,0,1,0.6051007147498375,
IBk_CostSensitive_iter4.csv,2,0.23148148148148148,0.6666666666666666,0.3436426116838488,0.1843305575192441,0.873351025331725,0.7868690364364462,0.37568351914649056,0.35294117647058826,0.6764705882352942,0.7941176470588235,0.8088235294117647,0.8529411764705882,0.8823529411764706,0.8823529411764706,0.8970588235294118,0.8970588235294118,0.8970588235294118,0.8970588235294118,0.8970588235294118,0.9411764705882353,0.9705882352941176,0.9852941176470589,0.9852941176470589,1.0,1.0,1.0,0.9055727554179566,0.35294117647058826,0.6764705882352942,0.7941176470588235,0.8088235294117647,0.8529411764705882,0.8823529411764706,0.8823529411764706,0.8970588235294118,0.8970588235294118,0.8970588235294118,0.8970588235294118,0.8970588235294118,0.9411764705882353,0.9705882352941176,0.9852941176470589,0.9852941176470589,1.0,1.0,1.0,0.8746130030959752,0.3529411764705883,0.6764705882352942,0.7941176470588235,0.8088235294117647,0.8529411764705882,0.8823529411764706,0.8823529411764706,0.8970588235294118,0.8970588235294118,0.8970588235294118,0.8970588235294118,0.8970588235294118,0.9411764705882353,0.9705882352941176,0.9852941176470589,0.9852941176470589,1.0,1.0,1,0.8746130030959752,
NaiveBayes_CostSensitive_iter4.csv,4,0.09266409266409266,0.64,0.16188870151770657,0.088781700997844,0.8881351025331717,0.7433863270014854,0.21203093197710368,0.2647058823529412,0.35294117647058826,0.45588235294117646,0.5,0.5441176470588235,0.5735294117647058,0.6176470588235294,0.6470588235294118,0.75,0.7794117647058824,0.7794117647058824,0.8529411764705882,0.8676470588235294,0.8970588235294118,0.8970588235294118,0.9558823529411765,0.9705882352941176,0.9852941176470589,1.0,0.6342249262005902,0.2647058823529412,0.35294117647058826,0.45588235294117646,0.5,0.5441176470588235,0.5735294117647058,0.6176470588235294,0.6470588235294118,0.75,0.7794117647058824,0.7794117647058824,0.8529411764705882,0.8676470588235294,0.8970588235294118,0.8970588235294118,0.9558823529411765,0.9705882352941176,0.9852941176470589,1.0,0.7201382388940887,0.2647058823529411,0.3529411764705883,0.4558823529411764,0.5,0.5441176470588235,0.5735294117647058,0.6176470588235294,0.6470588235294118,0.75,0.7794117647058824,0.7794117647058824,0.8529411764705882,0.8676470588235294,0.8970588235294118,0.8970588235294118,0.9558823529411765,0.9705882352941176,0.9767441860465117,1,0.7205882352941174,
RandomForest_iter2.csv,0,0.13725490196078433,0.15384615384615385,0.14507772020725387,0.1257406364065801,0.6676724484551404,0.2656463989913263,0.11907655540611142,0.04395604395604396,0.0989010989010989,0.16483516483516483,0.24175824175824176,0.2967032967032967,0.3626373626373626,0.4065934065934066,0.45054945054945056,0.5054945054945055,0.5714285714285714,0.6263736263736264,0.6373626373626373,0.6703296703296703,0.7032967032967034,0.7582417582417582,0.7912087912087912,0.8681318681318682,0.9560439560439561,1.0,0.5317588610644299,0.04395604395604396,0.0989010989010989,0.16483516483516483,0.24175824175824176,0.2967032967032967,0.3626373626373626,0.4065934065934066,0.45054945054945056,0.5054945054945055,0.5714285714285714,0.6263736263736264,0.6373626373626373,0.6703296703296703,0.7032967032967034,0.7582417582417582,0.7912087912087912,0.8681318681318682,0.9560439560439561,1.0,0.5253527042045526,0.0444444444444444,0.09890109890109888,0.1648351648351648,0.2417582417582418,0.29670329670329676,0.3626373626373627,0.4065934065934066,0.4505494505494505,0.5054945054945055,0.5714285714285714,0.6263736263736264,0.6373626373626373,0.6703296703296703,0.7032967032967034,0.7582417582417582,0.7912087912087912,0.8620689655172414,0.7894736842105265,1,0.5344129554655871,
RandomForest_iter3.csv,7,0.05714285714285714,0.020618556701030927,0.030303030303030304,0.042796495916700525,0.6789699753225469,0.04039704160958275,0.020010363274412912,0.13402061855670103,0.17525773195876287,0.2268041237113402,0.29896907216494845,0.35051546391752575,0.422680412371134,0.44329896907216493,0.4845360824742268,0.5360824742268041,0.5773195876288659,0.5979381443298969,0.6597938144329897,0.7422680412371134,0.7835051546391752,0.8041237113402062,0.8762886597938144,0.9175257731958762,0.9484536082474226,1.0,0.5467907184577575,0.13402061855670103,0.17525773195876287,0.2268041237113402,0.29896907216494845,0.35051546391752575,0.422680412371134,0.44329896907216493,0.4845360824742268,0.5360824742268041,0.5773195876288659,0.5979381443298969,0.6597938144329897,0.7422680412371134,0.7835051546391752,0.8041237113402062,0.8762886597938144,0.9175257731958762,0.9484536082474226,1.0,0.5728352111327439,0.134020618556701,0.17525773195876293,0.22680412371134018,0.2989690721649485,0.35051546391752575,0.4226804123711341,0.44329896907216493,0.48453608247422686,0.5360824742268041,0.5773195876288659,0.5979381443298969,0.6597938144329897,0.7422680412371134,0.7835051546391752,0.8041237113402062,0.8762886597938144,0.9175257731958762,0.8529411764705881,1,0.5778621812262615,
IBk_BestFirst_iter4.csv,3,0.4696969696969697,0.41333333333333333,0.4397163120567376,0.3115589033355763,0.824919983916365,0.5834525867497052,0.4311457596973613,0.4264705882352941,0.5882352941176471,0.6764705882352942,0.7647058823529411,0.8088235294117647,0.8235294117647058,0.8235294117647058,0.8676470588235294,0.8676470588235294,0.8676470588235294,0.8823529411764706,0.9411764705882353,0.9558823529411765,0.9558823529411765,0.9558823529411765,0.9705882352941176,1.0,1.0,1.0,0.8761609907120742,0.4264705882352941,0.5882352941176471,0.6764705882352942,0.7647058823529411,0.8088235294117647,0.8235294117647058,0.8235294117647058,0.8676470588235294,0.8676470588235294,0.8676470588235294,0.8823529411764706,0.9411764705882353,0.9558823529411765,0.9558823529411765,0.9558823529411765,0.9705882352941176,1.0,1.0,1.0,0.8513931888544889,0.42647058823529416,0.5882352941176471,0.6764705882352942,0.7647058823529411,0.8088235294117647,0.8235294117647058,0.8235294117647058,0.8676470588235294,0.8676470588235294,0.8676470588235294,0.8823529411764706,0.9411764705882353,0.9558823529411765,0.9558823529411765,0.9558823529411765,0.9705882352941176,1.0,1.0,1,0.8513931888544889,
IBk_BestFirst_iter2.csv,4,0.1038961038961039,0.17582417582417584,0.1306122448979592,0.0915353259060577,0.611629541314556,0.2970257271971904,0.10243731813145732,0.10989010989010989,0.17582417582417584,0.21978021978021978,0.26373626373626374,0.31868131868131866,0.37362637362637363,0.4175824175824176,0.42857142857142855,0.45054945054945056,0.4725274725274725,0.5604395604395604,0.6263736263736264,0.7032967032967034,0.7472527472527473,0.7912087912087912,0.8131868131868132,0.8681318681318682,0.9340659340659341,1.0,0.5299534843903934,0.10989010989010989,0.17582417582417584,0.21978021978021978,0.26373626373626374,0.31868131868131866,0.37362637362637363,0.4175824175824176,0.42857142857142855,0.45054945054945056,0.4725274725274725,0.5604395604395604,0.6263736263736264,0.7032967032967034,0.7472527472527473,0.7912087912087912,0.8131868131868132,0.8681318681318682,0.9340659340659341,1.0,0.5273698929253424,0.11111111111111116,0.17582417582417587,0.21978021978021978,0.2637362637362637,0.31868131868131866,0.37362637362637363,0.41758241758241765,0.4285714285714286,0.4505494505494505,0.4725274725274725,0.5604395604395604,0.6263736263736264,0.7032967032967034,0.7472527472527473,0.7912087912087912,0.8131868131868132,0.8620689655172414,0.6842105263157896,1,0.540775014459225,
IBk_BestFirst_iter3.csv,5,0.11290322580645161,0.07216494845360824,0.0880503144654088,0.08442327930910465,0.591748858435359,0.13448526070265562,0.07221354210459296,0.14432989690721648,0.18556701030927836,0.20618556701030927,0.28865979381443296,0.38144329896907214,0.44329896907216493,0.4639175257731959,0.5463917525773195,0.6391752577319587,0.6907216494845361,0.7319587628865979,0.7525773195876289,0.7835051546391752,0.8144329896907216,0.8865979381443299,0.9484536082474226,0.9896907216494846,0.9896907216494846,1.0,0.5974753439085889,0.14432989690721648,0.18556701030927836,0.20618556701030927,0.28865979381443296,0.38144329896907214,0.44329896907216493,0.4639175257731959,0.5463917525773195,0.6391752577319587,0.6907216494845361,0.7319587628865979,0.7525773195876289,0.7835051546391752,0.8144329896907216,0.8865979381443299,0.9484536082474226,0.9896907216494846,0.9896907216494846,1.0,0.6246050237783664,0.14432989690721643,0.18556701030927836,0.2061855670103092,0.28865979381443296,0.38144329896907214,0.44329896907216493,0.4639175257731959,0.5463917525773195,0.6391752577319587,0.6907216494845361,0.7319587628865979,0.7525773195876289,0.7835051546391752,0.8144329896907216,0.8865979381443299,0.9484536082474226,0.9896907216494846,0.9705882352941178,1,0.62561041779707,
IBk_BestFirst_iter1.csv,7,0.33774834437086093,0.15644171779141106,0.2138364779874214,0.28071616482564626,0.6474163837937154,0.2680998375929567,0.12962576509161675,0.11455108359133127,0.24458204334365324,0.4179566563467492,0.4613003095975232,0.4953560371517028,0.5232198142414861,0.6563467492260062,0.6965944272445821,0.7461300309597523,0.7801857585139319,0.8018575851393189,0.8204334365325078,0.8359133126934984,0.8421052631578947,0.8452012383900929,0.8544891640866873,0.8699690402476781,0.8885448916408669,1.0,0.4038918122036259,0.11455108359133127,0.24458204334365324,0.4179566563467492,0.4613003095975232,0.4953560371517028,0.5232198142414861,0.6563467492260062,0.6965944272445821,0.7461300309597523,0.7801857585139319,0.8018575851393189,0.8204334365325078,0.8359133126934984,0.8421052631578947,0.8452012383900929,0.8544891640866873,0.8699690402476781,0.8885448916408669,1.0,0.4839322579608684,0.14068441064638781,0.2705479452054794,0.4326923076923076,0.4613003095975232,0.49382716049382713,0.521604938271605,0.654320987654321,0.6944444444444444,0.7438271604938271,0.7777777777777778,0.7993827160493827,0.8179012345679012,0.8333333333333333,0.826086956521739,0.5405405405405406,0.18644067796610142,0,0,0.0,0.6786703601108034,
RandomForest_CostSensitive_iter4.csv,0,0.25,0.68,0.3655913978494624,0.3141285650536841,0.8692561318858062,0.7971573723313659,0.3961424727932653,0.4264705882352941,0.6470588235294118,0.75,0.8823529411764706,0.9117647058823529,0.9117647058823529,0.9264705882352942,0.9411764705882353,0.9411764705882353,0.9558823529411765,0.9705882352941176,0.9705882352941176,0.9852941176470589,0.9852941176470589,1.0,1.0,1.0,1.0,1.0,0.9388544891640865,0.4264705882352941,0.6470588235294118,0.75,0.8823529411764706,0.9117647058823529,0.9117647058823529,0.9264705882352942,0.9411764705882353,0.9411764705882353,0.9558823529411765,0.9705882352941176,0.9705882352941176,0.9852941176470589,0.9852941176470589,1.0,1.0,1.0,1.0,1.0,0.9055727554179567,0.42647058823529416,0.6470588235294118,0.75,0.8823529411764706,0.9117647058823529,0.9117647058823529,0.9264705882352942,0.9411764705882353,0.9411764705882353,0.9558823529411765,0.9705882352941176,0.9705882352941176,0.9852941176470589,0.9852941176470589,1.0,1.0,1.0,1.0,1,0.9055727554179567,
IBk_iter1.csv,0,0.40625,0.19938650306748465,0.2674897119341564,0.33277799547376785,0.709254616797982,0.3289727738421108,0.1888655765790922,0.17337461300309598,0.2260061919504644,0.26625386996904027,0.5386996904024768,0.5541795665634675,0.5820433436532507,0.5913312693498453,0.6130030959752322,0.6253869969040248,0.6563467492260062,0.6718266253869969,0.6873065015479877,0.7120743034055728,0.7492260061919505,0.7708978328173375,0.7894736842105263,0.8018575851393189,0.8235294117647058,1.0,0.3867717876371009,0.17337461300309598,0.2260061919504644,0.26625386996904027,0.5386996904024768,0.5541795665634675,0.5820433436532507,0.5913312693498453,0.6130030959752322,0.6253869969040248,0.6563467492260062,0.6718266253869969,0.6873065015479877,0.7120743034055728,0.7492260061919505,0.7708978328173375,0.7894736842105263,0.8018575851393189,0.8235294117647058,1.0,0.42122480164783943,0.21292775665399244,0.2499999999999999,0.27564102564102555,0.5386996904024768,0.5524691358024691,0.5802469135802468,0.5895061728395061,0.611111111111111,0.6234567901234568,0.654320987654321,0.6697530864197531,0.6851851851851852,0.7098765432098766,0.725752508361204,0.32432432432432445,0,0,0,0.0,0.6227798598663842,
IBk_iter2.csv,10,0.05574912891986063,0.17582417582417584,0.08465608465608465,0.04880786317791063,0.6269365378496781,0.2949043768450777,0.05210433602018171,0.05555555555555555,0.07777777777777778,0.16666666666666666,0.2111111111111111,0.2222222222222222,0.3,0.36666666666666664,0.43333333333333335,0.45555555555555555,0.5333333333333333,0.6222222222222222,0.6666666666666666,0.7222222222222222,0.7666666666666667,0.8,0.8666666666666667,0.9222222222222223,0.9555555555555556,1.0,0.5129994118340665,0.05555555555555555,0.07777777777777778,0.16666666666666666,0.2111111111111111,0.2222222222222222,0.3,0.36666666666666664,0.43333333333333335,0.45555555555555555,0.5333333333333333,0.6222222222222222,0.6666666666666666,0.7222222222222222,0.7666666666666667,0.8,0.8666666666666667,0.9222222222222223,0.9555555555555556,1.0,0.46485851419464946,0.05555555555555558,0.07692307692307687,0.1648351648351648,0.20879120879120883,0.21978021978021978,0.29670329670329676,0.3626373626373627,0.4285714285714286,0.4505494505494505,0.5274725274725275,0.6153846153846154,0.6593406593406593,0.7142857142857143,0.7582417582417583,0.7912087912087913,0.8571428571428572,0.9080459770114944,0.7368421052631582,0.0,0.5339181286549707,
IBk_iter3.csv,19,0.04819277108433735,0.041237113402061855,0.044444444444444446,0.04345964981265463,0.6541437667515811,0.0791427932077082,0.022533431362745056,0.1134020618556701,0.12371134020618557,0.23711340206185566,0.28865979381443296,0.3402061855670103,0.44329896907216493,0.5154639175257731,0.5257731958762887,0.5979381443298969,0.6288659793814433,0.711340206185567,0.7525773195876289,0.7835051546391752,0.8144329896907216,0.8865979381443299,0.9278350515463918,0.9896907216494846,1.0,1.0,0.6386326641345633,0.1134020618556701,0.12371134020618557,0.23711340206185566,0.28865979381443296,0.3402061855670103,0.44329896907216493,0.5154639175257731,0.5257731958762887,0.5979381443298969,0.6288659793814433,0.711340206185567,0.7525773195876289,0.7835051546391752,0.8144329896907216,0.8865979381443299,0.9278350515463918,0.9896907216494846,1.0,1.0,0.6147585458491589,0.11340206185567014,0.12371134020618557,0.23711340206185572,0.28865979381443296,0.3402061855670103,0.44329896907216493,0.5154639175257731,0.5257731958762887,0.5979381443298969,0.6288659793814433,0.711340206185567,0.7525773195876289,0.7835051546391752,0.8144329896907216,0.8865979381443299,0.9278350515463918,0.9896907216494846,1.0,1,0.6147585458491589,
RandomForest_CostSensitive_iter2.csv,2,0.026634382566585957,0.3626373626373626,0.04962406015037594,0.060886419535820746,0.5681559929094135,0.45660140149864636,-0.007168052897589389,0.04395604395604396,0.07692307692307693,0.14285714285714285,0.24175824175824176,0.2857142857142857,0.38461538461538464,0.42857142857142855,0.4835164835164835,0.5384615384615384,0.6043956043956044,0.6263736263736264,0.6703296703296703,0.7362637362637363,0.7472527472527473,0.8131868131868132,0.8461538461538461,0.8901098901098901,0.9560439560439561,1.0,0.5284580523858392,0.04395604395604396,0.07692307692307693,0.14285714285714285,0.24175824175824176,0.2857142857142857,0.38461538461538464,0.42857142857142855,0.4835164835164835,0.5384615384615384,0.6043956043956044,0.6263736263736264,0.6703296703296703,0.7362637362637363,0.7472527472527473,0.8131868131868132,0.8461538461538461,0.8901098901098901,0.9560439560439561,1.0,0.5444920645417349,0.0444444444444444,0.07692307692307687,0.1428571428571428,0.2417582417582418,0.2857142857142857,0.3846153846153846,0.4285714285714286,0.4835164835164836,0.5384615384615384,0.6043956043956044,0.6263736263736264,0.6703296703296703,0.7362637362637363,0.7472527472527473,0.8131868131868132,0.8461538461538461,0.8850574712643677,0.7894736842105265,1,0.5534991324465008,
RandomForest_CostSensitive_iter3.csv,2,0.03642384105960265,0.1134020618556701,0.05513784461152882,0.057973351631780995,0.5676929901688635,0.20203570542385804,0.02237378713092804,0.1134020618556701,0.1958762886597938,0.28865979381443296,0.32989690721649484,0.3711340206185567,0.4536082474226804,0.4845360824742268,0.5051546391752577,0.5567010309278351,0.6082474226804123,0.6701030927835051,0.6907216494845361,0.7525773195876289,0.7835051546391752,0.8144329896907216,0.8350515463917526,0.9072164948453608,0.979381443298969,1.0,0.549806900513868,0.1134020618556701,0.1958762886597938,0.28865979381443296,0.32989690721649484,0.3711340206185567,0.4536082474226804,0.4845360824742268,0.5051546391752577,0.5567010309278351,0.6082474226804123,0.6701030927835051,0.6907216494845361,0.7525773195876289,0.7835051546391752,0.8144329896907216,0.8350515463917526,0.9072164948453608,0.979381443298969,1.0,0.5948421690976988,0.11340206185567014,0.19587628865979378,0.28865979381443296,0.3298969072164948,0.3711340206185567,0.45360824742268036,0.48453608247422686,0.5051546391752577,0.5567010309278351,0.6082474226804123,0.6701030927835051,0.6907216494845361,0.7525773195876289,0.7835051546391752,0.8144329896907216,0.8350515463917526,0.9072164948453608,0.9411764705882352,1,0.5968529571351059,
RandomForest_CostSensitive_iter1.csv,3,0.27019498607242337,0.29754601226993865,0.2832116788321168,0.3652171479921751,0.600975911681355,0.4385757248346627,0.12645303081063614,0.3888888888888889,0.4722222222222222,0.5154320987654321,0.5524691358024691,0.5740740740740741,0.5895061728395061,0.6172839506172839,0.6419753086419753,0.6666666666666666,0.6790123456790124,0.6851851851851852,0.7067901234567902,0.7222222222222222,0.7253086419753086,0.7376543209876543,0.75,0.7654320987654321,0.8364197530864198,1.0,0.3049850936310835,0.3888888888888889,0.4722222222222222,0.5154320987654321,0.5524691358024691,0.5740740740740741,0.5895061728395061,0.6172839506172839,0.6419753086419753,0.6666666666666666,0.6790123456790124,0.6851851851851852,0.7067901234567902,0.7222222222222222,0.7253086419753086,0.7376543209876543,0.75,0.7654320987654321,0.8364197530864198,1.0,0.521673023830094,0.4790874524714829,0.523972602739726,0.5352564102564102,0.5541795665634675,0.5740740740740741,0.5895061728395061,0.6172839506172839,0.6419753086419753,0.6666666666666666,0.6790123456790124,0.6851851851851852,0.7067901234567902,0.7222222222222222,0.7023411371237458,0.23423423423423395,0,0,0,1,0.664554905782976,
IBk_iter4.csv,2,0.5164835164835165,0.6266666666666667,0.5662650602409639,0.34176673633469423,0.8841978287092881,0.7673202093990725,0.5603595244881799,0.5882352941176471,0.6911764705882353,0.7941176470588235,0.8088235294117647,0.8529411764705882,0.8823529411764706,0.8823529411764706,0.8970588235294118,0.8970588235294118,0.8970588235294118,0.8970588235294118,0.8970588235294118,0.9411764705882353,0.9705882352941176,0.9852941176470589,0.9852941176470589,1.0,1.0,1.0,0.9055727554179566,0.5882352941176471,0.6911764705882353,0.7941176470588235,0.8088235294117647,0.8529411764705882,0.8823529411764706,0.8823529411764706,0.8970588235294118,0.8970588235294118,0.8970588235294118,0.8970588235294118,0.8970588235294118,0.9411764705882353,0.9705882352941176,0.9852941176470589,0.9852941176470589,1.0,1.0,1.0,0.8877708978328173,0.5882352941176471,0.6911764705882353,0.7941176470588235,0.8088235294117647,0.8529411764705882,0.8823529411764706,0.8823529411764706,0.8970588235294118,0.8970588235294118,0.8970588235294118,0.8970588235294118,0.8970588235294118,0.9411764705882353,0.9705882352941176,0.9852941176470589,0.9852941176470589,1.0,1.0,1,0.8877708978328173,
RandomForest_SMOTE_iter3.csv,72,0.052980132450331126,0.08247422680412371,0.06451612903225806,0.01783471518145585,0.5744108888930206,0.1519380947783982,0.03682747322110481,0.10309278350515463,0.1958762886597938,0.28865979381443296,0.31958762886597936,0.3711340206185567,0.3917525773195876,0.41237113402061853,0.44329896907216493,0.5154639175257731,0.5773195876288659,0.6288659793814433,0.6701030927835051,0.711340206185567,0.7731958762886598,0.8144329896907216,0.8556701030927835,0.8969072164948454,0.9381443298969072,1.0,0.5257093613354186,0.10309278350515463,0.1958762886597938,0.28865979381443296,0.31958762886597936,0.3711340206185567,0.3917525773195876,0.41237113402061853,0.44329896907216493,0.5154639175257731,0.5773195876288659,0.6288659793814433,0.6701030927835051,0.711340206185567,0.7731958762886598,0.8144329896907216,0.8556701030927835,0.8969072164948454,0.9381443298969072,1.0,0.5680316619322716,0.1030927835051546,0.19587628865979378,0.28865979381443296,0.31958762886597936,0.3711340206185567,0.39175257731958757,0.41237113402061853,0.44329896907216493,0.5154639175257731,0.5773195876288659,0.6288659793814433,0.6701030927835051,0.711340206185567,0.7731958762886598,0.8144329896907216,0.8556701030927835,0.8969072164948454,0.8235294117647058,1,0.5740640260444927,
NaiveBayes_iter2.csv,17,0.11778290993071594,0.5604395604395604,0.1946564885496183,0.10911595362951995,0.8743728431924422,0.684305930836071,0.2131363868610024,0.13186813186813187,0.23076923076923078,0.2857142857142857,0.3956043956043956,0.4175824175824176,0.4725274725274725,0.5054945054945055,0.5824175824175825,0.6153846153846154,0.6373626373626373,0.6923076923076923,0.7582417582417582,0.7802197802197802,0.8241758241758241,0.8901098901098901,0.9120879120879121,0.945054945054945,0.989010989010989,1.0,0.548512399711177,0.13186813186813187,0.23076923076923078,0.2857142857142857,0.3956043956043956,0.4175824175824176,0.4725274725274725,0.5054945054945055,0.5824175824175825,0.6153846153846154,0.6373626373626373,0.6923076923076923,0.7582417582417582,0.7802197802197802,0.8241758241758241,0.8901098901098901,0.9120879120879121,0.945054945054945,0.989010989010989,1.0,0.6328016047377973,0.1333333333333333,0.23076923076923084,0.2857142857142857,0.39560439560439553,0.41758241758241765,0.4725274725274725,0.5054945054945055,0.5824175824175825,0.6153846153846154,0.6373626373626373,0.6923076923076923,0.7582417582417582,0.7802197802197802,0.8241758241758241,0.8901098901098901,0.9120879120879121,0.9425287356321839,0.9473684210526317,1,0.6350491613649509,
IBk_SMOTE_iter1.csv,0,0.2956810631229236,0.27300613496932513,0.2838915470494418,0.2638810748024963,0.7079057799507957,0.41508014661633563,0.14299514476161954,0.3498452012383901,0.4117647058823529,0.4582043343653251,0.4891640866873065,0.5170278637770898,0.6068111455108359,0.6099071207430341,0.631578947368421,0.6439628482972136,0.6594427244582043,0.6749226006191951,0.7027863777089783,0.7089783281733746,0.7275541795665634,0.7678018575851393,0.7863777089783281,0.8080495356037152,0.8235294117647058,1.0,0.35401064175304847,0.3498452012383901,0.4117647058823529,0.4582043343653251,0.4891640866873065,0.5170278637770898,0.6068111455108359,0.6099071207430341,0.631578947368421,0.6439628482972136,0.6594427244582043,0.6749226006191951,0.7027863777089783,0.7089783281733746,0.7275541795665634,0.7678018575851393,0.7863777089783281,0.8080495356037152,0.8235294117647058,1.0,0.45284058322129456,0.4296577946768061,0.45547945205479445,0.47435897435897434,0.4891640866873065,0.5154320987654321,0.6049382716049383,0.6080246913580247,0.6296296296296295,0.6419753086419753,0.6574074074074073,0.6728395061728395,0.7006172839506173,0.70679012345679,0.7023411371237458,0.3153153153153153,0,0,0,0.0,0.6514583672804303,
RandomForest_BestFirst_iter3.csv,6,0.11764705882352941,0.041237113402061855,0.061068702290076333,0.03854284740267008,0.6612866808161353,0.07918349093096118,0.05614191553882688,0.10416666666666667,0.20833333333333334,0.22916666666666666,0.2916666666666667,0.3333333333333333,0.375,0.3958333333333333,0.4270833333333333,0.4791666666666667,0.5625,0.6041666666666666,0.6666666666666666,0.6979166666666666,0.75,0.7916666666666666,0.8854166666666666,0.90625,0.9270833333333334,1.0,0.4726947751428298,0.10416666666666667,0.20833333333333334,0.22916666666666666,0.2916666666666667,0.3333333333333333,0.375,0.3958333333333333,0.4270833333333333,0.4791666666666667,0.5625,0.6041666666666666,0.6666666666666666,0.6979166666666666,0.75,0.7916666666666666,0.8854166666666666,0.90625,0.9270833333333334,1.0,0.49385592544125617,0.1030927835051546,0.20618556701030932,0.22680412371134018,0.2886597938144331,0.3298969072164948,0.3711340206185567,0.39175257731958757,0.42268041237113396,0.47422680412371143,0.5567010309278351,0.5979381443298968,0.6597938144329896,0.6907216494845361,0.7422680412371134,0.7835051546391751,0.8762886597938143,0.8969072164948453,0.7647058823529411,0.0,0.5597587719298246,
NaiveBayes_SMOTE_iter4.csv,5,0.08608058608058608,0.6266666666666667,0.15136876006441224,0.08527231374634268,0.877037394451146,0.7319018077370719,0.19930506646893847,0.27941176470588236,0.38235294117647056,0.4852941176470588,0.5147058823529411,0.5441176470588235,0.5588235294117647,0.5882352941176471,0.6323529411764706,0.6470588235294118,0.7352941176470589,0.7647058823529411,0.7941176470588235,0.8382352941176471,0.8382352941176471,0.8970588235294118,0.9117647058823529,0.9264705882352942,1.0,1.0,0.6198430412556699,0.27941176470588236,0.38235294117647056,0.4852941176470588,0.5147058823529411,0.5441176470588235,0.5588235294117647,0.5882352941176471,0.6323529411764706,0.6470588235294118,0.7352941176470589,0.7647058823529411,0.7941176470588235,0.8382352941176471,0.8382352941176471,0.8970588235294118,0.9117647058823529,0.9264705882352942,1.0,1.0,0.7020123839009288,0.27941176470588236,0.38235294117647056,0.4852941176470589,0.5147058823529411,0.5441176470588235,0.5588235294117647,0.5882352941176471,0.6323529411764706,0.6470588235294118,0.7352941176470589,0.7647058823529411,0.7941176470588235,0.8382352941176471,0.8382352941176471,0.8970588235294118,0.9117647058823529,0.9264705882352942,1.0,1,0.7020123839009288,
RandomForest_BestFirst_iter2.csv,5,0.18421052631578946,0.15384615384615385,0.16766467065868262,0.1064269304363024,0.680098457063141,0.26595308487451175,0.14641071207642276,0.08791208791208792,0.15384615384615385,0.21978021978021978,0.25274725274725274,0.32967032967032966,0.37362637362637363,0.4065934065934066,0.4725274725274725,0.5054945054945055,0.5604395604395604,0.6153846153846154,0.6483516483516484,0.7032967032967034,0.7362637362637363,0.7912087912087912,0.8021978021978022,0.8791208791208791,0.945054945054945,1.0,0.5440868680146548,0.08791208791208792,0.15384615384615385,0.21978021978021978,0.25274725274725274,0.32967032967032966,0.37362637362637363,0.4065934065934066,0.4725274725274725,0.5054945054945055,0.5604395604395604,0.6153846153846154,0.6483516483516484,0.7032967032967034,0.7362637362637363,0.7912087912087912,0.8021978021978022,0.8791208791208791,0.945054945054945,1.0,0.5405643570511275,0.0888888888888889,0.15384615384615385,0.21978021978021978,0.25274725274725274,0.3296703296703296,0.37362637362637363,0.4065934065934066,0.4725274725274725,0.5054945054945055,0.5604395604395604,0.6153846153846154,0.6483516483516484,0.7032967032967034,0.7362637362637363,0.7912087912087912,0.8021978021978022,0.8735632183908046,0.7368421052631577,1,0.551764025448236,
NaiveBayes_iter3.csv,0,0.11444141689373297,0.4329896907216495,0.1810344827586207,0.11265934872462365,0.9046079631936708,0.5880764036272429,0.18614240512708147,0.22916666666666666,0.2708333333333333,0.3229166666666667,0.34375,0.375,0.4375,0.5,0.5416666666666666,0.5833333333333334,0.625,0.7083333333333334,0.7395833333333334,0.7916666666666666,0.8645833333333334,0.9270833333333334,0.9583333333333334,0.96875,0.9895833333333334,1.0,0.5073409722000575,0.22916666666666666,0.2708333333333333,0.3229166666666667,0.34375,0.375,0.4375,0.5,0.5416666666666666,0.5833333333333334,0.625,0.7083333333333334,0.7395833333333334,0.7916666666666666,0.8645833333333334,0.9270833333333334,0.9583333333333334,0.96875,0.9895833333333334,1.0,0.5801921419680189,0.22680412371134018,0.268041237113402,0.31958762886597947,0.3402061855670103,0.3711340206185567,0.4329896907216495,0.4948453608247423,0.536082474226804,0.5773195876288659,0.6185567010309279,0.7010309278350515,0.731958762886598,0.7835051546391751,0.8556701030927835,0.9175257731958762,0.9484536082474226,0.9587628865979381,0.9411764705882352,0.0,0.6408991228070176,
RandomForest_SMOTE_iter2.csv,0,0.07692307692307693,0.24175824175824176,0.11671087533156499,0.05553118899200072,0.591903165240741,0.3825509233394235,0.09188586294604481,0.03296703296703297,0.08791208791208792,0.14285714285714285,0.18681318681318682,0.2857142857142857,0.37362637362637363,0.4725274725274725,0.5274725274725275,0.5384615384615384,0.5824175824175825,0.6043956043956044,0.6263736263736264,0.6593406593406593,0.7142857142857143,0.7802197802197802,0.8571428571428571,0.8791208791208791,0.9120879120879121,1.0,0.5201349504339284,0.03296703296703297,0.08791208791208792,0.14285714285714285,0.18681318681318682,0.2857142857142857,0.37362637362637363,0.4725274725274725,0.5274725274725275,0.5384615384615384,0.5824175824175825,0.6043956043956044,0.6263736263736264,0.6593406593406593,0.7142857142857143,0.7802197802197802,0.8571428571428571,0.8791208791208791,0.9120879120879121,1.0,0.5223897031424016,0.033333333333333326,0.08791208791208793,0.1428571428571428,0.18681318681318682,0.2857142857142857,0.37362637362637363,0.4725274725274725,0.5274725274725275,0.5384615384615384,0.5824175824175825,0.6043956043956044,0.6263736263736264,0.6593406593406593,0.7142857142857143,0.7802197802197802,0.8571428571428571,0.8735632183908046,0.5789473684210527,1,0.5401966454598034,
NaiveBayes_iter1.csv,4,0.2764505119453925,0.24846625766871167,0.2617124394184168,0.2697627617139676,0.8378787642863817,0.38609169695275375,0.11895526075087419,0.08950617283950617,0.10802469135802469,0.12345679012345678,0.15432098765432098,0.17901234567901234,0.20987654320987653,0.22839506172839505,0.23765432098765432,0.25308641975308643,0.2654320987654321,0.2716049382716049,0.2932098765432099,0.33024691358024694,0.345679012345679,0.3765432098765432,0.44135802469135804,0.6697530864197531,0.7530864197530864,1.0,0.1753172857525095,0.08950617283950617,0.10802469135802469,0.12345679012345678,0.15432098765432098,0.17901234567901234,0.20987654320987653,0.22839506172839505,0.23765432098765432,0.25308641975308643,0.2654320987654321,0.2716049382716049,0.2932098765432099,0.33024691358024694,0.345679012345679,0.3765432098765432,0.44135802469135804,0.6697530864197531,0.7530864197530864,1.0,0.2143484990207133,0.11026615969581743,0.11986301369863017,0.1282051282051282,0.15479876160990713,0.17901234567901236,0.2098765432098766,0.22839506172839508,0.23765432098765427,0.25308641975308643,0.26543209876543217,0.2716049382716049,0.29320987654320985,0.33024691358024694,0.29096989966555176,0,0,0,0,1,0.33317089018843404,
IBk_SMOTE_iter2.csv,6,0.051111111111111114,0.25274725274725274,0.08502772643253234,0.03613845028503022,0.6371913164786215,0.3911033198203133,0.05585069722615319,0.03333333333333333,0.1,0.12222222222222222,0.2,0.25555555555555554,0.28888888888888886,0.3,0.37777777777777777,0.4444444444444444,0.5111111111111111,0.5333333333333333,0.6222222222222222,0.6888888888888889,0.7333333333333333,0.7777777777777778,0.8222222222222222,0.8888888888888888,0.9555555555555556,1.0,0.4944255678518741,0.03333333333333333,0.1,0.12222222222222222,0.2,0.25555555555555554,0.28888888888888886,0.3,0.37777777777777777,0.4444444444444444,0.5111111111111111,0.5333333333333333,0.6222222222222222,0.6888888888888889,0.7333333333333333,0.7777777777777778,0.8222222222222222,0.8888888888888888,0.9555555555555556,1.0,0.43931765054126304,0.033333333333333326,0.09890109890109888,0.1208791208791209,0.19780219780219777,0.25274725274725274,0.2857142857142857,0.29670329670329676,0.37362637362637363,0.43956043956043955,0.5054945054945055,0.5274725274725275,0.6153846153846154,0.6813186813186813,0.7252747252747253,0.7692307692307693,0.8131868131868132,0.8735632183908046,0.7368421052631582,0.0,0.508187134502924,
RandomForest_BestFirst_iter1.csv,0,0.37254901960784315,0.1165644171779141,0.17757009345794392,0.3628303454209145,0.6414254461088098,0.20787264833574529,0.12705990840539144,0.12654320987654322,0.35802469135802467,0.43209876543209874,0.4660493827160494,0.49074074074074076,0.5154320987654321,0.5401234567901234,0.5740740740740741,0.7314814814814815,0.7530864197530864,0.7654320987654321,0.7746913580246914,0.8117283950617284,0.8240740740740741,0.8333333333333334,0.8487654320987654,0.8950617283950617,0.9876543209876543,1.0,0.303226557056883,0.12654320987654322,0.35802469135802467,0.43209876543209874,0.4660493827160494,0.49074074074074076,0.5154320987654321,0.5401234567901234,0.5740740740740741,0.7314814814814815,0.7530864197530864,0.7654320987654321,0.7746913580246914,0.8117283950617284,0.8240740740740741,0.8333333333333334,0.8487654320987654,0.8950617283950617,0.9876543209876543,1.0,0.5571152840226224,0.155893536121673,0.3972602739726028,0.4487179487179488,0.4674922600619196,0.4907407407407407,0.5154320987654321,0.5401234567901234,0.5740740740740741,0.7314814814814815,0.7530864197530864,0.7654320987654321,0.7746913580246914,0.8117283950617284,0.8093645484949833,0.5135135135135136,0.16949152542372892,0,0.6666666666666656,1,0.6699155295646524,
IBk_SMOTE_iter3.csv,14,0.06701030927835051,0.13402061855670103,0.08934707903780069,0.041798041211936206,0.6768130224700298,0.23500499568831792,0.06257616959558998,0.13402061855670103,0.18556701030927836,0.20618556701030927,0.31958762886597936,0.36082474226804123,0.41237113402061853,0.5257731958762887,0.5670103092783505,0.5773195876288659,0.6391752577319587,0.6701030927835051,0.7319587628865979,0.7938144329896907,0.8247422680412371,0.8762886597938144,0.9278350515463918,0.9896907216494846,1.0,1.0,0.6413456321215409,0.13402061855670103,0.18556701030927836,0.20618556701030927,0.31958762886597936,0.36082474226804123,0.41237113402061853,0.5257731958762887,0.5670103092783505,0.5773195876288659,0.6391752577319587,0.6701030927835051,0.7319587628865979,0.7938144329896907,0.8247422680412371,0.8762886597938144,0.9278350515463918,0.9896907216494846,1.0,1.0,0.6180141074335322,0.134020618556701,0.18556701030927836,0.2061855670103092,0.31958762886597936,0.3608247422680413,0.41237113402061853,0.5257731958762887,0.5670103092783505,0.5773195876288659,0.6391752577319587,0.6701030927835051,0.7319587628865979,0.7938144329896907,0.8247422680412371,0.8762886597938144,0.9278350515463918,0.9896907216494846,1.0,1,0.6180141074335322,
NaiveBayes_BestFirst_iter4.csv,10,0.08201892744479496,0.3466666666666667,0.1326530612244898,0.08126634182778351,0.8986570164857256,0.5050350284763873,0.13857944255799337,0.20588235294117646,0.23529411764705882,0.29411764705882354,0.3382352941176471,0.39705882352941174,0.4411764705882353,0.5294117647058824,0.5882352941176471,0.6911764705882353,0.7352941176470589,0.75,0.8235294117647058,0.8529411764705882,0.8970588235294118,0.9264705882352942,0.9264705882352942,0.9411764705882353,0.9852941176470589,1.0,0.593203254373965,0.20588235294117646,0.23529411764705882,0.29411764705882354,0.3382352941176471,0.39705882352941174,0.4411764705882353,0.5294117647058824,0.5882352941176471,0.6911764705882353,0.7352941176470589,0.75,0.8235294117647058,0.8529411764705882,0.8970588235294118,0.9264705882352942,0.9264705882352942,0.9411764705882353,0.9852941176470589,1.0,0.6605407156742745,0.2058823529411764,0.23529411764705888,0.2941176470588236,0.3382352941176471,0.3970588235294117,0.4411764705882353,0.5294117647058824,0.5882352941176471,0.6911764705882353,0.7352941176470589,0.75,0.8235294117647058,0.8529411764705882,0.8970588235294118,0.9264705882352942,0.9264705882352942,0.9411764705882353,0.9767441860465117,1,0.6609907120743034,
RandomForest_SMOTE_iter1.csv,0,0.34497816593886466,0.24233128834355827,0.28468468468468466,0.3481622337709165,0.6082923297312444,0.3822796837354508,0.17040885374454912,0.3549382716049383,0.41975308641975306,0.47530864197530864,0.5061728395061729,0.5370370370370371,0.6018518518518519,0.6296296296296297,0.6450617283950617,0.6697530864197531,0.6759259259259259,0.7037037037037037,0.7098765432098766,0.7191358024691358,0.7253086419753086,0.7314814814814815,0.7469135802469136,0.7592592592592593,0.8919753086419753,1.0,0.2885616002154105,0.3549382716049383,0.41975308641975306,0.47530864197530864,0.5061728395061729,0.5370370370370371,0.6018518518518519,0.6296296296296297,0.6450617283950617,0.6697530864197531,0.6759259259259259,0.7037037037037037,0.7098765432098766,0.7191358024691358,0.7253086419753086,0.7314814814814815,0.7469135802469136,0.7592592592592593,0.8919753086419753,1.0,0.5113093750381136,0.43726235741444863,0.4657534246575342,0.4935897435897436,0.5077399380804954,0.5370370370370371,0.6018518518518519,0.6296296296296297,0.6450617283950617,0.6697530864197531,0.6759259259259259,0.7037037037037037,0.7098765432098766,0.7191358024691358,0.7023411371237458,0.21621621621621623,0,0,0,1,0.6580571799870045,
NaiveBayes_iter4.csv,4,0.09693877551020408,0.5066666666666667,0.16274089935760172,0.09253179247896819,0.9199002814636107,0.6520895809521654,0.19174178638160305,0.27941176470588236,0.38235294117647056,0.4117647058823529,0.4264705882352941,0.47058823529411764,0.5147058823529411,0.5735294117647058,0.6176470588235294,0.6764705882352942,0.75,0.7941176470588235,0.8529411764705882,0.8676470588235294,0.8970588235294118,0.8970588235294118,0.9558823529411765,0.9705882352941176,0.9852941176470589,1.0,0.6326769385844911,0.27941176470588236,0.38235294117647056,0.4117647058823529,0.4264705882352941,0.47058823529411764,0.5147058823529411,0.5735294117647058,0.6176470588235294,0.6764705882352942,0.75,0.7941176470588235,0.8529411764705882,0.8676470588235294,0.8970588235294118,0.8970588235294118,0.9558823529411765,0.9705882352941176,0.9852941176470589,1.0,0.7007883936928504,0.27941176470588236,0.38235294117647056,0.4117647058823529,0.42647058823529416,0.47058823529411764,0.5147058823529411,0.5735294117647058,0.6176470588235294,0.6764705882352942,0.75,0.7941176470588235,0.8529411764705882,0.8676470588235294,0.8970588235294118,0.8970588235294118,0.9558823529411765,0.9705882352941176,0.9767441860465117,1,0.7012383900928791,
NaiveBayes_SMOTE_iter2.csv,18,0.10136157337367625,0.7362637362637363,0.17819148936170212,0.09462965480940401,0.8630307014016846,0.7718307949563882,0.2244273348532986,0.14285714285714285,0.21978021978021978,0.26373626373626374,0.34065934065934067,0.4065934065934066,0.4835164835164835,0.5494505494505495,0.5824175824175825,0.6373626373626373,0.6703296703296703,0.7472527472527473,0.7912087912087912,0.8351648351648352,0.8351648351648352,0.8901098901098901,0.9120879120879121,0.945054945054945,0.9560439560439561,1.0,0.5502740983875762,0.14285714285714285,0.21978021978021978,0.26373626373626374,0.34065934065934067,0.4065934065934066,0.4835164835164835,0.5494505494505495,0.5824175824175825,0.6373626373626373,0.6703296703296703,0.7472527472527473,0.7912087912087912,0.8351648351648352,0.8351648351648352,0.8901098901098901,0.9120879120879121,0.945054945054945,0.9560439560439561,1.0,0.6337516857432801,0.14444444444444438,0.21978021978021978,0.2637362637362637,0.34065934065934067,0.4065934065934066,0.4835164835164836,0.5494505494505495,0.5824175824175825,0.6373626373626373,0.6703296703296703,0.7472527472527473,0.7912087912087912,0.8351648351648352,0.8351648351648352,0.8901098901098901,0.9120879120879121,0.9425287356321839,0.7894736842105265,1,0.6425679583574321,
NaiveBayes_SMOTE_iter3.csv,5,0.08020050125313283,0.32989690721649484,0.12903225806451613,0.07913969430601946,0.6197042424500009,0.48359531233200737,0.12082990187143462,0.10309278350515463,0.14432989690721648,0.17525773195876287,0.21649484536082475,0.23711340206185566,0.28865979381443296,0.35051546391752575,0.38144329896907214,0.41237113402061853,0.4948453608247423,0.5257731958762887,0.5773195876288659,0.5876288659793815,0.5979381443298969,0.6597938144329897,0.7525773195876289,0.9072164948453608,0.9896907216494846,1.0,0.4690402476780186,0.10309278350515463,0.14432989690721648,0.17525773195876287,0.21649484536082475,0.23711340206185566,0.28865979381443296,0.35051546391752575,0.38144329896907214,0.41237113402061853,0.4948453608247423,0.5257731958762887,0.5773195876288659,0.5876288659793815,0.5979381443298969,0.6597938144329897,0.7525773195876289,0.9072164948453608,0.9896907216494846,1.0,0.49383996680603875,0.1030927835051546,0.14432989690721643,0.17525773195876293,0.21649484536082475,0.23711340206185572,0.28865979381443296,0.35051546391752575,0.38144329896907214,0.41237113402061853,0.4948453608247423,0.5257731958762887,0.5773195876288659,0.5876288659793815,0.5979381443298969,0.6597938144329897,0.7525773195876289,0.9072164948453608,0.9705882352941178,1,0.4948453608247422,
RandomForest_BestFirst_iter4.csv,0,0.5666666666666667,0.22666666666666666,0.3238095238095238,0.3628915342726003,0.8665765983112186,0.3693504922903001,0.351529497781169,0.39705882352941174,0.5147058823529411,0.6911764705882353,0.7794117647058824,0.8529411764705882,0.8676470588235294,0.8970588235294118,0.9117647058823529,0.9411764705882353,0.9411764705882353,0.9852941176470589,0.9852941176470589,0.9852941176470589,0.9852941176470589,0.9852941176470589,0.9852941176470589,0.9852941176470589,1.0,1.0,0.8916408668730649,0.39705882352941174,0.5147058823529411,0.6911764705882353,0.7794117647058824,0.8529411764705882,0.8676470588235294,0.8970588235294118,0.9117647058823529,0.9411764705882353,0.9411764705882353,0.9852941176470589,0.9852941176470589,0.9852941176470589,0.9852941176470589,0.9852941176470589,0.9852941176470589,0.9852941176470589,1.0,1.0,0.8784829721362227,0.3970588235294117,0.5147058823529411,0.6911764705882353,0.7794117647058824,0.8529411764705882,0.8676470588235294,0.8970588235294118,0.9117647058823529,0.9411764705882353,0.9411764705882353,0.9852941176470589,0.9852941176470589,0.9852941176470589,0.9852941176470589,0.9852941176470589,0.9852941176470589,0.9852941176470589,1.0,1,0.8784829721362227,
NaiveBayes_BestFirst_iter1.csv,3,0.29365079365079366,0.22699386503067484,0.2560553633217993,0.2700217698277388,0.7631010401420074,0.36148518795468687,0.12677651852707086,0.09567901234567901,0.12345679012345678,0.14506172839506173,0.1697530864197531,0.2006172839506173,0.2191358024691358,0.22530864197530864,0.24074074074074073,0.25617283950617287,0.2716049382716049,0.2777777777777778,0.46296296296296297,0.5524691358024691,0.5833333333333334,0.7438271604938271,0.8055555555555556,0.8703703703703703,0.9320987654320988,1.0,0.1813095766459935,0.09567901234567901,0.12345679012345678,0.14506172839506173,0.1697530864197531,0.2006172839506173,0.2191358024691358,0.22530864197530864,0.24074074074074073,0.25617283950617287,0.2716049382716049,0.2777777777777778,0.46296296296296297,0.5524691358024691,0.5833333333333334,0.7438271604938271,0.8055555555555556,0.8703703703703703,0.9320987654320988,1.0,0.26754284453694105,0.11787072243346008,0.136986301369863,0.15064102564102566,0.1702786377708978,0.2006172839506173,0.21913580246913578,0.22530864197530864,0.2407407407407407,0.25617283950617287,0.2716049382716049,0.2777777777777778,0.462962962962963,0.5524691358024691,0.548494983277592,0.2522522522522521,0,0,0,1,0.4303118908382066,
RandomForest_SMOTE_iter4.csv,0,0.24183006535947713,0.49333333333333335,0.32456140350877194,0.12104729762955505,0.8497756332931238,0.6544891776792379,0.32891809828462215,0.47058823529411764,0.7205882352941176,0.8088235294117647,0.8676470588235294,0.8970588235294118,0.9264705882352942,0.9264705882352942,0.9411764705882353,0.9705882352941176,0.9852941176470589,0.9852941176470589,1.0,1.0,1.0,1.0,1.0,1.0,1.0,1.0,0.9396284829721362,0.47058823529411764,0.7205882352941176,0.8088235294117647,0.8676470588235294,0.8970588235294118,0.9264705882352942,0.9264705882352942,0.9411764705882353,0.9705882352941176,0.9852941176470589,0.9852941176470589,1.0,1.0,1.0,1.0,1.0,1.0,1.0,1.0,0.9210526315789473,0.47058823529411764,0.7205882352941176,0.8088235294117647,0.8676470588235294,0.8970588235294118,0.9264705882352942,0.9264705882352942,0.9411764705882353,0.9705882352941176,0.9852941176470589,0.9852941176470589,1.0,1.0,1.0,1.0,1.0,1.0,1.0,1,0.9210526315789473,
NaiveBayes_BestFirst_iter3.csv,6,0.11073825503355705,0.3402061855670103,0.1670886075949367,0.107729434822101,0.8843028553061831,0.49842009084738687,0.15932153738927374,0.15463917525773196,0.1958762886597938,0.24742268041237114,0.28865979381443296,0.3711340206185567,0.4329896907216495,0.4845360824742268,0.5257731958762887,0.5773195876288659,0.6494845360824743,0.6907216494845361,0.711340206185567,0.7628865979381443,0.8247422680412371,0.8762886597938144,0.9072164948453608,0.9278350515463918,0.9690721649484536,1.0,0.5505090804634388,0.15463917525773196,0.1958762886597938,0.24742268041237114,0.28865979381443296,0.3711340206185567,0.4329896907216495,0.4845360824742268,0.5257731958762887,0.5773195876288659,0.6494845360824743,0.6907216494845361,0.711340206185567,0.7628865979381443,0.8247422680412371,0.8762886597938144,0.9072164948453608,0.9278350515463918,0.9690721649484536,1.0,0.607401615013884,0.15463917525773196,0.19587628865979378,0.24742268041237114,0.28865979381443296,0.3711340206185567,0.4329896907216495,0.48453608247422686,0.5257731958762887,0.5773195876288659,0.6494845360824743,0.6907216494845361,0.711340206185567,0.7628865979381443,0.8247422680412371,0.8762886597938144,0.9072164948453608,0.9278350515463918,0.9117647058823529,1,0.6104177970699945,
IBk_SMOTE_iter4.csv,1,0.21982758620689655,0.68,0.3322475570032573,0.10718916586672757,0.8736501809408929,0.7948338395305635,0.36885504775371813,0.36764705882352944,0.5735294117647058,0.7941176470588235,0.8529411764705882,0.8529411764705882,0.8823529411764706,0.9117647058823529,0.9117647058823529,0.9117647058823529,0.9117647058823529,0.9117647058823529,0.9117647058823529,0.9411764705882353,0.9852941176470589,1.0,1.0,1.0,1.0,1.0,0.8908668730650154,0.36764705882352944,0.5735294117647058,0.7941176470588235,0.8529411764705882,0.8529411764705882,0.8823529411764706,0.9117647058823529,0.9117647058823529,0.9117647058823529,0.9117647058823529,0.9117647058823529,0.9117647058823529,0.9411764705882353,0.9852941176470589,1.0,1.0,1.0,1.0,1.0,0.880030959752322,0.36764705882352944,0.5735294117647058,0.7941176470588235,0.8529411764705882,0.8529411764705882,0.8823529411764706,0.9117647058823529,0.9117647058823529,0.9117647058823529,0.9117647058823529,0.9117647058823529,0.9117647058823529,0.9411764705882353,0.9852941176470589,1.0,1.0,1.0,1.0,1,0.880030959752322,
NaiveBayes_SMOTE_iter1.csv,2,0.23167848699763594,0.3006134969325153,0.2616822429906542,0.23773829318323839,0.7634299772663579,0.43607920693469726,0.08554264052150616,0.09567901234567901,0.12962962962962962,0.15432098765432098,0.1697530864197531,0.18518518518518517,0.2191358024691358,0.23765432098765432,0.25925925925925924,0.2777777777777778,0.2932098765432099,0.3055555555555556,0.32098765432098764,0.33024691358024694,0.3549382716049383,0.3734567901234568,0.42901234567901236,0.6265432098765432,0.808641975308642,1.0,0.18163663859980905,0.09567901234567901,0.12962962962962962,0.15432098765432098,0.1697530864197531,0.18518518518518517,0.2191358024691358,0.23765432098765432,0.25925925925925924,0.2777777777777778,0.2932098765432099,0.3055555555555556,0.32098765432098764,0.33024691358024694,0.3549382716049383,0.3734567901234568,0.42901234567901236,0.6265432098765432,0.808641975308642,1.0,0.22748721458209165,0.11787072243346008,0.14383561643835618,0.16025641025641024,0.1702786377708978,0.18518518518518512,0.21913580246913578,0.23765432098765427,0.2592592592592593,0.2777777777777778,0.29320987654320985,0.3055555555555556,0.32098765432098764,0.33024691358024694,0.3010033444816054,0,0,0,0,1,0.3458414554905784,
NaiveBayes_BestFirst_iter2.csv,2,0.12267657992565056,0.3626373626373626,0.18333333333333332,0.12805732535548164,0.8562757636890638,0.5210016944734098,0.17219382302770136,0.08791208791208792,0.16483516483516483,0.1978021978021978,0.2967032967032967,0.32967032967032966,0.42857142857142855,0.4725274725274725,0.4945054945054945,0.5604395604395604,0.6043956043956044,0.6483516483516484,0.6923076923076923,0.7362637362637363,0.7692307692307693,0.8021978021978022,0.8461538461538461,0.8791208791208791,0.945054945054945,1.0,0.5525270783175072,0.08791208791208792,0.16483516483516483,0.1978021978021978,0.2967032967032967,0.32967032967032966,0.42857142857142855,0.4725274725274725,0.4945054945054945,0.5604395604395604,0.6043956043956044,0.6483516483516484,0.6923076923076923,0.7362637362637363,0.7692307692307693,0.8021978021978022,0.8461538461538461,0.8791208791208791,0.945054945054945,1.0,0.5654342240262576,0.0888888888888889,0.1648351648351648,0.19780219780219777,0.29670329670329676,0.3296703296703296,0.4285714285714286,0.4725274725274725,0.4945054945054945,0.5604395604395604,0.6043956043956044,0.6483516483516484,0.6923076923076923,0.7362637362637363,0.7692307692307693,0.8021978021978022,0.8461538461538461,0.8735632183908046,0.7368421052631577,1,0.5766338924233662,
