ID,Size,PredictedProbability,ActualValue
0,1,0.046291812481813084,NO
1,9,0.0,NO
2,1,0.010094646094646094,NO
3,1,0.0,NO
4,1,0.0,NO
5,1,0.027242784380305602,NO
6,0,0.0,NO
7,1,0.0,NO
8,1,0.0,NO
9,1,0.0,NO
10,1,0.019210526315789473,NO
11,1,0.0,NO
12,3,0.10463639137239447,NO
13,1,0.0,NO
14,1,0.0,NO
15,1,0.01,NO
16,13,0.0,NO
17,0,0.0,NO
18,1,0.0,NO
19,3,0.013999999999999999,NO
20,3,0.0,NO
21,32,0.06,NO
22,1,0.0,NO
23,0,0.0,NO
24,1,0.0,NO
25,0,0.0,NO
26,0,0.0,NO
27,1,0.0,NO
28,1,0.0,NO
29,0,0.0,NO
30,1,0.0,NO
31,5,0.017857142857142853,NO
32,9,0.0,NO
33,8,0.01,NO
34,1,0.0,NO
35,1,0.0,NO
36,1,0.0,NO
37,1,0.0,NO
38,15,0.07,NO
39,0,0.0,NO
40,61,0.04875,NO
41,3,0.1412585296004537,NO
42,6,0.01,NO
43,7,0.041113636363636366,NO
44,13,0.0831168831168831,NO
45,15,0.03541666666666666,NO
46,53,0.5013916083916083,YES
47,1,0.0,NO
48,12,0.05955519480519479,NO
49,1,0.0,NO
50,1,0.0,NO
51,1,0.011428571428571429,NO
52,8,0.06,NO
53,1,0.0,NO
54,1,0.0,NO
55,1,0.0,NO
56,1,0.0,NO
57,6,0.0,NO
58,3,0.11044492027580262,NO
59,1,0.0,NO
60,6,0.03,NO
61,0,0.0,NO
62,1,0.0,NO
63,1,0.0,NO
64,8,0.07407753357753358,NO
65,7,0.04449498746867167,NO
66,4,0.0,NO
67,1,0.0,NO
68,14,0.1,NO
69,1,0.046291812481813084,YES
70,1,0.06360651869732135,NO
71,1,0.0,NO
72,0,0.0,NO
73,1,0.0,NO
74,1,0.049,NO
75,13,0.27,NO
76,1,0.046291812481813084,NO
77,0,0.0,NO
78,0,0.0,NO
79,1,0.0,NO
80,1,0.0,NO
81,1,0.0,NO
82,13,0.056313131313131315,NO
83,3,0.0,NO
84,7,0.3545987790215647,NO
85,1,0.0,NO
86,1,0.4287400513847643,NO
87,12,0.07937662337662336,NO
88,1,0.0,NO
89,9,0.07857142857142857,NO
90,1,0.0,YES
91,1,0.0,NO
92,13,0.13628463203463206,YES
93,3,0.01,NO
94,21,0.04028571428571429,NO
95,5,0.0,NO
96,13,0.0,NO
97,3,0.0,NO
98,3,0.04,NO
99,0,0.0,NO
100,3,0.013999999999999999,NO
101,1,0.18301698301698302,NO
102,1,0.0,NO
103,9,0.0875,NO
104,1,0.0,NO
105,1,0.0,NO
106,1,0.0,NO
107,3,0.011538461538461537,NO
108,6,0.01,NO
109,1,0.0,NO
110,14,0.053864357864357865,NO
111,1,0.0,NO
112,10,0.006,NO
113,1,0.01,NO
114,0,0.0,NO
115,1,0.0,NO
116,1,0.0,NO
117,1,0.0,NO
118,1,0.0,NO
119,2,0.027000000000000003,NO
120,10,0.0,NO
121,3,0.013999999999999999,NO
122,1,0.0,NO
123,6,0.00360248447204969,NO
124,1,0.0,NO
125,1,0.0,NO
126,1,0.0,NO
127,10,0.05,NO
128,1,0.0,NO
129,1,0.015950413223140496,NO
130,7,0.09974786324786326,NO
131,1,0.01,NO
132,1,0.0,NO
133,1,0.0,NO
134,0,0.0,NO
135,2,0.0,NO
136,4,0.06,NO
137,1,0.0,NO
138,1,0.0,NO
139,3,0.042222222222222223,NO
140,1,0.0,NO
141,2,0.032241405626895335,NO
142,6,0.0,NO
143,1,0.0,NO
144,1,0.0,NO
145,1,0.0,NO
146,3,0.0052991452991453,NO
147,0,0.0,NO
148,0,0.0,NO
149,1,0.0,NO
150,2,0.0,NO
151,1,0.0,NO
152,7,0.26038596789191354,NO
153,1,0.0,NO
154,3,0.0,NO
155,7,0.0,NO
156,8,0.0,NO
157,0,0.0,NO
158,1,0.0,NO
159,14,0.01625,NO
160,1,0.0,NO
161,1,0.0,NO
162,10,0.04102525252525252,NO
163,0,0.0,NO
164,1,0.011428571428571429,NO
165,3,0.0,NO
166,0,0.0,NO
167,67,0.15856394993894996,NO
168,1,0.0,NO
169,6,0.01,NO
170,1,0.0,NO
171,1,0.0,NO
172,5,0.0,NO
173,1,0.0,NO
174,1,0.0,NO
175,1,0.0,NO
176,1,0.0,NO
177,0,0.0,NO
178,1,0.0,NO
179,11,0.0,NO
180,3,0.0,NO
181,1,0.0,NO
182,1,0.0,NO
183,0,0.0,NO
184,1,0.0,NO
185,1,0.0,NO
186,1,0.0,NO
187,5,0.0,NO
188,1,0.0,NO
189,21,0.18312687312687312,NO
190,1,0.0,NO
191,0,0.0,NO
192,1,0.12916666666666665,NO
193,20,0.3061111111111111,YES
194,1,0.0,NO
195,0,0.036075189733123236,NO
196,1,0.0,NO
197,0,0.0,NO
198,21,0.23909090909090908,NO
199,0,0.0,NO
200,0,0.0,NO
201,0,0.0,NO
202,8,0.06,NO
203,0,0.0,NO
204,1,0.0,NO
205,1,0.0,NO
206,1,0.0,NO
207,1,0.05822477650063857,NO
208,1,0.0,NO
209,1,0.0,NO
210,1,0.0,NO
211,1,0.0,NO
212,1,0.0,NO
213,10,0.07285714285714284,NO
214,1,0.017142857142857147,NO
215,5,0.0,NO
216,3,0.004,NO
217,15,0.07236363636363637,NO
218,0,0.0,NO
219,5,0.0,NO
220,0,0.0,NO
221,1,0.0,NO
222,1,0.0,NO
223,1,0.0,NO
224,11,0.0,NO
225,1,0.0,NO
226,12,0.06812662337662337,NO
227,1,0.0,NO
228,3,0.0,NO
229,1,0.0,NO
230,1,0.01,NO
231,1,0.0,NO
232,5,0.0,NO
233,1,0.0,NO
234,1,0.0,NO
235,0,0.0,NO
236,0,0.0,NO
237,1,0.017142857142857147,NO
238,14,0.066,NO
239,13,0.07,NO
240,4,0.1150849150849151,NO
241,1,0.0,NO
242,1,0.02,NO
243,1,0.0,NO
244,0,0.027149758454106276,NO
245,1,0.0,NO
246,3,0.10463639137239447,NO
247,3,0.042222222222222223,NO
248,9,0.0,NO
249,1,0.01,NO
250,3,0.0,NO
251,1,0.0,NO
252,69,0.3906294137149399,NO
253,1,0.0,NO
254,9,0.01,NO
255,0,0.0,NO
256,0,0.0,NO
257,0,0.0,NO
258,0,0.0,NO
259,10,0.0,NO
260,0,0.0,NO
261,0,0.0,NO
262,1,0.0,NO
263,9,0.059333333333333335,NO
264,1,0.0,NO
265,9,0.0,NO
266,2,0.03640569134118103,NO
267,16,0.10433333333333332,NO
268,1,0.0,NO
269,0,0.0,NO
270,1,0.01,NO
271,1,0.0,NO
272,96,0.17,NO
273,9,0.0,NO
274,0,0.036075189733123236,NO
275,1,0.0,NO
276,8,0.02,NO
277,1,0.0,NO
278,1,0.0,NO
279,0,0.0,NO
280,0,0.0,NO
281,13,0.006999999999999999,NO
282,8,0.05440476190476191,NO
283,8,0.051563131313131325,NO
284,1,0.0,NO
285,3,0.013999999999999999,NO
286,1,0.0,NO
287,1,0.01983851674641148,NO
288,1,0.0,NO
289,9,0.0,NO
290,1,0.0,NO
291,1,0.0,NO
292,0,0.0,NO
293,1,0.0,NO
294,1,0.0,NO
295,1,0.027242784380305602,NO
296,8,0.05440476190476191,NO
297,1,0.0,NO
298,1,0.046291812481813084,NO
299,3,0.004,NO
300,1,0.0,NO
301,1,0.0,NO
302,31,0.009000000000000001,NO
303,1,0.0,NO
304,6,0.03571428571428571,NO
305,6,0.05426515151515152,NO
306,1,0.0,NO
307,1,0.04,NO
308,5,0.05008106449847272,NO
309,4,0.019,NO
310,1,0.0,NO
311,1,0.0,NO
312,0,0.0,NO
313,26,0.19016666666666668,YES
314,4,0.0,NO
315,1,0.0,NO
316,0,0.0,NO
317,1,0.0,NO
318,1,0.0,NO
319,0,0.0,NO
320,1,0.0,NO
321,2,0.04140740740740741,NO
322,1,0.0,NO
323,1,0.0,NO
324,13,0.0,NO
325,1,0.0,NO
326,3,0.020927349890140595,NO
327,1,0.0,NO
328,5,0.03194821731748727,NO
329,34,0.08,NO
330,1,0.0,NO
331,0,0.0,NO
332,2,0.019727244719446615,NO
333,1,0.008431372549019607,NO
334,1,0.0,NO
335,4,0.03,NO
336,3,0.013999999999999999,NO
337,1,0.0,NO
338,0,0.0,NO
339,0,0.0,NO
340,3,0.0,NO
341,1,0.0,NO
342,1,0.01250544662309368,NO
343,10,0.0,NO
344,0,0.0,NO
345,1,0.0,NO
346,0,0.0,NO
347,0,0.0,NO
348,5,0.0,NO
349,1,0.0,NO
350,3,0.013999999999999999,NO
351,9,0.02,NO
352,1,0.0,NO
353,9,0.0,NO
354,1,0.0,NO
355,1,0.0,NO
356,5,0.0,NO
357,1,0.0,NO
358,1,0.0,NO
359,0,0.0,NO
360,3,0.0,NO
361,1,0.02,NO
362,1,0.0,NO
363,1,0.0,NO
364,1,0.0,NO
365,0,0.0,NO
366,0,0.0,NO
367,1,0.0,NO
368,7,0.034166666666666665,NO
369,18,0.11353030303030302,NO
370,15,0.20555555555555555,NO
371,7,0.0,NO
372,1,0.0,NO
373,1,0.0,NO
374,6,0.01,NO
375,1,0.0,NO
376,0,0.0,NO
377,1,0.0,NO
378,0,0.0,NO
379,7,0.038911764705882354,NO
380,3,0.013999999999999999,NO
381,6,0.02,NO
382,1,0.0,NO
383,0,0.0,NO
384,1,0.0,NO
385,1,0.0,NO
386,12,0.0,NO
387,1,0.0,NO
388,1,0.0,NO
389,2,0.10348076923076924,NO
390,1,0.009130434782608695,NO
391,1,0.0,NO
392,16,0.10433333333333332,NO
393,0,0.0,NO
394,0,0.0,NO
395,1,0.0,NO
396,0,0.0,NO
397,1,0.01060528559249787,NO
398,1,0.0,NO
399,1,0.02,NO
400,1,0.0,NO
401,3,0.09,NO
402,1,0.0,NO
403,2,0.0,NO
404,8,0.01,NO
405,0,0.0,NO
406,1,0.0,NO
407,1,0.029132903012247593,NO
408,0,0.0,NO
409,1,0.0,NO
410,1,0.0,NO
411,3,0.0,NO
412,9,0.022696969696969695,NO
413,1,0.0,NO
414,1,0.0,NO
415,1,0.0,NO
416,6,0.11857081334931845,NO
417,1,0.0,NO
418,1,0.0,NO
419,2,0.0036407175200278653,NO
420,1,0.0,NO
421,1,0.0,NO
422,6,0.0,NO
423,1,0.0,NO
424,1,0.0,NO
425,1,0.0,NO
426,5,0.07,NO
427,1,0.046291812481813084,YES
428,2,0.0,NO
429,3,0.0,NO
430,1,0.0,NO
431,1,0.0,NO
432,12,0.04,NO
433,1,0.0,NO
434,1,0.0,NO
435,1,0.0,NO
436,4,0.11370147319857232,NO
437,1,0.0,NO
438,1,0.0,NO
439,1,0.0,NO
440,1,0.0,NO
441,3,0.0,NO
442,36,0.1,NO
443,1,0.0,NO
444,1,0.0,NO
445,1,0.0,NO
446,1,0.0,NO
447,5,0.0,NO
448,1,0.0,NO
449,1,0.0,NO
450,2,0.01,NO
451,1,0.0,NO
452,0,0.036075189733123236,NO
453,1,0.0,NO
454,1,0.0,NO
455,1,0.017142857142857147,NO
456,1,0.0,NO
457,1,0.0,NO
458,0,0.0,NO
459,4,0.027160714285714285,NO
460,1,0.0,NO
461,7,0.0,NO
462,1,0.0,NO
463,1,0.0,NO
464,3,0.0,NO
465,1,0.0,NO
466,1,0.0,NO
467,1,0.0,NO
468,3,0.0,NO
469,3,0.0,NO
470,1,0.0,NO
471,1,0.0,NO
472,1,0.0,NO
473,1,0.0,NO
474,5,0.07,NO
475,0,0.0,NO
476,10,0.0,NO
477,1,0.0,NO
478,1,0.015950413223140496,NO
479,0,0.0,NO
480,1,0.0,NO
481,0,0.0,NO
482,1,0.0,NO
483,1,0.0,NO
484,1,0.0,NO
485,0,0.0,NO
486,1,0.0,NO
487,0,0.0,NO
488,1,0.0,NO
489,41,0.08923076923076924,NO
490,1,0.0,NO
491,5,0.01,NO
492,18,0.17277777777777778,NO
493,1,0.0,NO
494,1,0.0,NO
495,1,0.0,NO
496,0,0.0,NO
497,1,0.010094646094646094,NO
498,6,0.0,NO
499,1,0.0,NO
500,1,0.0,NO
501,0,0.0,NO
502,1,0.0,NO
503,5,0.019166666666666665,NO
504,11,0.06,NO
505,1,0.0,NO
506,1,0.0,NO
507,6,0.0,NO
508,13,0.1277777777777778,NO
509,1,0.0,NO
510,1,0.0,NO
511,7,0.16923737373737371,YES
512,9,0.0,NO
513,1,0.0,NO
514,86,0.1985820764203117,NO
515,0,0.0,NO
516,0,0.0,NO
517,1,0.0,NO
518,6,0.11875,NO
519,1,0.0,NO
520,1,0.0,NO
521,1,0.027242784380305602,NO
522,1,0.0,NO
523,1,0.0,NO
524,1,0.0,NO
525,1,0.0,NO
526,7,0.06,NO
527,3,0.0,NO
528,30,0.04,NO
529,1,0.0,NO
530,1,0.0,NO
531,1,0.0,NO
532,1,0.0,NO
533,4,0.01,NO
534,1,0.0,NO
535,6,0.03,NO
536,5,0.0044482173174872665,NO
537,2,0.0,NO
538,1,0.01,NO
539,1,0.0,NO
540,3,0.013999999999999999,NO
541,1,0.0,NO
542,98,0.04,NO
543,0,0.0,NO
544,1,0.01060528559249787,NO
545,0,0.0,NO
546,1,0.0,NO
547,1,0.0,NO
548,6,0.04,NO
549,1,0.0,NO
550,40,0.1,NO
551,0,0.0,NO
552,1,0.004074074074074074,NO
553,12,0.018000000000000002,NO
554,2,0.0,NO
555,11,0.0,NO
556,8,0.05200000000000001,NO
557,5,0.05367853161331422,NO
558,1,0.0,NO
559,1,0.01,NO
560,5,0.0012903225806451613,NO
561,0,0.0,NO
562,35,0.029333333333333336,NO
563,3,0.1412585296004537,YES
564,13,0.0,NO
565,0,0.0,NO
566,0,0.0,NO
567,7,0.0,NO
568,11,0.0,NO
569,0,0.0,NO
570,1,0.4287400513847643,NO
571,12,0.04,NO
572,9,0.0,NO
573,20,0.09,NO
574,1,0.0,NO
575,1,0.0,NO
576,1,0.0,NO
577,9,0.019333333333333334,NO
578,1,0.0,NO
579,1,0.0,NO
580,0,0.0,NO
581,1,0.0,NO
582,6,0.03875,NO
583,1,0.0,NO
584,1,0.010094646094646094,NO
585,3,0.013999999999999999,NO
586,5,0.05966269841269841,NO
587,21,0.09375,YES
588,1,0.0,NO
589,1,0.0,NO
590,6,0.04,NO
591,2,0.019727244719446615,NO
592,1,0.0,NO
593,3,0.06242429887227505,NO
594,5,0.0,NO
595,1,0.0,NO
596,1,0.0,NO
597,1,0.0,NO
598,1,0.0,NO
599,1,0.0,NO
600,1,0.0,NO
601,1,0.0,NO
602,0,0.0,NO
603,0,0.0,NO
604,1,0.0,NO
605,1,0.0,NO
606,1,0.0,NO
607,1,0.0,NO
608,3,0.0,NO
609,7,0.08679487179487179,NO
610,3,0.013999999999999999,NO
611,25,0.31846590909090905,NO
612,1,0.0,NO
613,3,0.04,YES
614,6,0.01,NO
615,1,0.0,NO
616,0,0.0,NO
617,1,0.0,NO
618,21,0.29233333333333333,NO
619,12,0.0,NO
620,1,0.0,NO
621,1,0.0,NO
622,0,0.0,NO
623,1,0.0,NO
624,1,0.5685714285714286,YES
625,10,0.02895720361509835,NO
626,1,0.0,NO
627,1,0.046291812481813084,NO
628,1,0.0,NO
629,0,0.0,NO
630,2,0.0036407175200278653,NO
631,1,0.0,NO
632,18,0.18,NO
633,3,0.45415347810084655,YES
634,1,0.0,NO
635,8,0.0,NO
636,72,0.2997684733567087,NO
637,1,0.0,NO
638,1,0.0,NO
639,1,0.0,NO
640,1,0.0,NO
641,8,0.01,NO
642,1,0.0,NO
643,25,0.1772845904095904,NO
644,4,0.008888888888888889,NO
645,0,0.0,NO
646,0,0.036075189733123236,NO
647,15,0.01,NO
648,1,0.0,NO
649,6,0.01,NO
650,9,0.0,NO
651,1,0.0,NO
652,1,0.046291812481813084,NO
653,1,0.0,NO
654,1,0.0,NO
655,1,0.0,NO
656,1,0.0,NO
657,1,0.0,NO
658,1,0.0,NO
659,3,0.11044492027580262,NO
660,102,0.03,NO
661,0,0.0,NO
662,18,0.03890914786967419,NO
663,1,0.0,NO
664,1,0.0,NO
665,13,0.06509090909090907,NO
666,1,0.0,NO
667,1,0.0,NO
668,1,0.0,NO
669,3,0.04749007936507937,NO
670,36,0.05,NO
671,1,0.0,NO
672,1,0.0,NO
673,12,0.017875000000000002,NO
674,1,0.0,NO
675,13,0.018380952380952383,NO
676,8,0.02846153846153846,NO
677,2,0.01,NO
678,12,0.02,NO
679,1,0.0,NO
680,40,0.03,NO
681,0,0.0,NO
682,5,0.0,NO
683,1,0.0,NO
684,6,0.006153846153846154,NO
685,1,0.0,NO
686,0,0.0,NO
687,1,0.0,NO
688,1,0.0,NO
689,1,0.0,NO
690,9,0.00857142857142857,NO
691,1,0.0,NO
692,1,0.0,NO
693,1,0.0,NO
694,1,0.0,NO
695,1,0.0,NO
696,1,0.0,NO
697,1,0.0,NO
698,1,0.0,NO
699,4,0.01,NO
700,6,0.02,NO
701,0,0.0,NO
702,1,0.0,NO
703,1,0.049411764705882356,NO
704,8,0.01,NO
705,1,0.0,NO
706,1,0.0,NO
707,2,0.01,NO
708,1,0.010094646094646094,NO
709,6,0.02,NO
710,1,0.0,NO
711,1,0.0,NO
712,46,0.09785714285714286,NO
713,1,0.0,NO
714,1,0.0,NO
715,1,0.0,NO
716,1,0.0,NO
717,1,0.0,NO
718,0,0.0,NO
719,0,0.0,NO
720,0,0.0,NO
721,1,0.0,NO
722,0,0.0,NO
723,0,0.027149758454106276,NO
724,1,0.0,NO
725,1,0.0,NO
726,1,0.04,NO
727,1,0.0,NO
728,1,0.0,NO
729,1,0.0,NO
730,0,0.0,NO
731,0,0.0,NO
732,0,0.0,NO
733,1,0.0,NO
734,1,0.0,NO
735,1,0.0,NO
736,1,0.0,NO
737,15,0.0,NO
738,1,0.027242784380305602,NO
739,0,0.0,NO
740,1,0.0,NO
741,1,0.0,NO
742,1,0.0,NO
743,1,0.0,NO
744,7,0.16173294778421818,YES
745,1,0.0,NO
746,2,0.0,NO
747,1,0.0,NO
748,1,0.0,NO
749,1,0.0,NO
750,3,0.0,NO
751,1,0.0,NO
752,5,0.007857142857142856,NO
753,1,0.0,NO
754,1,0.0,NO
755,6,0.01,NO
756,1,0.0,NO
757,1,0.0,NO
758,2,0.013846153846153847,NO
759,1,0.0,NO
760,1,0.0,NO
761,8,0.01,NO
762,23,0.06608625730994153,NO
763,1,0.0,NO
764,1,0.0,NO
765,2,0.0,NO
766,1,0.0,NO
767,44,0.07,NO
768,1,0.0,NO
769,9,0.016306818181818183,NO
770,1,0.0,NO
771,1,0.0,NO
772,5,0.05966269841269841,NO
773,1,0.0,NO
774,2,0.0,NO
775,2,0.05954545454545455,NO
776,1,0.0,NO
777,15,0.018787878787878787,NO
778,1,0.0,NO
779,1,0.0,NO
780,1,0.0,NO
781,1,0.14916666666666667,NO
782,1,0.0,NO
783,1,0.0,NO
784,1,0.0,NO
785,1,0.0,NO
786,17,0.33,NO
787,3,0.0,NO
788,0,0.0,NO
789,5,0.05367853161331422,NO
790,10,0.01732142857142857,NO
791,6,0.0,NO
792,29,0.15577777777777777,NO
793,4,0.01,NO
794,0,0.0,NO
795,0,0.0,NO
796,1,0.0,NO
797,1,0.0,NO
798,0,0.0,NO
799,1,0.0,NO
800,2,0.0036407175200278653,NO
801,3,0.0,NO
802,0,0.0,NO
803,0,0.0,NO
804,3,0.0,NO
805,0,0.0,NO
806,10,0.01732142857142857,NO
807,0,0.0,NO
808,28,0.19575757575757577,NO
809,1,0.022353921995070324,NO
810,41,0.14933333333333335,NO
811,0,0.0,NO
812,4,0.01,NO
813,1,0.0,NO
814,17,0.07,NO
815,1,0.0,NO
816,1,0.11609090909090909,NO
817,1,0.0,NO
818,7,0.10666666666666666,NO
819,18,0.1275,NO
820,1,0.0,NO
821,0,0.0,NO
822,1,0.0,NO
823,1,0.0,NO
824,1,0.0,NO
825,21,0.15,NO
826,1,0.0,NO
827,1,0.0,NO
828,1,0.03141782458689913,NO
829,0,0.0,NO
830,81,0.11478632478632479,NO
831,5,0.0,NO
832,14,0.13,NO
833,9,0.02865546218487395,NO
834,0,0.0,NO
835,2,0.0036407175200278653,NO
836,1,0.0,NO
837,4,0.008,NO
838,1,0.0,NO
839,1,0.0,NO
840,2,0.01,NO
841,9,0.027999999999999997,NO
842,1,0.0,NO
843,1,0.0,NO
844,18,0.1457142857142857,NO
845,8,0.06,NO
846,2,0.0,NO
847,5,0.0,NO
848,1,0.0,NO
849,1,0.010094646094646094,NO
850,1,0.0,NO
851,1,0.0,NO
852,1,0.009130434782608695,NO
853,1,0.0,NO
854,0,0.0,NO
855,28,0.02,NO
856,1,0.0,NO
857,1,0.0,NO
858,15,0.12,NO
859,1,0.0,NO
860,1,0.0,NO
861,0,0.0,NO
862,1,0.0,NO
863,1,0.0,NO
864,1,0.0,NO
865,1,0.0,NO
866,28,0.19,NO
867,8,0.04,NO
868,6,0.035571428571428566,NO
869,1,0.0,NO
870,22,0.1316770743876007,NO
871,1,0.0,NO
872,1,0.0,NO
873,1,0.01,NO
874,3,0.013999999999999999,NO
875,0,0.0,NO
876,0,0.0,NO
877,1,0.0,NO
878,2,0.019727244719446615,NO
879,1,0.0,NO
880,0,0.036075189733123236,NO
881,1,0.0,NO
882,1,0.0,NO
883,1,0.0,NO
884,0,0.0,NO
885,1,0.0,NO
886,1,0.0,NO
887,13,0.0336969696969697,NO
888,4,0.02,NO
889,1,0.0,NO
890,1,0.06528191935778144,NO
891,6,0.04,NO
892,0,0.0,NO
893,1,0.0,NO
894,0,0.0,NO
895,1,0.0,NO
896,1,0.0,NO
897,9,0.00857142857142857,NO
898,9,0.0,NO
899,1,0.0,NO
900,1,0.0,NO
901,1,0.02743530281642805,NO
902,5,0.03,NO
903,5,0.0,NO
904,0,0.0,NO
905,1,0.0,NO
906,0,0.0,NO
907,2,0.0,NO
908,1,0.0,NO
909,1,0.0,NO
910,1,0.0,NO
911,1,0.0,NO
912,0,0.0,NO
913,3,0.0,NO
914,1,0.0,NO
915,1,0.0,NO
916,1,0.0,NO
917,1,0.06360651869732135,NO
918,5,0.05066849816849817,NO
919,1,0.0,NO
920,12,0.0635091575091575,NO
921,3,0.38909090909090904,NO
922,1,0.0,NO
923,2,0.0036407175200278653,NO
924,0,0.0,NO
925,1,0.0,NO
926,0,0.0,NO
927,1,0.0,NO
928,0,0.0,NO
929,4,0.0,NO
930,3,0.0,NO
931,42,0.06,NO
932,2,0.0,NO
933,0,0.0,NO
934,6,0.04344099054368919,NO
935,1,0.0,NO
936,1,0.0,NO
937,1,0.0,NO
938,33,0.03833333333333334,NO
939,1,0.013499787216211898,NO
940,6,0.02875,NO
941,7,0.05909090909090909,NO
942,1,0.0,NO
943,11,0.0,NO
944,1,0.0,NO
945,3,0.04888888888888889,NO
946,1,0.0,NO
947,1,0.0,NO
948,7,0.11003711201079622,NO
949,1,0.0,NO
950,1,0.0,NO
951,1,0.0,NO
952,1,0.0,NO
953,8,0.0616080901856764,NO
954,1,0.0,NO
955,4,0.01,NO
956,4,0.01,NO
957,13,0.01861904761904762,NO
958,3,0.013999999999999999,NO
959,1,0.049,NO
960,0,0.0,NO
961,4,0.027160714285714285,NO
962,12,0.0,NO
963,1,0.0,NO
964,7,0.0175,NO
965,1,0.0,NO
966,0,0.0,NO
967,1,0.0,NO
968,0,0.0,NO
969,0,0.0,NO
970,1,0.0,NO
971,0,0.0,NO
972,3,0.0,NO
973,1,0.0,NO
974,1,0.0,NO
975,1,0.0,NO
976,7,0.05236630036630037,NO
977,1,0.0,NO
978,1,0.0,NO
979,1,0.0,NO
980,1,0.046291812481813084,NO
981,7,0.41964227558683126,NO
982,1,0.0,NO
983,4,0.149,NO
984,0,0.0,NO
985,6,0.10045745840124484,YES
986,1,0.0,NO
987,1,0.0,NO
988,4,0.039,NO
989,1,0.2,NO
990,1,0.01,NO
991,2,0.06,NO
992,3,0.0,NO
993,1,0.0,NO
994,1,0.0,NO
995,28,0.32799999999999996,NO
996,0,0.0,NO
997,5,0.05066849816849817,NO
998,0,0.0,NO
999,3,0.0038095238095238095,NO
1000,1,0.0,NO
1001,1,0.0,NO
1002,1,0.06270467836257311,NO
1003,1,0.0,NO
1004,2,0.0,NO
1005,1,0.0,NO
1006,1,0.0,NO
1007,8,0.0,NO
1008,1,0.0,NO
1009,7,0.05,NO
1010,1,0.0,NO
1011,61,0.04656410256410256,NO
1012,2,0.01,NO
1013,13,0.040805194805194796,NO
1014,1,0.0,NO
1015,1,0.03141782458689913,NO
1016,1,0.0,NO
1017,1,0.0,NO
1018,16,0.29,NO
1019,2,0.0036407175200278653,NO
1020,13,0.0,NO
1021,1,0.0,NO
1022,1,0.06360651869732135,NO
1023,1,0.046291812481813084,NO
1024,16,0.10433333333333332,NO
1025,1,0.0,NO
1026,5,0.0,NO
1027,31,0.042738095238095235,NO
1028,4,0.0,NO
1029,36,0.03888888888888889,NO
1030,3,0.013999999999999999,NO
1031,1,0.0,NO
1032,11,0.0077777777777777776,NO
1033,1,0.0,NO
1034,1,0.0,NO
1035,0,0.027149758454106276,NO
1036,5,0.0,NO
1037,19,0.18142307692307694,NO
1038,8,0.01,NO
1039,1,0.0,NO
1040,1,0.0,NO
1041,1,0.0,NO
1042,1,0.0,NO
1043,4,0.08368919413919414,NO
1044,1,0.0,NO
1045,1,0.0,NO
1046,1,0.0,NO
1047,0,0.0,NO
1048,5,0.0,NO
1049,1,0.0,NO
1050,3,0.0,NO
1051,31,0.03474603174603174,NO
1052,1,0.0,NO
1053,1,0.0,NO
1054,7,0.12526723276723276,NO
1055,1,0.0,NO
1056,1,0.0,NO
1057,1,0.0,NO
1058,1,0.0,NO
1059,51,0.05409090909090909,NO
1060,6,0.00360248447204969,NO
1061,1,0.0,NO
1062,1,0.0,NO
1063,1,0.0,NO
1064,1,0.0,NO
1065,1,0.0,NO
1066,1,0.0,NO
1067,1,0.12916666666666665,NO
1068,3,0.0,NO
1069,0,0.0,NO
1070,1,0.0,NO
1071,113,0.015555555555555553,NO
1072,58,0.23728804528804523,NO
1073,1,0.0,NO
1074,1,0.013499787216211898,NO
1075,3,0.013999999999999999,NO
1076,1,0.0,YES
1077,1,0.0,NO
1078,1,0.010094646094646094,NO
1079,1,0.0,NO
1080,1,0.0,NO
1081,1,0.0,NO
1082,1,0.0,NO
1083,1,0.01,NO
1084,6,0.0,NO
1085,1,0.0,NO
1086,1,0.0,NO
1087,1,0.0,NO
1088,1,0.0,NO
1089,0,0.0,NO
1090,3,0.0,NO
1091,1,0.0,NO
1092,1,0.0,NO
1093,0,0.0,NO
1094,4,0.0,NO
1095,4,0.03,NO
1096,1,0.0,NO
1097,1,0.0,NO
1098,1,0.0,NO
1099,11,0.02,NO
1100,1,0.0,NO
1101,1,0.0,NO
1102,1,0.0,NO
1103,1,0.0,NO
1104,1,0.0,NO
1105,1,0.0,NO
1106,3,0.0,NO
1107,6,0.0,NO
1108,3,0.006956521739130434,NO
1109,1,0.0,NO
1110,6,0.12711248001598513,NO
1111,1,0.023464811840502448,NO
1112,21,0.4095927658942364,YES
1113,5,0.01,NO
1114,1,0.0,NO
1115,0,0.0,NO
1116,1,0.0,NO
1117,2,0.0,NO
1118,1,0.0,NO
1119,1,0.0,NO
1120,0,0.0,NO
1121,1,0.0,NO
1122,0,0.0,NO
1123,10,0.0,NO
1124,2,0.01,NO
1125,1,0.0,NO
1126,4,0.0,NO
1127,1,0.0,NO
1128,1,0.0,NO
1129,64,0.4845178571428571,NO
1130,1,0.0,NO
1131,1,0.0,NO
1132,3,0.06242429887227505,NO
1133,1,0.0,NO
1134,9,0.0,NO
1135,1,0.0,NO
1136,82,0.1255475292681175,NO
1137,1,0.0,NO
1138,21,0.07,NO
1139,9,0.02,NO
1140,1,0.0,NO
1141,4,0.0,NO
1142,6,0.04,NO
1143,7,0.0821292736805441,NO
1144,1,0.0,NO
1145,10,0.017211538461538462,NO
1146,0,0.0,NO
1147,3,0.11580558894871151,NO
1148,44,0.25824475524475526,NO
1149,1,0.0,NO
1150,1,0.022353921995070324,NO
1151,1,0.0,NO
1152,6,0.0,NO
1153,10,0.009333333333333334,NO
1154,3,0.02,NO
1155,1,0.0,NO
1156,1,0.010094646094646094,NO
1157,2,0.0,NO
1158,0,0.0,NO
1159,18,0.1475,NO
1160,1,0.0,NO
1161,6,0.1171222270199252,NO
1162,1,0.0,NO
1163,3,0.02,NO
1164,1,0.0,NO
1165,2,0.0,NO
1166,1,0.0,NO
1167,0,0.0,NO
1168,1,0.0,NO
1169,1,0.01,NO
1170,1,0.0,NO
1171,1,0.0,NO
1172,1,0.010094646094646094,NO
1173,3,0.013999999999999999,NO
1174,12,0.0,NO
1175,1,0.0,NO
1176,1,0.0,NO
1177,12,0.086,NO
1178,1,0.0,NO
1179,1,0.0,NO
1180,33,0.025,NO
1181,12,0.018000000000000002,NO
1182,1,0.010094646094646094,NO
1183,1,0.004074074074074074,NO
1184,2,0.0,NO
1185,1,0.0,NO
1186,1,0.0,NO
1187,0,0.0,NO
1188,4,0.01916666666666666,NO
1189,4,0.03,NO
1190,5,0.03,NO
1191,8,0.01,NO
1192,3,0.0,NO
1193,1,0.0,NO
1194,0,0.0,NO
1195,0,0.0,NO
1196,1,0.0,NO
1197,1,0.0,NO
1198,14,0.15349206349206349,NO
1199,4,0.0,NO
1200,2,0.0,NO
1201,6,0.05,NO
1202,1,0.0,NO
1203,0,0.0,NO
1204,0,0.0,NO
1205,1,0.0,NO
1206,3,0.0,NO
1207,1,0.03,NO
1208,1,0.0,NO
1209,6,0.12557081334931847,NO
1210,15,0.12277310924369748,NO
1211,1,0.0,NO
1212,1,0.0,NO
1213,12,0.0,NO
1214,5,0.017638888888888888,NO
1215,3,0.0,NO
1216,0,0.0,NO
1217,1,0.0,NO
1218,1,0.0,NO
1219,4,0.0,NO
1220,1,0.01060528559249787,NO
1221,1,0.01,NO
1222,1,0.046291812481813084,YES
1223,40,0.06857142857142856,NO
1224,1,0.0,NO
1225,12,0.0,NO
1226,10,0.0,NO
1227,1,0.0,NO
1228,4,0.0,NO
1229,0,0.0,NO
1230,0,0.0,NO
1231,10,0.0,NO
1232,3,0.0,NO
1233,1,0.0,NO
1234,11,0.0,NO
1235,0,0.0,NO
1236,1,0.0,NO
1237,0,0.0,NO
1238,1,0.0,NO
1239,9,0.026476190476190473,NO
1240,8,0.02,YES
1241,7,0.03544736842105263,NO
1242,11,0.01,NO
1243,3,0.0,NO
1244,1,0.0,NO
1245,1,0.0,NO
1246,1,0.0,NO
1247,25,0.10692307692307694,NO
1248,1,0.0,NO
1249,0,0.0,NO
1250,105,0.17,NO
1251,1,0.0,NO
1252,5,0.01,NO
1253,1,0.0,NO
1254,10,0.0,NO
1255,1,0.0,NO
1256,1,0.0,NO
1257,1,0.0,NO
1258,1,0.047,NO
1259,65,0.48181406665230175,YES
1260,2,0.0,NO
1261,1,0.0,NO
1262,0,0.0,NO
1263,1,0.0,NO
1264,7,0.05909090909090909,NO
1265,1,0.0,NO
1266,3,0.009843434343434345,YES
1267,1,0.0,NO
1268,3,0.013999999999999999,NO
1269,4,0.01,NO
1270,1,0.0,NO
1271,0,0.0,NO
1272,1,0.0,NO
1273,1,0.0,NO
1274,3,0.013999999999999999,NO
1275,0,0.0,NO
1276,1,0.0,NO
1277,1,0.0,NO
1278,1,0.0,YES
1279,1,0.0,NO
1280,3,0.02,NO
1281,7,0.01,NO
1282,1,0.0,NO
1283,18,0.04928571428571429,NO
1284,4,0.01,NO
1285,19,0.094375,NO
1286,13,0.2898293049543049,NO
1287,1,0.0,NO
1288,1,0.0,NO
1289,1,0.0,NO
1290,0,0.027149758454106276,NO
1291,21,0.044861111111111115,NO
1292,1,0.2,NO
1293,1,0.0,NO
1294,1,0.0,NO
1295,1,0.0,NO
1296,6,0.008666666666666666,NO
1297,0,0.0,NO
1298,5,0.045805860805860805,NO
1299,1,0.0,NO
1300,5,0.11267094017094016,NO
1301,1,0.046291812481813084,NO
1302,12,0.0833974358974359,NO
1303,1,0.0,NO
1304,10,0.025782967032967036,NO
1305,1,0.0,NO
1306,1,0.0,NO
1307,1,0.0,NO
1308,1,0.0,NO
1309,1,0.0,NO
1310,1,0.37239933394905317,NO
1311,1,0.0,NO
1312,4,0.0,NO
1313,1,0.0,NO
1314,1,0.07531279384727661,NO
1315,1,0.0,NO
1316,4,0.0,NO
1317,1,0.046291812481813084,NO
1318,30,0.1649065656565656,NO
1319,14,0.057999999999999996,NO
1320,3,0.0,NO
1321,1,0.0,NO
1322,7,0.0175,NO
1323,4,0.0,NO
1324,1,0.0,NO
1325,8,0.11707617370523225,NO
1326,1,0.0,NO
1327,2,0.0,NO
1328,11,0.308,NO
1329,3,0.01,NO
1330,1,0.0,NO
1331,0,0.0,NO
1332,10,0.02,NO
1333,17,0.08,NO
1334,3,0.0,NO
1335,1,0.0,NO
1336,12,0.13,NO
1337,1,0.0,NO
1338,1,0.0,NO
1339,3,0.0,NO
1340,1,0.0,NO
1341,1,0.0,NO
1342,1,0.0,NO
1343,0,0.0,NO
1344,14,0.09231511544011545,NO
1345,7,0.04449498746867167,NO
1346,1,0.0,NO
1347,1,0.0,NO
1348,3,0.0,NO
1349,31,0.03,NO
1350,1,0.0,NO
1351,0,0.0,NO
1352,0,0.0,NO
1353,0,0.0,NO
1354,8,0.03403296703296703,NO
1355,1,0.0,NO
1356,1,0.01250544662309368,NO
1357,0,0.0,NO
1358,0,0.0,NO
1359,1,0.0,NO
1360,1,0.0,NO
1361,29,0.13457278832278832,NO
1362,1,0.0,NO
1363,1,0.0,NO
1364,5,0.02835714285714286,NO
1365,3,0.0,NO
1366,1,0.0,NO
1367,1,0.0,NO
1368,0,0.0,NO
1369,1,0.0,NO
1370,5,0.08997405372405373,NO
1371,7,0.10512820512820514,NO
1372,1,0.0,NO
1373,57,0.09,NO
1374,2,0.0,NO
1375,10,0.0,NO
1376,0,0.0,NO
1377,0,0.0,NO
1378,1,0.0,NO
1379,1,0.0,NO
1380,7,0.0,NO
1381,1,0.009411764705882352,NO
1382,1,0.0,NO
1383,10,0.0,NO
1384,3,0.006956521739130434,NO
1385,1,0.0,NO
1386,1,0.0,NO
1387,4,0.0,NO
1388,5,0.01,NO
1389,1,0.03141782458689913,NO
1390,21,0.14777777777777779,NO
1391,0,0.0,NO
1392,1,0.0,NO
1393,9,0.05819290793240373,NO
1394,15,0.11,NO
1395,1,0.0,NO
1396,9,0.019090909090909092,YES
1397,13,0.05,NO
1398,1,0.0,NO
1399,1,0.0,NO
1400,1,0.0,NO
1401,1,0.0,NO
1402,1,0.0,NO
1403,3,0.03,NO
1404,21,0.16699999999999998,NO
1405,1,0.0,NO
1406,1,0.0,NO
1407,1,0.0,NO
1408,1,0.0,NO
1409,1,0.0,NO
1410,1,0.0,NO
1411,1,0.0,NO
1412,1,0.0,NO
1413,1,0.0,NO
1414,12,0.02,NO
1415,1,0.0,NO
1416,1,0.0,NO
1417,0,0.0,NO
1418,1,0.049411764705882356,NO
1419,3,0.004,NO
1420,1,0.0,NO
1421,2,0.013846153846153847,NO
1422,0,0.0,NO
1423,1,0.0,NO
1424,2,0.0036407175200278653,NO
1425,4,0.0,NO
1426,4,0.01,NO
1427,4,0.01,NO
1428,2,0.0,NO
1429,5,0.0,NO
1430,0,0.0,NO
1431,1,0.049,NO
1432,0,0.0,NO
1433,1,0.05402777777777778,NO
1434,1,0.046291812481813084,NO
1435,8,0.0,NO
1436,1,0.0,NO
1437,1,0.0,NO
1438,1,0.0,NO
1439,4,0.08130738705738705,NO
1440,1,0.0,NO
1441,1,0.0,NO
1442,1,0.0,NO
1443,1,0.0,NO
1444,7,0.05797979797979798,NO
1445,0,0.0,NO
1446,1,0.0,NO
1447,1,0.02631753663003663,NO
1448,0,0.0,NO
1449,1,0.0,NO
1450,7,0.03,NO
1451,1,0.0,NO
1452,5,0.05966269841269841,NO
1453,12,0.01,NO
1454,1,0.0,NO
1455,3,0.013999999999999999,NO
1456,1,0.0,NO
1457,1,0.0,NO
1458,6,0.0,NO
1459,3,0.013999999999999999,NO
1460,1,0.0,NO
1461,1,0.0,NO
1462,14,0.09419011544011545,NO
1463,22,0.15963478029725175,NO
1464,0,0.0,NO
1465,1,0.0,NO
1466,3,0.0,NO
1467,1,0.049,NO
1468,4,0.0,NO
1469,3,0.013999999999999999,NO
1470,2,0.0,NO
1471,1,0.0,NO
1472,0,0.0,NO
1473,5,0.0,NO
1474,10,0.017211538461538462,NO
1475,6,0.006923076923076923,NO
1476,1,0.0,NO
1477,1,0.0,NO
1478,1,0.0,NO
1479,0,0.0,NO
1480,1,0.0,NO
1481,7,0.04449498746867167,NO
1482,47,0.09046153846153848,NO
1483,1,0.0,NO
1484,1,0.0,NO
1485,1,0.0,NO
1486,1,0.0,NO
1487,1,0.0,NO
1488,1,0.0,NO
1489,1,0.0,NO
1490,21,0.09909090909090908,NO
1491,8,0.03403296703296703,NO
1492,1,0.0,NO
1493,1,0.0,NO
1494,7,0.024166666666666666,NO
1495,3,0.0,NO
1496,1,0.0,NO
1497,0,0.0,NO
1498,6,0.00360248447204969,NO
1499,1,0.0,NO
1500,1,0.0,NO
1501,1,0.0,NO
1502,1,0.0,NO
1503,1,0.0,NO
1504,9,0.0,NO
1505,1,0.0,NO
1506,1,0.04,NO
1507,45,0.036923076923076927,NO
1508,19,0.018421052631578946,NO
1509,18,0.035,NO
1510,1,0.009411764705882352,NO
1511,1,0.0,NO
1512,0,0.0,NO
1513,4,0.009000000000000001,NO
1514,1,0.0,NO
1515,9,0.22457712222418102,NO
1516,2,0.0,NO
1517,2,0.0,NO
1518,10,0.02,NO
1519,1,0.0,NO
1520,1,0.0,NO
1521,1,0.0,NO
1522,1,0.0,NO
1523,4,0.020173160173160173,NO
1524,1,0.0,NO
1525,1,0.0,NO
1526,1,0.0,NO
1527,0,0.0,NO
1528,1,0.01,NO
1529,12,0.0,NO
1530,1,0.0,NO
1531,22,0.19811363636363635,NO
1532,1,0.0,NO
1533,1,0.0,NO
1534,1,0.0,NO
1535,7,0.05607142857142858,NO
1536,1,0.0,NO
1537,3,0.0,NO
1538,6,0.0,NO
1539,1,0.0,NO
1540,1,0.0,NO
1541,1,0.0,NO
1542,4,0.027160714285714285,NO
1543,0,0.0,NO
1544,3,0.0,NO
1545,3,0.02,NO
1546,1,0.0,NO
1547,1,0.0,NO
1548,1,0.0,NO
1549,1,0.0,NO
1550,1,0.0,NO
1551,1,0.0,NO
1552,7,0.0,NO
1553,1,0.049411764705882356,NO
1554,0,0.036075189733123236,NO
1555,15,0.08221428571428571,NO
1556,1,0.0,NO
1557,1,0.0,NO
1558,7,0.018666666666666668,NO
1559,2,0.0036407175200278653,NO
1560,6,0.0,NO
1561,1,0.0,NO
1562,3,0.0,NO
1563,0,0.0,NO
1564,1,0.0,NO
1565,31,0.10805555555555554,NO
1566,1,0.0,NO
1567,12,0.086,NO
1568,0,0.0,NO
1569,6,0.02,NO
1570,1,0.0,NO
1571,1,0.0,NO
1572,1,0.0,NO
1573,13,0.018055555555555554,NO
1574,7,0.10829487179487181,NO
1575,1,0.0,NO
1576,1,0.0,NO
1577,1,0.0,NO
1578,0,0.0,NO
1579,1,0.0,NO
1580,0,0.036075189733123236,NO
1581,4,0.0,NO
1582,4,0.01,NO
1583,11,0.09,NO
1584,1,0.0,NO
1585,1,0.0,NO
1586,1,0.0,NO
1587,18,0.05,NO
1588,5,0.0,NO
1589,17,0.2868493867243867,NO
1590,13,0.27,NO
1591,1,0.0,NO
1592,1,0.0,NO
1593,3,0.06,NO
1594,0,0.0,NO
1595,9,0.0,NO
1596,41,0.06,NO
1597,1,0.0,NO
1598,4,0.02805555555555555,NO
1599,1,0.0,NO
1600,0,0.0,NO
1601,0,0.0,NO
1602,1,0.0,NO
1603,1,0.0,NO
1604,13,0.1277777777777778,NO
1605,1,0.0,NO
1606,2,0.024,NO
1607,10,0.006,NO
1608,1,0.0,NO
1609,1,0.0,NO
1610,1,0.0,NO
1611,3,0.6763095238095238,YES
1612,1,0.0,NO
1613,1,0.0,NO
1614,0,0.0,NO
1615,1,0.0,NO
1616,1,0.0,NO
1617,1,0.0,NO
1618,1,0.0,NO
1619,0,0.0,NO
1620,6,0.01,NO
1621,10,0.0,NO
1622,3,0.0,NO
1623,1,0.0,NO
1624,6,0.02875,NO
1625,0,0.0,NO
1626,1,0.0,NO
1627,1,0.0,NO
1628,1,0.01,NO
1629,22,0.19833333333333333,NO
1630,0,0.0,NO
1631,13,0.07,NO
1632,8,0.017,NO
1633,1,0.0,NO
1634,0,0.03399070050503819,NO
1635,1,0.0,NO
1636,0,0.0,NO
1637,23,0.12311500754147814,NO
1638,1,0.0,NO
1639,3,0.1412585296004537,NO
1640,0,0.0,NO
1641,6,0.0,NO
1642,0,0.0,NO
1643,1,0.0,NO
1644,1,0.0,NO
1645,1,0.0,NO
1646,1,0.0,NO
1647,1,0.018599016000021378,NO
1648,2,0.0,NO
1649,3,0.0404520202020202,NO
1650,1,0.0,YES
1651,1,0.004074074074074074,NO
1652,1,0.0,NO
1653,1,0.0,NO
1654,1,0.0,NO
1655,16,0.20580555555555555,NO
1656,1,0.0,NO
1657,1,0.0,NO
1658,22,0.10971853146853146,NO
1659,9,0.01,NO
1660,58,0.11,NO
1661,1,0.0,NO
1662,4,0.04794871794871795,NO
1663,1,0.0,NO
1664,0,0.0,NO
1665,1,0.0,NO
1666,1,0.0,NO
1667,2,0.0,NO
1668,0,0.0,NO
1669,1,0.0,NO
1670,86,0.18,NO
1671,1,0.0,NO
1672,1,0.0,NO
1673,0,0.0,NO
1674,1,0.046291812481813084,NO
1675,1,0.0,NO
1676,1,0.0,NO
1677,30,0.05026875901875903,NO
1678,1,0.027242784380305602,NO
1679,1,0.010094646094646094,NO
1680,1,0.0,NO
1681,1,0.0,NO
1682,49,0.19853296703296702,NO
1683,2,0.01,NO
1684,1,0.0,NO
1685,27,0.07454487179487179,NO
1686,1,0.0,NO
1687,1,0.0,NO
1688,1,0.0,NO
1689,6,0.0,NO
1690,1,0.0,NO
1691,1,0.0,NO
1692,15,0.03,NO
1693,14,0.0,NO
1694,4,0.01,NO
1695,0,0.0,NO
1696,1,0.0,NO
1697,0,0.0,NO
1698,0,0.0,NO
1699,1,0.0,NO
1700,1,0.0,NO
1701,1,0.0,NO
1702,1,0.0,NO
1703,0,0.0,NO
1704,1,0.0,NO
1705,3,0.04,NO
1706,1,0.0,NO
1707,51,0.06,NO
1708,1,0.027242784380305602,NO
1709,12,0.1439230769230769,NO
1710,1,0.0,NO
1711,1,0.0,NO
1712,2,0.032241405626895335,NO
1713,1,0.0,NO
1714,1,0.0,NO
1715,1,0.0,NO
1716,9,0.0,NO
1717,1,0.0,NO
1718,1,0.0,NO
1719,1,0.0,NO
1720,1,0.0,NO
1721,130,0.15,YES
1722,10,0.008333333333333335,NO
1723,1,0.0,NO
1724,1,0.0,NO
1725,1,0.0,NO
1726,1,0.0,NO
1727,14,0.08727272727272727,NO
1728,2,0.0036407175200278653,NO
1729,1,0.0,NO
1730,1,0.0,NO
1731,1,0.0,NO
1732,1,0.0,NO
1733,6,0.0,NO
1734,1,0.046291812481813084,NO
1735,1,0.0,NO
1736,1,0.0,NO
1737,1,0.0,NO
1738,1,0.0,NO
1739,4,0.0,NO
1740,4,0.0,NO
1741,1,0.0,NO
1742,1,0.0,NO
1743,1,0.0,NO
1744,3,0.013999999999999999,NO
1745,1,0.0,NO
1746,1,0.0,NO
1747,0,0.0,NO
1748,1,0.0,NO
1749,1,0.0,NO
1750,1,0.0,NO
1751,1,0.0,NO
1752,2,0.0,NO
1753,1,0.004074074074074074,NO
1754,1,0.03141782458689913,NO
1755,1,0.0,NO
1756,1,0.0,NO
1757,0,0.0,NO
1758,0,0.0,NO
1759,1,0.0,NO
1760,12,0.09,NO
1761,1,0.0,NO
1762,9,0.0,NO
1763,1,0.0,NO
1764,1,0.0,NO
1765,1,0.0,NO
1766,0,0.0,NO
1767,1,0.0,NO
1768,0,0.0,NO
1769,1,0.0,NO
1770,1,0.0,NO
1771,6,0.015256410256410256,NO
1772,3,0.0,NO
1773,21,0.05104166666666665,NO
1774,6,0.04,NO
1775,27,0.09369963369963369,NO
1776,75,0.048461538461538466,NO
1777,11,0.02,NO
1778,1,0.0,NO
1779,4,0.0,NO
1780,1,0.0,NO
1781,1,0.0,NO
1782,4,0.01636363636363636,NO
1783,5,0.0,NO
1784,0,0.0,NO
1785,14,0.17777777777777778,NO
1786,28,0.12894108669108667,NO
1787,3,0.013999999999999999,NO
1788,0,0.0,NO
1789,1,0.0,NO
1790,14,0.07133333333333333,NO
1791,0,0.0,NO
1792,4,0.02875,NO
1793,12,0.0,NO
1794,1,0.0,NO
1795,0,0.0,NO
1796,1,0.0,NO
1797,0,0.036075189733123236,NO
1798,1,0.0,NO
1799,1,0.001388888888888889,NO
1800,1,0.0,NO
1801,4,0.06,NO
1802,1,0.0,NO
1803,1,0.0,NO
1804,1,0.0,NO
1805,2,0.0,NO
1806,1,0.027777777777777776,NO
1807,3,0.0,NO
1808,1,0.0,NO
1809,1,0.0,NO
1810,3,0.013999999999999999,NO
1811,1,0.0,NO
1812,3,0.05,NO
1813,0,0.0,NO
1814,90,0.21,NO
1815,2,0.01,NO
1816,3,0.013999999999999999,NO
1817,2,0.021817460317460315,NO
1818,1,0.0,NO
1819,7,0.28886382816529876,NO
1820,1,0.0,NO
1821,1,0.0,NO
1822,0,0.0,NO
1823,6,0.0,NO
1824,3,0.013999999999999999,NO
1825,1,0.0,NO
1826,14,0.0,NO
1827,1,0.0,NO
1828,1,0.0,NO
1829,1,0.0,NO
1830,3,0.10463639137239447,NO
1831,1,0.0,NO
1832,5,0.0,NO
1833,1,0.0,NO
1834,1,0.0,NO
1835,3,0.004,NO
1836,0,0.0,NO
1837,1,0.0,NO
1838,18,0.1075,NO
1839,3,0.0,NO
1840,1,0.0,NO
1841,15,0.02,NO
1842,22,0.127,NO
1843,1,0.0,NO
1844,1,0.0,NO
1845,1,0.042702702702702704,NO
1846,28,0.0968888888888889,NO
1847,1,0.0,NO
1848,1,0.0,NO
1849,6,0.11384932920536635,NO
1850,1,0.0,NO
1851,0,0.0,NO
1852,1,0.0,NO
1853,0,0.0,NO
1854,1,0.0,NO
1855,1,0.0,NO
1856,9,0.0,NO
1857,1,0.0,NO
1858,1,0.0,NO
1859,19,0.08948611111111111,NO
1860,19,0.11007142857142858,NO
1861,1,0.013499787216211898,NO
1862,0,0.0,NO
1863,1,0.0,NO
1864,1,0.0,NO
1865,1,0.0,NO
1866,8,0.01,NO
1867,4,0.1227027027027027,NO
1868,1,0.0,NO
1869,3,0.054000000000000006,NO
1870,5,0.0,NO
1871,1,0.0,NO
1872,9,0.0,NO
1873,23,0.25506496281496277,NO
1874,1,0.0,NO
1875,1,0.0,NO
1876,1,0.0,NO
1877,1,0.0,NO
1878,3,0.06242429887227505,NO
1879,19,0.13568181818181818,NO
1880,1,0.0,NO
1881,1,0.0,NO
1882,1,0.0,NO
1883,1,0.0,NO
1884,1,0.0,NO
1885,6,0.0,NO
1886,1,0.01,NO
1887,43,0.03,NO
1888,46,0.11358974358974358,NO
1889,1,0.0,NO
1890,1,0.0,NO
1891,7,0.26038596789191354,NO
1892,13,0.1277777777777778,NO
1893,15,0.0,NO
1894,1,0.0,NO
1895,1,0.0,NO
1896,0,0.0,NO
1897,1,0.0,NO
1898,1,0.0,NO
1899,0,0.0,NO
1900,1,0.0,NO
1901,0,0.0,NO
1902,1,0.0,NO
1903,1,0.0,NO
1904,8,0.02846153846153846,NO
1905,1,0.0,NO
1906,3,0.054000000000000006,NO
1907,0,0.0,NO
1908,1,0.0,NO
1909,1,0.0,NO
1910,0,0.0,NO
1911,0,0.0,NO
1912,0,0.0,NO
1913,1,0.0,NO
1914,1,0.0,NO
1915,1,0.0,NO
1916,1,0.0,NO
1917,0,0.0,NO
1918,13,0.0,NO
1919,0,0.0,NO
1920,1,0.0,NO
1921,1,0.0,NO
1922,1,0.0,NO
1923,1,0.0,NO
1924,1,0.0,NO
1925,0,0.0,NO
1926,2,0.032241405626895335,NO
1927,17,0.33,NO
1928,2,0.0,NO
1929,1,0.0,YES
1930,1,0.0,NO
1931,8,0.11707617370523225,NO
1932,1,0.0,NO
1933,6,0.0,NO
1934,6,0.04615527625797491,NO
1935,1,0.0,NO
1936,1,0.0,NO
1937,1,0.0,NO
1938,1,0.0,NO
1939,0,0.0,NO
1940,4,0.03352564102564102,NO
1941,8,0.0,NO
1942,1,0.0,NO
1943,11,0.017181818181818184,NO
1944,1,0.0,NO
1945,1,0.027242784380305602,NO
1946,1,0.0,NO
1947,0,0.0,NO
1948,1,0.0,NO
1949,1,0.0,NO
1950,1,0.06360651869732135,NO
1951,1,0.0,NO
1952,7,0.09846153846153846,NO
1953,1,0.049,NO
1954,0,0.0,NO
1955,0,0.0,NO
1956,1,0.0,NO
1957,2,0.0,NO
1958,2,0.0036407175200278653,NO
1959,1,0.0,NO
1960,1,0.0,NO
1961,3,0.04,NO
1962,1,0.0,NO
1963,1,0.0,NO
1964,0,0.0,NO
1965,1,0.0,NO
1966,1,0.0,NO
1967,4,0.01,NO
1968,10,0.0,NO
1969,1,0.0,NO
1970,1,0.0,NO
1971,0,0.0,NO
1972,1,0.0,NO
1973,5,0.05857803151706891,NO
1974,3,0.10463639137239447,NO
1975,1,0.0,NO
1976,1,0.0,NO
1977,1,0.0,NO
1978,1,0.0,NO
1979,22,0.05696650717703349,NO
1980,5,0.01,NO
1981,1,0.0,NO
1982,1,0.0,NO
1983,0,0.0,NO
1984,1,0.0,NO
1985,1,0.0,NO
1986,9,0.0,NO
1987,1,0.0,NO
1988,1,0.0,NO
1989,13,0.018773109243697475,NO
1990,4,0.01,NO
1991,5,0.01636363636363636,NO
1992,1,0.0,NO
1993,13,0.0,NO
1994,1,0.0,NO
1995,6,0.0,NO
1996,7,0.3487391322128164,YES
1997,1,0.0,NO
1998,1,0.019285714285714285,NO
1999,1,0.0,NO
2000,1,0.0,NO
2001,12,0.0,NO
2002,1,0.0,NO
2003,1,0.0,NO
2004,1,0.0,NO
2005,9,0.03933333333333334,NO
2006,1,0.0,NO
2007,1,0.0,NO
2008,21,0.08909090909090908,NO
2009,1,0.0,NO
2010,1,0.046291812481813084,NO
2011,11,0.036000000000000004,NO
2012,10,0.01409356725146199,YES
2013,1,0.0,NO
2014,1,0.01,NO
2015,4,0.0,NO
2016,1,0.010094646094646094,NO
2017,2,0.0,NO
2018,1,0.0,NO
2019,15,0.14632889332889332,NO
2020,2,0.032241405626895335,NO
2021,2,0.0,NO
2022,1,0.046291812481813084,NO
2023,2,0.032241405626895335,YES
2024,2,0.0,NO
2025,1,0.0,NO
2026,1,0.0,NO
2027,1,0.0,NO
2028,1,0.0,NO
2029,1,0.046291812481813084,NO
2030,1,0.0,NO
2031,13,0.025090909090909087,NO
2032,0,0.0,NO
2033,1,0.0,NO
2034,1,0.0,NO
2035,8,0.10771093354529888,NO
2036,1,0.0,NO
2037,1,0.0,NO
2038,1,0.049411764705882356,NO
2039,2,0.0036407175200278653,NO
2040,0,0.0,NO
2041,0,0.0,NO
2042,5,0.0,NO
2043,1,0.0,NO
2044,1,0.0,NO
2045,1,0.0,NO
2046,1,0.0,NO
2047,1,0.0,NO
2048,2,0.0,NO
2049,1,0.0,NO
2050,1,0.013667156907804028,NO
2051,1,0.0,NO
2052,1,0.046291812481813084,NO
2053,12,0.026000000000000002,NO
2054,1,0.0,NO
2055,1,0.013667156907804028,NO
2056,1,0.0,NO
2057,45,0.03,NO
2058,1,0.06360651869732135,NO
2059,3,0.0,NO
2060,1,0.0,NO
2061,1,0.0,NO
2062,0,0.0,NO
2063,1,0.0,NO
2064,1,0.046291812481813084,NO
2065,1,0.0,NO
2066,1,0.0,NO
2067,0,0.0,NO
2068,3,0.0,NO
2069,21,0.18,NO
2070,11,0.076,NO
2071,1,0.0,NO
2072,1,0.0,NO
2073,9,0.03875,NO
2074,1,0.0,NO
2075,1,0.0,NO
2076,1,0.0,NO
2077,12,0.0,NO
2078,2,0.0,NO
2079,2,0.0,NO
2080,1,0.0,NO
2081,1,0.0,NO
2082,1,0.0,NO
2083,128,0.07077777777777777,NO
2084,2,0.013846153846153847,NO
2085,4,0.03380952380952381,NO
2086,8,0.017,NO
2087,1,0.0,NO
2088,1,0.0,NO
2089,3,0.0038095238095238095,NO
2090,1,0.0,NO
2091,7,0.10157557354925775,NO
2092,1,0.0,NO
2093,9,0.0,NO
2094,1,0.0,NO
2095,0,0.0,NO
2096,1,0.0,NO
2097,0,0.0,NO
2098,1,0.0,NO
2099,1,0.0,NO
2100,1,0.0,NO
2101,3,0.0,NO
2102,0,0.0,NO
2103,4,0.05,NO
2104,17,0.22933333333333333,NO
2105,11,0.0,NO
2106,3,0.10463639137239447,NO
2107,1,0.0,NO
2108,9,0.0,NO
2109,2,0.0036407175200278653,NO
2110,30,0.09933333333333333,NO
2111,1,0.0,NO
2112,9,0.2288888888888889,YES
2113,1,0.0,NO
2114,1,0.0,NO
2115,1,0.0,NO
2116,1,0.0,NO
2117,14,0.06349206349206347,NO
2118,0,0.0,NO
2119,0,0.0,NO
2120,2,0.01,NO
2121,1,0.0,NO
2122,1,0.017142857142857147,NO
2123,5,0.002142857142857143,YES
2124,25,0.07304487179487179,NO
2125,1,0.0,NO
2126,1,0.0,NO
2127,1,0.0,NO
2128,1,0.0,NO
2129,0,0.0,NO
2130,0,0.0,NO
2131,34,0.55,YES
2132,4,0.0,NO
2133,29,0.06933333333333333,NO
2134,1,0.0,NO
2135,1,0.0,NO
2136,21,0.024375,NO
2137,27,0.05,NO
2138,1,0.0,NO
2139,0,0.0,NO
2140,9,0.01,NO
2141,1,0.0,NO
2142,6,0.03,NO
2143,4,0.0,NO
2144,0,0.0,NO
2145,7,0.03166666666666666,NO
2146,1,0.0,NO
2147,1,0.0,NO
2148,1,0.0,NO
2149,6,0.01,NO
2150,1,0.010094646094646094,NO
2151,1,0.0,NO
2152,51,0.02,NO
2153,2,0.0,NO
2154,1,0.0,NO
2155,4,0.027160714285714285,NO
2156,1,0.0,NO
2157,1,0.0,NO
2158,1,0.022353921995070324,NO
2159,1,0.0,NO
2160,6,0.0,NO
2161,1,0.0,NO
2162,1,0.0,NO
2163,3,0.0,NO
2164,1,0.0,NO
2165,1,0.0,NO
2166,4,0.02,NO
2167,6,0.02,NO
2168,6,0.00360248447204969,NO
2169,3,0.0,NO
2170,6,0.05,NO
2171,4,0.0,NO
2172,0,0.0,NO
2173,1,0.0,NO
2174,1,0.0,NO
2175,1,0.0,NO
2176,8,0.02,NO
2177,1,0.0,NO
2178,1,0.0,NO
2179,1,0.0,NO
2180,3,0.0038095238095238095,NO
2181,8,0.0,NO
2182,18,0.29888888888888887,NO
2183,1,0.0,NO
2184,1,0.0,NO
2185,1,0.0,NO
2186,4,0.004,NO
2187,1,0.0,NO
2188,14,0.09,NO
2189,10,0.02,NO
2190,1,0.0,NO
2191,1,0.0,NO
2192,1,0.0,NO
2193,1,0.0,NO
2194,0,0.0,NO
2195,1,0.0,NO
2196,1,0.0,NO
2197,1,0.0,NO
2198,1,0.0,NO
2199,1,0.0,NO
2200,1,0.0,NO
2201,1,0.0,NO
2202,1,0.017142857142857147,NO
2203,2,0.08338888888888887,NO
2204,1,0.0,NO
2205,1,0.0,NO
2206,21,0.15544011544011543,NO
2207,1,0.0,NO
2208,2,0.0,NO
2209,1,0.0,NO
2210,1,0.0,NO
2211,1,0.0,NO
2212,1,0.0,NO
2213,1,0.0,NO
2214,2,0.0,NO
2215,0,0.0,NO
2216,153,0.10431009186891538,NO
2217,0,0.0,NO
2218,1,0.0,NO
2219,1,0.0,NO
2220,1,0.0,NO
2221,1,0.0,NO
2222,11,0.10666522366522366,NO
2223,1,0.0,NO
2224,1,0.0,NO
2225,1,0.0,NO
2226,13,0.00909090909090909,NO
2227,1,0.19669230769230772,NO
2228,1,0.0,NO
2229,1,0.0,NO
2230,1,0.0,NO
2231,4,0.01,NO
2232,0,0.0,NO
2233,1,0.0,NO
2234,17,0.04,NO
2235,1,0.0,NO
2236,1,0.0,NO
2237,18,0.12621153846153846,NO
2238,1,0.0,NO
2239,3,0.0038095238095238095,NO
2240,1,0.0,NO
2241,1,0.0,NO
2242,0,0.0,NO
2243,3,0.06242429887227505,NO
2244,1,0.010094646094646094,NO
2245,0,0.0,NO
2246,0,0.0,NO
2247,1,0.0,NO
2248,1,0.0,NO
2249,3,0.013999999999999999,NO
2250,1,0.0,NO
2251,1,0.0,NO
2252,12,0.0,NO
2253,1,0.0,NO
2254,1,0.0,NO
2255,1,0.0,NO
2256,25,0.1861698717948718,NO
2257,12,0.0,NO
2258,2,0.032241405626895335,NO
2259,1,0.0,NO
2260,1,0.0,NO
2261,1,0.0,NO
2262,0,0.0,NO
2263,1,0.0,NO
2264,9,0.02,NO
2265,1,0.0,NO
2266,3,0.008,NO
2267,1,0.0,NO
2268,0,0.0,NO
2269,3,0.013999999999999999,NO
2270,1,0.0,NO
2271,1,0.0,NO
2272,24,0.06068253968253968,NO
2273,1,0.0,NO
2274,1,0.0,NO
2275,1,0.0,NO
2276,19,0.03,NO
2277,0,0.0,NO
2278,1,0.0,NO
2279,11,0.0,NO
2280,0,0.0,NO
2281,0,0.0,NO
2282,5,0.05857803151706891,NO
2283,1,0.0,NO
2284,2,0.032241405626895335,NO
2285,1,0.0,NO
2286,0,0.0,NO
2287,5,0.0,NO
2288,12,0.07,NO
2289,4,0.0125,NO
2290,1,0.0,NO
2291,2,0.0,NO
2292,1,0.0,NO
2293,1,0.0,NO
2294,5,0.0,NO
2295,12,0.06422077922077922,YES
2296,33,0.07541666666666666,NO
2297,0,0.0,NO
2298,0,0.0,NO
2299,5,0.06455586080586082,NO
2300,1,0.0,NO
2301,1,0.0,NO
2302,1,0.0,NO
2303,1,0.0,NO
2304,4,0.01,NO
2305,1,0.0,NO
2306,80,0.08,NO
2307,2,0.0,NO
2308,9,0.009047619047619047,NO
2309,1,0.0,NO
2310,1,0.0,NO
2311,3,0.013999999999999999,NO
2312,3,0.020927349890140595,NO
2313,0,0.0,NO
2314,12,0.0,NO
2315,1,0.0,NO
2316,1,0.01,NO
2317,3,0.0,NO
2318,1,0.0,NO
2319,3,0.02,NO
2320,0,0.0,NO
2321,1,0.0,NO
2322,1,0.0,NO
2323,1,0.0,NO
2324,5,0.14828076820839978,NO
2325,1,0.0,NO
2326,1,0.01,NO
2327,1,0.0,NO
2328,1,0.0,NO
2329,1,0.0,NO
2330,16,0.13988095238095238,NO
2331,7,0.09212820512820513,NO
2332,1,0.0,NO
2333,6,0.01,NO
2334,32,0.07,NO
2335,0,0.0,NO
2336,5,0.002142857142857143,NO
2337,1,0.0,NO
2338,1,0.0,NO
2339,0,0.0,NO
2340,1,0.0,NO
2341,1,0.0,NO
2342,1,0.0,NO
2343,1,0.0,NO
2344,1,0.0,NO
2345,0,0.0,NO
2346,1,0.0,NO
2347,1,0.0,NO
2348,10,0.0,NO
2349,1,0.0,NO
2350,2,0.0,NO
2351,1,0.0,NO
2352,3,0.004,NO
2353,1,0.0,NO
2354,0,0.027149758454106276,NO
2355,2,0.0,NO
2356,1,0.0,NO
2357,1,0.0,NO
2358,1,0.0,NO
2359,12,0.01,NO
2360,1,0.022353921995070324,NO
2361,0,0.0,NO
2362,3,0.0,NO
2363,3,0.013999999999999999,NO
2364,4,0.0,NO
2365,52,0.12096911421911422,NO
2366,0,0.0,NO
2367,1,0.0,NO
2368,1,0.0,NO
2369,3,0.03,NO
2370,1,0.01060528559249787,NO
2371,0,0.0,NO
2372,1,0.0,NO
2373,2,0.0,NO
2374,1,0.0,NO
2375,28,0.04,NO
2376,1,0.0,NO
2377,18,0.2475,NO
2378,1,0.0,NO
2379,1,0.0,NO
2380,5,0.0,NO
2381,1,0.0,NO
2382,1,0.0,NO
2383,0,0.0,NO
2384,1,0.0,NO
2385,1,0.0,NO
2386,0,0.0,NO
2387,8,0.01,NO
2388,1,0.0,NO
2389,1,0.0,NO
2390,1,0.0,NO
2391,3,0.0,NO
2392,0,0.0,NO
2393,4,0.008888888888888889,NO
2394,3,0.0,NO
2395,1,0.0,NO
2396,1,0.0,NO
2397,9,0.00857142857142857,NO
2398,3,0.03,NO
2399,1,0.03141782458689913,NO
2400,5,0.0,NO
2401,4,0.0,NO
2402,1,0.0,NO
2403,1,0.0,NO
2404,13,0.0,NO
2405,0,0.0,NO
2406,8,0.06,NO
2407,1,0.0,NO
2408,3,0.0,NO
2409,7,0.0821292736805441,NO
2410,3,0.0,NO
2411,1,0.0,NO
2412,4,0.0,NO
2413,3,0.013999999999999999,NO
2414,1,0.0,NO
2415,1,0.0,NO
2416,1,0.0,NO
2417,1,0.0,NO
2418,12,0.008181818181818182,NO
2419,1,0.0,NO
2420,3,0.0,NO
2421,1,0.0,NO
2422,1,0.0,NO
2423,1,0.0,NO
2424,6,0.01,NO
2425,1,0.0,NO
2426,1,0.0,NO
2427,1,0.0,NO
2428,15,0.16,NO
2429,3,0.013999999999999999,NO
2430,2,0.0,NO
2431,1,0.0,NO
2432,1,0.0,NO
2433,1,0.0,NO
2434,0,0.0,NO
2435,1,0.0,NO
2436,11,0.0,NO
2437,1,0.0,NO
2438,1,0.0,NO
2439,0,0.0,NO
2440,1,0.0,NO
2441,2,0.0,NO
2442,3,0.09923076923076923,NO
2443,1,0.0,NO
2444,0,0.0,NO
2445,1,0.0,NO
2446,7,0.01,NO
2447,1,0.0,NO
2448,1,0.0,NO
2449,1,0.0,NO
2450,9,0.02,NO
2451,5,0.01,NO
2452,20,0.33404761904761904,NO
2453,9,0.0,NO
2454,1,0.0,NO
2455,1,0.0,NO
2456,0,0.0,NO
2457,0,0.0,NO
2458,1,0.0,NO
2459,0,0.0,NO
2460,56,0.10718181818181817,NO
2461,0,0.0,NO
2462,2,0.0,NO
2463,3,0.0,NO
2464,0,0.0,NO
2465,4,0.01,NO
2466,0,0.0,NO
2467,6,0.01,NO
2468,9,0.0,NO
2469,2,0.04140740740740741,NO
2470,1,0.0,NO
2471,1,0.0,NO
2472,1,0.01060528559249787,NO
2473,8,0.1434796238244514,NO
2474,7,0.1312915242652085,NO
2475,7,0.02794736842105263,NO
2476,1,0.0,NO
2477,8,0.0,NO
2478,3,0.04,NO
2479,1,0.0,NO
2480,3,0.0,NO
2481,1,0.0,NO
2482,6,0.04,NO
2483,1,0.0,NO
2484,1,0.0,NO
2485,7,0.10512820512820514,NO
2486,5,0.017857142857142853,NO
2487,1,0.0,NO
2488,1,0.03141782458689913,NO
2489,1,0.0,NO
2490,0,0.0,NO
2491,1,0.0,NO
2492,1,0.0,NO
2493,2,0.0,NO
2494,0,0.0,NO
2495,1,0.0,NO
2496,1,0.0,NO
2497,8,0.008461538461538461,NO
2498,0,0.0,NO
2499,6,0.0038461538461538464,NO
2500,1,0.0,NO
2501,1,0.0,NO
2502,1,0.0,YES
2503,2,0.0,NO
2504,3,0.0,NO
2505,5,0.0,NO
2506,1,0.0,NO
2507,1,0.0,NO
2508,1,0.0,YES
2509,1,0.06360651869732135,NO
2510,2,0.0,NO
2511,1,0.0,NO
2512,23,0.149375,NO
2513,2,0.01,NO
2514,1,0.0,NO
2515,38,0.09649465811965811,NO
2516,1,0.0,NO
2517,1,0.5637042460003786,NO
2518,1,0.0,NO
2519,1,0.0,NO
2520,3,0.03,NO
2521,20,0.18384920634920637,NO
2522,5,0.0,NO
2523,1,0.0,NO
2524,1,0.0,NO
2525,0,0.0,NO
2526,10,0.0,NO
2527,29,0.18345299145299146,NO
2528,2,0.032241405626895335,NO
2529,1,0.4287400513847643,NO
2530,1,0.0,NO
2531,1,0.0,NO
2532,8,0.01,NO
2533,3,0.0038095238095238095,NO
2534,1,0.0,NO
2535,8,0.08086309523809523,NO
2536,2,0.032241405626895335,NO
2537,1,0.0,NO
2538,4,0.0,NO
2539,5,0.01,NO
2540,1,0.0,NO
2541,1,0.046291812481813084,NO
2542,1,0.0,NO
2543,6,0.02,NO
2544,1,0.4287400513847643,NO
2545,1,0.0,NO
2546,1,0.0,NO
2547,1,0.03141782458689913,NO
2548,1,0.0,NO
2549,0,0.0,NO
2550,1,0.0,NO
2551,2,0.0,NO
2552,3,0.01,NO
2553,1,0.0,NO
2554,14,0.158732683982684,NO
2555,3,0.0404520202020202,NO
2556,17,0.19371428571428573,NO
2557,1,0.0,NO
2558,1,0.0,NO
2559,28,0.11618181818181818,NO
2560,9,0.0,NO
2561,2,0.0,NO
2562,1,0.0,NO
2563,1,0.0,NO
2564,6,0.01,NO
2565,3,0.013999999999999999,NO
2566,5,0.04566829084272791,NO
2567,5,0.12017094017094017,NO
2568,12,0.0,NO
2569,3,0.0,NO
2570,0,0.0,NO
2571,1,0.0,NO
2572,11,0.02,NO
2573,1,0.0,NO
2574,1,0.0,NO
2575,1,0.0,NO
2576,3,0.0,NO
2577,0,0.0,NO
2578,1,0.0,NO
2579,1,0.0,NO
2580,2,0.0,NO
2581,9,0.0575,NO
2582,1,0.0,NO
2583,15,0.04,NO
2584,0,0.0,NO
2585,2,0.01,NO
2586,12,0.05931798103856926,NO
2587,1,0.03141782458689913,NO
2588,1,0.008859180035650623,NO
2589,4,0.027160714285714285,NO
2590,1,0.0,NO
2591,1,0.0,NO
2592,11,0.0,NO
2593,8,0.04527777777777778,NO
2594,6,0.0,NO
2595,1,0.0,NO
2596,6,0.0014285714285714286,NO
2597,4,0.02875,NO
2598,1,0.0,NO
2599,1,0.0,NO
2600,0,0.0,NO
2601,3,0.013999999999999999,NO
2602,18,0.1675,NO
2603,0,0.0,NO
2604,32,0.045714285714285714,NO
2605,1,0.0,NO
2606,1,0.01,NO
2607,1,0.0,NO
2608,0,0.0,NO
2609,1,0.0,NO
2610,1,0.0,NO
2611,1,0.0,NO
2612,1,0.0,NO
2613,1,0.0,NO
2614,11,0.0475,NO
2615,0,0.0,NO
2616,1,0.0,NO
2617,5,0.0,NO
2618,1,0.2213334784383172,NO
2619,0,0.0,NO
2620,4,0.01,NO
2621,1,0.046291812481813084,NO
2622,1,0.0,NO
2623,1,0.027242784380305602,NO
2624,1,0.0,NO
2625,1,0.0,NO
2626,1,0.0,NO
2627,13,0.06080519480519479,NO
2628,1,0.0,NO
2629,1,0.0,NO
2630,1,0.0,NO
2631,4,0.012226600985221677,NO
2632,1,0.0,NO
2633,3,0.02,NO
2634,1,0.010094646094646094,NO
2635,17,0.07,NO
2636,0,0.0,NO
2637,3,0.02,NO
2638,1,0.0,NO
2639,1,0.0,NO
2640,0,0.0,NO
2641,1,0.0,NO
2642,1,0.008431372549019607,NO
2643,9,0.0,NO
2644,2,0.002867132867132867,NO
2645,3,0.0,NO
2646,1,0.0,NO
2647,1,0.0,NO
2648,33,0.039375,NO
2649,1,0.0,NO
2650,1,0.0,NO
2651,0,0.0,NO
2652,2,0.09310344827586206,NO
2653,1,0.0,NO
2654,14,0.02,YES
2655,30,0.06,NO
2656,4,0.0,NO
2657,1,0.0,NO
2658,1,0.0,NO
2659,1,0.0,NO
2660,1,0.0,NO
2661,5,0.0,NO
2662,1,0.0,NO
2663,1,0.0,NO
2664,4,0.0,NO
2665,1,0.0,NO
2666,1,0.0,NO
2667,0,0.0,NO
2668,1,0.0,NO
2669,2,0.0,NO
2670,0,0.0,NO
2671,6,0.01,NO
2672,1,0.01,NO
2673,1,0.0,NO
2674,0,0.0,NO
2675,0,0.0,NO
2676,3,0.005891891891891893,NO
2677,0,0.0,NO
2678,0,0.0,NO
2679,1,0.0,NO
2680,1,0.0,NO
2681,3,0.0,NO
2682,0,0.0,NO
2683,8,0.056363636363636366,NO
2684,3,0.10463639137239447,NO
2685,11,0.0,NO
2686,0,0.0,NO
2687,0,0.0,NO
2688,5,0.0044482173174872665,NO
2689,0,0.0,NO
2690,1,0.01,NO
2691,0,0.0,NO
2692,0,0.0,NO
2693,1,0.0,NO
2694,1,0.0,NO
2695,1,0.0,NO
2696,1,0.0,NO
2697,1,0.0,NO
2698,3,0.0014414414414414415,NO
2699,1,0.0,NO
2700,1,0.0,NO
2701,1,0.0,NO
2702,1,0.0,NO
2703,4,0.01,NO
2704,3,0.10463639137239447,NO
2705,1,0.0,NO
2706,3,0.0,NO
2707,1,0.0,NO
2708,1,0.0,NO
2709,1,0.0,NO
2710,0,0.0,NO
2711,0,0.0,NO
2712,0,0.0,NO
2713,7,0.09818181818181819,NO
2714,1,0.0,NO
2715,1,0.0,NO
2716,0,0.0,NO
2717,0,0.0,NO
2718,23,0.21370833333333333,NO
2719,1,0.0,NO
2720,1,0.0,NO
2721,0,0.0,NO
2722,22,0.061500000000000006,NO
2723,1,0.0,NO
2724,8,0.04857142857142858,NO
2725,1,0.0,NO
2726,5,0.0,NO
2727,2,0.0,NO
2728,1,0.0,NO
2729,1,0.0,NO
2730,13,0.008181818181818182,NO
2731,0,0.0,NO
2732,11,0.024380252100840338,NO
2733,1,0.0,NO
2734,0,0.0,NO
2735,1,0.0,NO
2736,1,0.0,NO
2737,21,0.062380952380952384,NO
2738,9,0.0,NO
2739,1,0.0,NO
2740,2,0.01,NO
2741,2,0.01,NO
2742,5,0.0,NO
2743,0,0.0,NO
2744,14,0.15349206349206349,NO
2745,1,0.0,NO
2746,4,0.02805555555555555,NO
2747,1,0.0,NO
2748,1,0.0,NO
2749,3,0.0,NO
2750,0,0.0,NO
2751,0,0.0,NO
2752,1,0.0,NO
2753,9,0.06547619047619048,NO
2754,1,0.0,NO
2755,3,0.10628571428571428,NO
2756,3,0.1412585296004537,NO
2757,1,0.023464811840502448,NO
2758,0,0.0,NO
2759,1,0.0,NO
2760,46,0.02858974358974358,NO
2761,6,0.016923076923076923,NO
2762,1,0.0,NO
2763,2,0.0,NO
2764,18,0.14875,NO
2765,1,0.0,NO
2766,0,0.0,NO
2767,3,0.020927349890140595,NO
2768,1,0.0,NO
2769,1,0.0,NO
2770,5,0.007857142857142856,NO
2771,17,0.09,NO
2772,8,0.01,NO
2773,7,0.0,NO
2774,3,0.0,NO
2775,0,0.0,NO
2776,1,0.0,NO
2777,1,0.027242784380305602,NO
2778,1,0.0,NO
2779,3,0.10463639137239447,NO
2780,1,0.0,NO
2781,1,0.0,NO
2782,1,0.0,NO
2783,1,0.0,NO
2784,18,0.165875,NO
2785,0,0.0,NO
2786,1,0.0,NO
2787,9,0.0175,NO
2788,9,0.037279761904761906,NO
2789,1,0.0,NO
2790,12,0.0,NO
2791,1,0.017142857142857147,NO
2792,6,0.0,NO
2793,1,0.0,NO
2794,1,0.0,NO
2795,1,0.0,NO
2796,0,0.0,NO
2797,1,0.0,NO
2798,33,0.0,NO
2799,1,0.0,NO
2800,1,0.046291812481813084,NO
2801,4,0.0,NO
2802,6,0.04833333333333334,NO
2803,3,0.0,NO
2804,1,0.0,NO
2805,1,0.0,NO
2806,1,0.0,NO
2807,1,0.0,NO
2808,1,0.0,NO
2809,5,0.0,NO
2810,10,0.04,YES
2811,1,0.0,NO
2812,9,0.06543339409128883,NO
2813,38,0.04,NO
2814,5,0.0,NO
2815,3,0.0,NO
2816,1,0.0,NO
2817,1,0.010094646094646094,NO
2818,0,0.0,NO
2819,1,0.0,NO
2820,1,0.0,NO
2821,1,0.0,NO
2822,9,0.07531639928698752,NO
2823,1,0.0,NO
2824,0,0.0,NO
2825,1,0.0,NO
2826,1,0.0,NO
2827,0,0.0,NO
2828,1,0.0,NO
2829,1,0.0,NO
2830,9,0.02875,NO
2831,0,0.0,NO
2832,3,0.004,NO
2833,1,0.661018351681823,NO
2834,1,0.06360651869732135,NO
2835,1,0.0,NO
2836,1,0.0,NO
2837,1,0.0,NO
2838,1,0.0,NO
2839,1,0.0,NO
2840,1,0.0,NO
2841,0,0.0,NO
2842,3,0.0,NO
2843,10,0.0,NO
2844,151,0.08677777777777777,NO
2845,1,0.046291812481813084,NO
2846,1,0.0,NO
2847,10,0.01826388888888889,NO
2848,5,0.02,NO
2849,1,0.0,NO
2850,1,0.5685714285714286,YES
2851,3,0.0,NO
2852,0,0.0,NO
2853,1,0.010094646094646094,NO
2854,0,0.0,NO
2855,1,0.0,NO
2856,4,0.01916666666666666,NO
2857,1,0.0,NO
2858,4,0.039,NO
2859,1,0.0,NO
2860,0,0.0,NO
2861,1,0.01,NO
2862,7,0.034166666666666665,NO
2863,1,0.0,NO
2864,9,0.00857142857142857,NO
2865,31,0.06073809523809523,NO
2866,18,0.22,NO
2867,1,0.0,NO
2868,0,0.0,NO
2869,3,0.02,NO
2870,1,0.0,NO
2871,13,0.0,NO
2872,1,0.03,NO
2873,1,0.0,NO
2874,19,0.07857142857142857,NO
2875,1,0.0,NO
2876,0,0.0,NO
2877,1,0.0,NO
2878,1,0.0,YES
2879,1,0.0,NO
2880,1,0.0,NO
2881,8,0.03,NO
2882,1,0.0,NO
2883,1,0.0,NO
2884,6,0.018333333333333333,NO
2885,7,0.10398158425009278,NO
2886,1,0.009130434782608695,NO
2887,1,0.0,NO
2888,1,0.0,NO
2889,1,0.0,NO
2890,11,0.006,NO
2891,32,0.04418315018315019,NO
2892,1,0.0,NO
2893,5,0.07,NO
2894,9,0.0,NO
2895,0,0.0,NO
2896,1,0.18301698301698302,NO
2897,1,0.0,NO
2898,3,0.0,NO
2899,1,0.0,NO
2900,1,0.0,NO
2901,0,0.0,NO
2902,1,0.01,NO
2903,4,0.02805555555555555,NO
2904,1,0.0,NO
2905,21,0.03,NO
2906,1,0.0,NO
2907,5,0.0,NO
2908,1,0.0,NO
2909,6,0.0038461538461538464,NO
2910,1,0.0,NO
2911,1,0.0,NO
2912,1,0.0,NO
2913,1,0.0,NO
2914,3,0.013999999999999999,NO
2915,16,0.2373333333333333,NO
2916,6,0.0,NO
2917,6,0.0,NO
2918,1,0.0,NO
2919,1,0.0,NO
2920,1,0.0,NO
2921,0,0.0,NO
2922,1,0.0,NO
2923,24,0.0912797619047619,NO
2924,1,0.0,NO
2925,5,0.0014285714285714286,NO
2926,1,0.0,NO
2927,1,0.0,NO
2928,7,0.07312820512820513,NO
2929,8,0.05,NO
2930,4,0.01636363636363636,NO
2931,1,0.0,NO
2932,12,0.10377777777777776,NO
2933,1,0.0,NO
2934,7,0.013333333333333336,NO
2935,1,0.0,NO
2936,1,0.03141782458689913,NO
2937,0,0.0,NO
2938,4,0.0,NO
2939,1,0.0,NO
2940,1,0.0,NO
2941,1,0.0,NO
2942,1,0.0,NO
2943,6,0.0,NO
2944,17,0.23,NO
2945,7,0.01,NO
2946,1,0.0,NO
2947,1,0.0,NO
2948,0,0.0,NO
2949,1,0.0,NO
2950,4,0.02875,NO
2951,2,0.0036407175200278653,NO
2952,1,0.0,NO
2953,16,0.04,NO
2954,41,0.14,NO
2955,9,0.0,NO
2956,1,0.0,NO
2957,1,0.0,NO
2958,0,0.0,NO
2959,1,0.0,NO
2960,7,0.05909090909090909,NO
2961,1,0.042702702702702704,NO
2962,1,0.0,NO
2963,1,0.0,NO
2964,9,0.0,NO
2965,1,0.0,NO
2966,1,0.0,NO
2967,1,0.0,NO
2968,10,0.11683333333333333,NO
2969,1,0.0,NO
2970,13,0.06,NO
2971,51,0.11631868131868131,NO
2972,11,0.0,NO
2973,0,0.0,NO
2974,1,0.0,NO
2975,5,0.0038888888888888888,NO
2976,5,0.0,NO
2977,1,0.0,NO
2978,4,0.012226600985221677,NO
2979,7,0.049090909090909095,NO
2980,16,0.10433333333333332,NO
2981,0,0.0,NO
2982,1,0.0,NO
2983,1,0.0,NO
2984,1,0.0,NO
2985,85,0.05,NO
2986,1,0.0,NO
2987,0,0.0,NO
2988,0,0.0,NO
2989,0,0.0,NO
2990,1,0.0,NO
2991,8,0.0,NO
2992,1,0.0,NO
2993,1,0.0,NO
2994,7,0.046794871794871795,NO
2995,6,0.01,NO
2996,1,0.0,NO
2997,0,0.0,NO
2998,13,0.0,NO
2999,2,0.0,NO
3000,11,0.0,NO
3001,11,0.0,NO
3002,1,0.0,NO
3003,2,0.003184873949579832,NO
3004,1,0.0,NO
3005,1,0.0,NO
3006,6,0.00360248447204969,NO
3007,9,0.06,NO
3008,1,0.0,NO
3009,1,0.0,NO
3010,1,0.0,NO
3011,15,0.08571428571428572,NO
3012,1,0.0,NO
3013,1,0.0,NO
3014,1,0.0,NO
3015,1,0.4287400513847643,NO
3016,7,0.05909090909090909,NO
3017,1,0.0,NO
3018,0,0.0,NO
3019,1,0.01,NO
3020,1,0.0,NO
3021,1,0.0,NO
3022,1,0.004074074074074074,NO
3023,0,0.0,NO
3024,1,0.0,NO
3025,1,0.0,NO
3026,1,0.0,NO
3027,13,0.01,NO
3028,6,0.0,NO
3029,0,0.0,NO
3030,1,0.0,NO
3031,13,0.0,NO
3032,3,0.0,NO
3033,1,0.0,NO
3034,1,0.0,NO
3035,0,0.0,NO
3036,1,0.0,NO
3037,3,0.03815856544227024,NO
3038,3,0.013999999999999999,NO
3039,1,0.0,NO
3040,1,0.0,NO
3041,0,0.0,NO
3042,1,0.0,NO
3043,1,0.0,NO
3044,0,0.0,NO
3045,1,0.046291812481813084,NO
3046,3,0.0,NO
3047,1,0.0,NO
3048,0,0.0,NO
3049,3,0.0,NO
3050,1,0.0,NO
3051,1,0.0,NO
3052,11,0.0,NO
3053,0,0.19244387239007985,YES
3054,1,0.0,NO
3055,6,0.05,NO
3056,8,0.019047619047619046,NO
3057,1,0.0,NO
3058,1,0.0,NO
3059,0,0.0,NO
3060,2,0.0,NO
3061,1,0.0,NO
3062,4,0.0,NO
3063,1,0.0,NO
3064,0,0.027149758454106276,NO
3065,1,0.0,NO
3066,0,0.0,NO
3067,1,0.0,NO
3068,45,0.08,NO
3069,4,0.008888888888888889,NO
3070,1,0.0,NO
3071,1,0.0,NO
3072,2,0.02,NO
3073,1,0.0,NO
3074,6,0.0,NO
3075,1,0.0,NO
3076,1,0.0,NO
3077,4,0.0,NO
3078,1,0.0,NO
3079,1,0.0,NO
3080,1,0.0,NO
3081,8,0.06789646464646464,NO
3082,18,0.19571428571428573,NO
3083,2,0.02,NO
3084,5,0.01,NO
3085,0,0.0,NO
3086,1,0.0,NO
3087,1,0.0,NO
3088,1,0.0,NO
3089,1,0.0,NO
3090,1,0.0,NO
3091,34,0.12444444444444444,NO
3092,0,0.0,NO
3093,1,0.0,NO
3094,1,0.0,NO
3095,1,0.0,NO
3096,0,0.0,NO
3097,4,0.0038461538461538464,NO
3098,4,0.02875,NO
3099,1,0.0,NO
3100,1,0.0,NO
3101,3,0.0,NO
3102,1,0.0,NO
3103,1,0.0,NO
3104,0,0.0,NO
3105,8,0.06,NO
3106,9,0.0,NO
3107,13,0.0,NO
3108,1,0.0,NO
3109,5,0.011428571428571429,NO
3110,1,0.0,NO
3111,1,0.0,NO
3112,1,0.0,NO
3113,0,0.0,NO
3114,12,0.0,NO
3115,7,0.026794871794871798,NO
3116,9,0.0,NO
3117,1,0.0,NO
3118,1,0.0,NO
3119,1,0.011428571428571429,NO
3120,1,0.37239933394905317,NO
3121,15,0.0,NO
3122,1,0.027242784380305602,NO
3123,0,0.0,NO
3124,3,0.20680011655011654,NO
3125,1,0.0,NO
3126,5,0.0,NO
3127,1,0.0,NO
3128,27,0.08286868686868686,NO
3129,1,0.02,NO
3130,4,0.0,NO
3131,1,0.0,NO
3132,1,0.0,NO
3133,0,0.0,NO
3134,1,0.0,NO
3135,1,0.0,NO
3136,1,0.0,NO
3137,1,0.0,NO
3138,1,0.0,NO
3139,1,0.0,NO
3140,1,0.0,NO
3141,3,0.004,NO
3142,1,0.0,NO
3143,1,0.0,NO
3144,4,0.006999999999999999,NO
3145,10,0.0,NO
3146,1,0.0,NO
3147,0,0.0,NO
3148,1,0.0,NO
3149,1,0.0,NO
3150,15,0.03,NO
3151,14,0.2753472222222222,NO
3152,2,0.0,NO
3153,1,0.0,NO
3154,6,0.03,NO
3155,1,0.0,NO
3156,1,0.0,NO
3157,1,0.0,NO
3158,1,0.0,NO
3159,6,0.0,NO
3160,3,0.0052991452991453,NO
3161,1,0.0,NO
3162,1,0.0,NO
3163,1,0.0,NO
3164,1,0.0,NO
3165,30,0.05392719780219781,NO
3166,1,0.0,NO
3167,0,0.0,NO
3168,14,0.11777777777777779,NO
3169,1,0.0,NO
3170,1,0.0,NO
3171,3,0.04,NO
3172,0,0.0,NO
3173,1,0.0,NO
3174,0,0.0,NO
3175,1,0.0,NO
3176,1,0.0,NO
3177,1,0.0,NO
3178,1,0.0,NO
3179,1,0.0,NO
3180,6,0.10432081334931848,NO
3181,2,0.0,NO
3182,0,0.0,NO
3183,0,0.0,NO
3184,1,0.0,NO
3185,1,0.015950413223140496,NO
3186,3,0.10463639137239447,NO
3187,1,0.0,NO
3188,1,0.0,NO
3189,1,0.009411764705882352,NO
3190,7,0.03,NO
3191,1,0.0,NO
3192,1,0.0,NO
3193,1,0.0,NO
3194,1,0.0,NO
3195,1,0.0,NO
3196,0,0.0,NO
3197,0,0.0,NO
3198,4,0.06,NO
3199,3,0.0,NO
3200,7,0.06857142857142857,NO
3201,1,0.0,NO
3202,1,0.0,NO
3203,0,0.0,NO
3204,1,0.0,NO
3205,15,0.11571428571428571,NO
3206,1,0.0,NO
3207,1,0.0,NO
3208,29,0.25,NO
3209,1,0.0,NO
3210,15,0.23099206349206353,NO
3211,0,0.0,NO
3212,17,0.06,NO
3213,1,0.0,NO
3214,1,0.0,NO
3215,9,0.020714285714285716,NO
3216,12,0.0,NO
3217,0,0.0,NO
3218,1,0.0,NO
3219,1,0.0,NO
3220,1,0.0,NO
3221,1,0.0,NO
3222,1,0.0,NO
3223,1,0.0,NO
3224,0,0.0,NO
3225,46,0.09746031746031747,NO
3226,1,0.0,NO
3227,37,0.06,YES
3228,1,0.0,NO
3229,1,0.0,NO
3230,64,0.17798076923076922,NO
3231,97,0.26,NO
3232,8,0.01,NO
3233,1,0.0,NO
3234,0,0.03399070050503819,NO
3235,0,0.0,NO
3236,2,0.0,NO
3237,1,0.0,NO
3238,1,0.0,NO
3239,0,0.0,NO
3240,1,0.0,NO
3241,4,0.01,NO
3242,1,0.0,NO
3243,1,0.0,NO
3244,1,0.0,NO
3245,8,0.10771093354529888,NO
3246,1,0.0,NO
3247,1,0.0,NO
3248,0,0.0,NO
3249,0,0.0,NO
3250,3,0.5830653408339166,YES
3251,6,0.0,NO
3252,17,0.0875,NO
3253,1,0.010094646094646094,NO
3254,1,0.0,NO
3255,14,0.0352859477124183,NO
3256,1,0.06360651869732135,NO
3257,6,0.01,NO
3258,3,0.004,NO
3259,1,0.0,NO
3260,7,0.28886382816529876,NO
3261,1,0.0,NO
3262,0,0.0,NO
3263,0,0.0,NO
3264,1,0.0,NO
3265,1,0.0,NO
3266,1,0.0,NO
3267,7,0.024615384615384612,NO
3268,1,0.0,NO
3269,1,0.0,NO
3270,1,0.0,NO
3271,1,0.0,NO
3272,2,0.0,NO
3273,2,0.032241405626895335,NO
3274,1,0.0,NO
3275,3,0.1412585296004537,NO
3276,1,0.0,NO
3277,1,0.0,NO
3278,7,0.20106317311444358,NO
3279,1,0.0,NO
3280,0,0.0,NO
3281,8,0.05571428571428571,NO
3282,1,0.0,NO
3283,0,0.0,NO
3284,1,0.0,NO
3285,4,0.0,NO
3286,1,0.0,NO
3287,0,0.0,NO
3288,1,0.023464811840502448,NO
3289,1,0.0,NO
3290,11,0.050181818181818175,NO
3291,0,0.0,NO
3292,3,0.03,YES
3293,3,0.04,NO
3294,6,0.0,NO
3295,1,0.0,NO
3296,1,0.0,NO
3297,1,0.0,NO
3298,1,0.0,NO
3299,1,0.0,NO
3300,1,0.0,NO
3301,0,0.0,NO
3302,2,0.01,NO
3303,0,0.0,NO
3304,7,0.0,NO
3305,1,0.0,NO
3306,0,0.0,NO
3307,1,0.37239933394905317,YES
3308,1,0.046291812481813084,NO
3309,0,0.0,NO
3310,3,0.008,NO
3311,4,0.0125,NO
3312,1,0.0,NO
3313,1,0.0,NO
3314,1,0.0,NO
3315,0,0.0,NO
3316,0,0.0,NO
3317,0,0.0,NO
3318,1,0.0,NO
3319,0,0.0,NO
3320,1,0.0,NO
3321,1,0.0,NO
3322,1,0.0,NO
3323,4,0.0,NO
3324,3,0.26324268321548056,NO
3325,1,0.0,NO
3326,1,0.0,NO
3327,2,0.0,NO
3328,1,0.0,NO
3329,1,0.0,NO
3330,1,0.0,NO
3331,0,0.0,NO
3332,1,0.0,NO
3333,3,0.0,NO
3334,23,0.20261111111111113,NO
3335,24,0.19950208125208124,YES
3336,1,0.0,NO
3337,1,0.0,NO
3338,0,0.0,NO
3339,11,0.0,NO
3340,2,0.0,NO
3341,2,0.019727244719446615,NO
3342,6,0.01,NO
3343,22,0.08227272727272726,NO
3344,0,0.0,NO
3345,1,0.0,NO
3346,1,0.0,NO
3347,1,0.0,NO
3348,0,0.0,NO
3349,2,0.0,NO
3350,1,0.0,NO
3351,4,0.01,NO
3352,1,0.0,NO
3353,3,0.10463639137239447,NO
3354,1,0.0,NO
3355,7,0.09087027008079639,NO
3356,1,0.0,NO
3357,142,0.6195492154903918,YES
3358,1,0.0,NO
3359,1,0.0,NO
3360,1,0.0,NO
3361,1,0.0,NO
3362,7,0.018461538461538463,NO
3363,1,0.0,NO
3364,1,0.0,NO
3365,33,0.03416666666666666,NO
3366,12,0.06846153846153846,NO
3367,1,0.0,NO
3368,0,0.0,NO
3369,4,0.01,NO
3370,1,0.0,NO
3371,1,0.0,NO
3372,1,0.0,NO
3373,12,0.06171428571428571,NO
3374,1,0.0,NO
3375,8,0.015833333333333338,NO
3376,1,0.0,NO
3377,1,0.0,NO
3378,81,0.07,NO
3379,1,0.0,NO
3380,12,0.0,NO
3381,0,0.0,NO
3382,1,0.0,NO
3383,1,0.0,NO
3384,1,0.0,NO
3385,1,0.0,NO
3386,7,0.08684848484848483,NO
3387,8,0.01,NO
3388,1,0.0,NO
3389,0,0.0,NO
3390,0,0.0,NO
3391,4,0.02,NO
3392,21,0.3879797979797979,NO
3393,1,0.0,NO
3394,6,0.12711248001598513,NO
3395,0,0.0,NO
3396,1,0.0,NO
3397,1,0.0,NO
3398,4,0.0,NO
3399,1,0.0,NO
3400,7,0.04912820512820513,NO
3401,3,0.0,NO
3402,3,0.013999999999999999,NO
3403,12,0.01,NO
3404,1,0.0,NO
3405,0,0.0,NO
3406,1,0.0,NO
3407,1,0.0,NO
3408,1,0.0,NO
3409,0,0.036075189733123236,NO
3410,1,0.0,NO
3411,6,0.0,NO
3412,11,0.08,NO
3413,1,0.0,NO
3414,1,0.0,NO
3415,1,0.0,NO
3416,10,0.0,NO
3417,1,0.0,NO
3418,4,0.02875,NO
3419,10,0.0,NO
3420,0,0.0,NO
3421,5,0.0,NO
3422,1,0.0,NO
3423,1,0.0,NO
3424,1,0.0,NO
3425,1,0.0,NO
3426,11,0.042083333333333334,YES
3427,7,0.0367948717948718,NO
3428,1,0.0,NO
3429,0,0.0,NO
3430,1,0.0,NO
3431,2,0.0036407175200278653,NO
3432,7,0.079,NO
3433,3,0.013999999999999999,NO
3434,3,0.02,NO
3435,1,0.0,NO
3436,1,0.0,NO
3437,8,0.02,NO
3438,0,0.0,NO
3439,4,0.02,NO
3440,1,0.0,NO
3441,7,0.06857142857142857,NO
3442,1,0.0,NO
3443,9,0.04,NO
3444,1,0.0,NO
3445,1,0.0,NO
3446,9,0.009607843137254903,NO
3447,1,0.0,NO
3448,1,0.0,NO
3449,11,0.035320512820512816,NO
3450,1,0.0,NO
3451,3,0.004,NO
3452,1,0.027000000000000003,NO
3453,2,0.0,NO
3454,15,0.1633639971139971,NO
3455,1,0.0,NO
3456,16,0.085,NO
3457,0,0.0,NO
3458,0,0.0,NO
3459,48,0.16362820512820517,NO
3460,0,0.0,NO
3461,1,0.0,NO
3462,1,0.0,NO
3463,3,0.0,NO
3464,1,0.0,NO
3465,1,0.0,NO
3466,1,0.0,NO
3467,5,0.11247405372405372,NO
3468,0,0.0,NO
3469,1,0.0,NO
3470,7,0.11003711201079622,NO
3471,1,0.049,NO
3472,1,0.0,NO
3473,1,0.0,NO
3474,1,0.01,YES
3475,1,0.0,NO
3476,1,0.046291812481813084,NO
3477,39,0.14,NO
3478,4,0.020173160173160173,NO
3479,0,0.0,NO
3480,1,0.0,NO
3481,6,0.03,NO
3482,2,0.0,NO
3483,1,0.0,NO
3484,0,0.03399070050503819,NO
3485,2,0.0036407175200278653,NO
3486,15,0.15,NO
3487,46,0.06,NO
3488,3,0.02,NO
3489,7,0.05742424242424242,NO
3490,1,0.0,NO
3491,8,0.07429114744904218,NO
3492,1,0.0,NO
3493,1,0.0,NO
3494,3,0.042222222222222223,NO
3495,0,0.0,NO
3496,44,0.028333333333333335,NO
3497,1,0.0,NO
3498,1,0.0,NO
3499,1,0.0,NO
3500,14,0.04818181818181819,NO
3501,1,0.056666666666666664,NO
3502,1,0.0,NO
3503,6,0.009000000000000001,NO
3504,5,0.02571428571428571,NO
3505,1,0.0,NO
3506,1,0.0,NO
3507,25,0.22629180541680544,NO
3508,1,0.0,NO
3509,1,0.0,NO
3510,6,0.03,NO
3511,1,0.01,NO
3512,0,0.0,NO
3513,3,0.0,NO
3514,6,0.01,NO
3515,1,0.0,NO
3516,1,0.0,NO
3517,1,0.0,YES
3518,1,0.0,NO
3519,7,0.054866300366300365,NO
3520,5,0.09588619378490862,NO
3521,0,0.0,NO
3522,2,0.0,NO
3523,3,0.013999999999999999,NO
3524,0,0.0,NO
3525,1,0.0,NO
3526,1,0.0,NO
3527,0,0.0,NO
3528,1,0.0,NO
3529,7,0.0,NO
3530,0,0.0,NO
3531,1,0.0,NO
3532,1,0.0,NO
3533,1,0.01060528559249787,NO
3534,3,0.66,YES
3535,9,0.0,NO
3536,1,0.0,NO
3537,1,0.0,NO
3538,0,0.0,NO
3539,1,0.0,NO
3540,9,0.06,NO
3541,14,0.05,NO
3542,35,0.08558333333333333,NO
3543,1,0.004074074074074074,NO
3544,4,0.0,NO
3545,0,0.0,NO
3546,1,0.0,NO
3547,14,0.0,NO
3548,4,0.03352564102564102,NO
3549,1,0.0,NO
3550,1,0.018599016000021378,NO
3551,3,0.0,NO
3552,1,0.046291812481813084,NO
3553,1,0.0,NO
3554,3,0.013999999999999999,NO
3555,2,0.0,NO
3556,29,0.0760909090909091,NO
3557,1,0.0,NO
3558,1,0.004074074074074074,NO
3559,1,0.0,NO
3560,1,0.0,NO
3561,1,0.0,NO
3562,1,0.0,NO
3563,18,0.21506410256410255,NO
3564,4,0.01,NO
3565,12,0.0,NO
3566,6,0.02,NO
3567,7,0.0,NO
3568,7,0.15797234592138615,NO
3569,1,0.0,NO
3570,6,0.03,NO
3571,2,0.009051012274828631,NO
3572,6,0.0,NO
3573,3,0.0038095238095238095,NO
3574,39,0.14,NO
3575,1,0.0,NO
3576,1,0.0,NO
3577,3,0.005891891891891893,NO
3578,6,0.01,NO
3579,16,0.05,NO
3580,1,0.0,NO
3581,10,0.34964188610630664,YES
3582,1,0.0,NO
3583,5,0.0,NO
3584,1,0.0,NO
3585,3,0.0,NO
3586,1,0.0,NO
3587,0,0.0,NO
3588,0,0.0,NO
3589,4,0.0,NO
3590,16,0.048,NO
3591,31,0.2090909090909091,NO
3592,2,0.0,NO
3593,1,0.03,NO
3594,1,0.0,NO
3595,1,0.0,NO
3596,2,0.0,NO
3597,2,0.01,NO
3598,1,0.0,NO
3599,0,0.0,NO
3600,12,0.0,NO
3601,5,0.05008106449847272,NO
3602,1,0.0,NO
3603,0,0.0,NO
3604,1,0.0,NO
3605,1,0.0,NO
3606,1,0.0,NO
3607,6,0.0,NO
3608,1,0.0,NO
3609,1,0.01,NO
3610,1,0.0,NO
3611,1,0.0,NO
3612,5,0.0,NO
3613,1,0.009411764705882352,NO
3614,4,0.01,NO
3615,1,0.0,NO
3616,5,0.007857142857142856,NO
3617,39,0.14,NO
3618,0,0.0,NO
3619,1,0.019210526315789473,NO
3620,1,0.0,NO
3621,15,0.06,NO
3622,1,0.0,NO
3623,0,0.0,NO
3624,5,0.0,NO
3625,1,0.0,NO
3626,1,0.0,NO
3627,10,0.0,NO
3628,1,0.0,NO
3629,9,0.00857142857142857,NO
3630,1,0.0,NO
3631,1,0.0,NO
3632,0,0.0,NO
3633,1,0.0,NO
3634,0,0.0,NO
3635,1,0.0,NO
3636,1,0.0,NO
3637,1,0.023464811840502448,NO
3638,1,0.0,NO
3639,19,0.2177777777777778,NO
3640,6,0.01,NO
3641,7,0.05909090909090909,NO
3642,0,0.0,NO
3643,1,0.0,NO
3644,1,0.0,NO
3645,0,0.0,NO
3646,1,0.0,NO
3647,1,0.0,NO
3648,10,0.0,NO
3649,30,0.099,NO
3650,0,0.0,NO
3651,1,0.0,NO
3652,1,0.0,NO
3653,2,0.033846153846153845,NO
3654,1,0.0,NO
3655,1,0.0,NO
3656,3,0.0,NO
3657,1,0.0,NO
3658,0,0.0,NO
3659,0,0.027149758454106276,NO
3660,1,0.0,NO
3661,5,0.05008106449847272,NO
3662,1,0.0,NO
3663,1,0.0,NO
3664,1,0.01,NO
3665,1,0.0,NO
3666,1,0.0,NO
3667,6,0.0,NO
3668,1,0.0,NO
3669,1,0.0,NO
3670,1,0.029132903012247593,NO
3671,1,0.0,NO
3672,6,0.016923076923076923,NO
3673,0,0.0,NO
3674,6,0.0,NO
3675,6,0.016923076923076923,NO
3676,0,0.0,NO
3677,1,0.0,NO
3678,1,0.0,NO
3679,1,0.0,NO
3680,1,0.0,NO
3681,1,0.0,NO
3682,3,0.013999999999999999,NO
3683,1,0.0,NO
3684,3,0.0,NO
3685,1,0.0,NO
3686,6,0.0,NO
3687,3,0.0,NO
3688,7,0.026794871794871798,NO
3689,1,0.0,NO
3690,1,0.009411764705882352,NO
3691,9,0.0,NO
3692,9,0.03,NO
3693,0,0.0,NO
3694,1,0.027242784380305602,NO
3695,1,0.0,NO
3696,1,0.0,NO
3697,2,0.019727244719446615,NO
3698,2,0.0,NO
3699,12,0.014750000000000001,NO
3700,1,0.0,YES
3701,2,0.0036407175200278653,NO
3702,1,0.0,NO
3703,60,0.16040490065490068,NO
3704,0,0.0,NO
3705,1,0.0,NO
3706,28,0.13478346653346654,NO
3707,0,0.0,NO
3708,1,0.0,NO
3709,1,0.0,NO
3710,1,0.0,NO
3711,0,0.027149758454106276,NO
3712,10,0.0,NO
3713,1,0.0,NO
3714,5,0.0,NO
3715,0,0.0,NO
3716,3,0.004,NO
3717,1,0.0,NO
3718,1,0.0,NO
3719,9,0.0675,NO
3720,1,0.0,NO
3721,1,0.0,NO
3722,1,0.0,NO
3723,7,0.28886382816529876,NO
3724,3,0.0,NO
3725,1,0.0,NO
3726,1,0.0,NO
3727,1,0.0,NO
3728,1,0.03141782458689913,NO
3729,14,0.0,NO
3730,1,0.0,NO
3731,0,0.0,NO
3732,1,0.0,NO
3733,6,0.016923076923076923,NO
3734,1,0.0,NO
3735,1,0.0,NO
3736,20,0.23,NO
3737,2,0.002926829268292683,NO
3738,1,0.0,NO
3739,7,0.13758473105841526,NO
3740,18,0.1575,NO
3741,3,0.04888888888888889,NO
3742,65,0.18809090909090911,NO
3743,12,0.04933333333333333,NO
3744,1,0.0,NO
3745,1,0.01983851674641148,NO
3746,1,0.0,NO
3747,0,0.0,NO
3748,1,0.0,NO
3749,1,0.0,NO
3750,1,0.0,NO
3751,10,0.07493939393939393,NO
3752,0,0.0,NO
3753,0,0.0,NO
3754,0,0.0,NO
3755,1,0.0,NO
3756,1,0.0,NO
3757,1,0.0,NO
3758,1,0.046291812481813084,NO
3759,9,0.0,NO
3760,1,0.0,NO
3761,0,0.0,NO
3762,12,0.0,NO
3763,0,0.0,NO
3764,20,0.105,NO
3765,1,0.0,NO
3766,1,0.0,NO
3767,6,0.01,NO
3768,1,0.0,NO
3769,0,0.0,NO
3770,7,0.04912820512820513,NO
3771,1,0.0,NO
3772,1,0.0,NO
3773,1,0.01,NO
3774,17,0.07392307692307692,NO
3775,1,0.0,NO
3776,5,0.01,NO
3777,1,0.0,NO
3778,1,0.0,NO
3779,6,0.04,NO
3780,5,0.01,NO
3781,1,0.0,NO
3782,15,0.03,NO
3783,1,0.0,NO
3784,1,0.0,NO
3785,1,0.0,NO
3786,1,0.0,NO
3787,3,0.013999999999999999,NO
3788,1,0.0,NO
3789,1,0.0,NO
3790,1,0.0,NO
3791,1,0.0,NO
3792,1,0.046291812481813084,NO
3793,2,0.03244444444444444,NO
3794,0,0.0,NO
3795,1,0.0,NO
3796,1,0.0,NO
3797,1,0.0,NO
3798,1,0.0,NO
3799,0,0.0,NO
3800,1,0.0,NO
3801,4,0.027160714285714285,NO
3802,5,0.0012903225806451613,NO
3803,3,0.004,NO
3804,1,0.0,NO
3805,0,0.0,NO
3806,3,0.0038095238095238095,NO
3807,2,0.0,NO
3808,4,0.01636363636363636,NO
3809,8,0.0,NO
3810,24,0.04360606060606061,NO
3811,1,0.0,NO
3812,6,0.0,NO
3813,0,0.0,NO
3814,3,0.0,NO
3815,1,0.0,NO
3816,1,0.0,NO
3817,1,0.0,NO
3818,14,0.2676470588235294,NO
3819,1,0.0,NO
3820,0,0.0,NO
3821,1,0.0,NO
3822,3,0.013999999999999999,NO
3823,4,0.03,NO
3824,4,0.0,NO
3825,4,0.02875,NO
3826,13,0.018773109243697475,NO
3827,1,0.0,NO
3828,11,0.049020361990950216,NO
3829,1,0.0,NO
3830,16,0.05,NO
3831,9,0.0,NO
3832,3,0.0,NO
3833,9,0.0,NO
3834,1,0.0,NO
3835,2,0.0,NO
3836,15,0.04777777777777778,NO
3837,4,0.01,NO
3838,1,0.0,NO
3839,1,0.0,NO
3840,1,0.0,NO
3841,1,0.0,NO
3842,0,0.0,NO
3843,12,0.06171428571428571,NO
3844,5,0.0,NO
3845,12,0.0,NO
3846,1,0.0,NO
3847,3,0.012222222222222223,NO
3848,10,0.03578296703296704,NO
3849,9,0.0,NO
3850,0,0.0,NO
3851,14,0.07,NO
3852,1,0.0,NO
3853,1,0.0,NO
3854,6,0.01769534813013074,NO
3855,0,0.0,NO
3856,7,0.17072974247974249,NO
3857,21,0.02,NO
3858,7,0.02,NO
3859,68,0.4,NO
3860,1,0.0,NO
3861,1,0.0,NO
3862,0,0.0,NO
3863,7,0.05909090909090909,NO
3864,1,0.0,NO
3865,0,0.0,NO
3866,1,0.0,NO
3867,1,0.0,NO
3868,9,0.0,NO
3869,1,0.0,NO
3870,1,0.0,NO
3871,1,0.0,NO
3872,1,0.0,NO
3873,67,0.16,NO
3874,1,0.0,NO
3875,1,0.0,NO
3876,1,0.0,NO
3877,1,0.0,NO
3878,30,0.04,NO
3879,9,0.03,NO
3880,0,0.0,NO
3881,1,0.0,NO
3882,1,0.0,NO
3883,0,0.0,NO
3884,0,0.0,NO
3885,1,0.0,NO
3886,4,0.06,NO
3887,6,0.01,NO
3888,13,0.0,NO
3889,1,0.0,NO
3890,1,0.0,NO
3891,1,0.0,NO
3892,1,0.0,NO
3893,4,0.0153125,NO
3894,3,0.1412585296004537,NO
3895,1,0.0,NO
3896,24,0.1227445054945055,NO
3897,1,0.0,NO
3898,1,0.0,NO
3899,12,0.01,NO
3900,13,0.04,NO
3901,1,0.0,NO
3902,3,0.0,NO
3903,1,0.0,NO
3904,14,0.098,NO
3905,1,0.0,NO
3906,0,0.0,NO
3907,1,0.0,NO
3908,1,0.0,NO
3909,1,0.0,NO
3910,2,0.013999999999999999,NO
3911,3,0.004,NO
3912,1,0.0,NO
3913,0,0.0,NO
3914,1,0.0,NO
3915,3,0.042222222222222223,NO
3916,1,0.0,NO
3917,5,0.0,NO
3918,45,0.026923076923076925,NO
3919,4,0.0,NO
3920,28,0.138,NO
3921,15,0.22777777777777777,NO
3922,1,0.0,NO
3923,1,0.009375,NO
3924,1,0.0,NO
3925,1,0.0,NO
3926,7,0.024067599067599067,NO
3927,1,0.0,NO
3928,1,0.0,NO
3929,0,0.0,NO
3930,1,0.0,NO
3931,34,0.1,NO
3932,1,0.0,NO
3933,1,0.0,NO
3934,0,0.0,NO
3935,1,0.0,NO
3936,2,0.07,NO
3937,4,0.01,NO
3938,1,0.12173151869732134,YES
3939,4,0.0153125,NO
3940,32,0.044404761904761905,NO
3941,3,0.0,NO
3942,4,0.08,NO
3943,0,0.0,NO
3944,0,0.0,NO
3945,1,0.0,NO
3946,0,0.0,NO
3947,138,0.03,NO
3948,12,0.0808051948051948,NO
3949,0,0.0,NO
3950,0,0.0,NO
3951,7,0.04449498746867167,NO
3952,0,0.0,NO
3953,3,0.013999999999999999,NO
3954,13,0.018380952380952383,NO
3955,1,0.0,NO
3956,6,0.0,NO
3957,1,0.0,NO
3958,4,0.0125,NO
3959,4,0.01,NO
3960,1,0.0,NO
3961,11,0.008181818181818182,NO
3962,1,0.0,NO
3963,1,0.0,NO
3964,1,0.0,NO
3965,1,0.0,NO
3966,1,0.0,NO
3967,29,0.10468253968253968,NO
3968,0,0.0,NO
3969,39,0.035,NO
3970,1,0.0,NO
3971,1,0.0,NO
3972,0,0.0,NO
3973,1,0.0,NO
3974,1,0.0,NO
3975,1,0.0,NO
3976,0,0.0,NO
3977,0,0.0,NO
3978,1,0.0,NO
3979,1,0.0,NO
3980,8,0.07956687756687758,NO
3981,1,0.01,NO
3982,1,0.0,NO
3983,1,0.0,NO
3984,8,0.07655555555555559,NO
3985,27,0.55,YES
3986,1,0.0,NO
3987,1,0.0,NO
3988,1,0.0,NO
3989,32,0.03916666666666666,NO
3990,0,0.0,NO
3991,1,0.010094646094646094,NO
3992,2,0.02,NO
3993,1,0.0,NO
3994,1,0.0,NO
3995,1,0.0,NO
3996,9,0.0,NO
3997,1,0.0,NO
3998,1,0.0,NO
3999,1,0.0,NO
4000,1,0.0,NO
4001,12,0.06812662337662337,NO
4002,1,0.0,NO
4003,8,0.056363636363636366,NO
4004,1,0.0,NO
4005,1,0.0,NO
4006,0,0.0,NO
4007,8,0.10771093354529888,NO
4008,3,0.03,NO
4009,1,0.0,NO
4010,3,0.0038095238095238095,NO
4011,1,0.0,NO
4012,0,0.036075189733123236,NO
4013,0,0.0,NO
4014,0,0.0,NO
4015,1,0.0,NO
4016,0,0.0,NO
4017,0,0.0,NO
4018,1,0.0,NO
4019,5,0.02,NO
4020,8,0.06,NO
4021,4,0.01,NO
4022,1,0.0,NO
4023,13,0.01861904761904762,NO
4024,10,0.02833333333333334,NO
4025,19,0.09933333333333333,NO
4026,1,0.0,NO
4027,2,0.0036407175200278653,NO
4028,1,0.0,NO
4029,1,0.0,NO
4030,2,0.032241405626895335,NO
4031,2,0.0036407175200278653,NO
4032,1,0.0,NO
4033,1,0.0,NO
4034,1,0.0,NO
4035,1,0.0,NO
4036,7,0.0821292736805441,NO
4037,1,0.049,NO
4038,1,0.0,NO
4039,2,0.0,NO
4040,97,0.01,NO
4041,0,0.0,NO
4042,2,0.0,NO
4043,5,0.07,NO
4044,0,0.03399070050503819,NO
4045,1,0.0,NO
4046,0,0.0,NO
4047,0,0.0,NO
4048,0,0.0,NO
4049,0,0.0,NO
4050,1,0.010094646094646094,NO
4051,1,0.0,NO
4052,1,0.0,NO
4053,1,0.0,NO
4054,7,0.026315789473684213,NO
4055,4,0.0,NO
4056,1,0.0,NO
4057,4,0.0,NO
4058,1,0.0,NO
4059,31,0.10442424242424242,NO
4060,0,0.0,NO
4061,1,0.0,NO
4062,0,0.0,NO
4063,1,0.0,NO
4064,1,0.0,NO
4065,1,0.0,NO
4066,3,0.0,NO
4067,1,0.01,NO
4068,1,0.03975,NO
4069,1,0.0,NO
4070,0,0.0,NO
4071,51,0.03,NO
4072,1,0.0,NO
4073,1,0.0,NO
4074,1,0.0,NO
4075,1,0.0,NO
4076,3,0.07115392221489783,NO
4077,1,0.0,NO
4078,6,0.016923076923076923,NO
4079,7,0.0175,NO
4080,0,0.0,NO
4081,1,0.0,NO
4082,13,0.1277777777777778,NO
4083,1,0.0,NO
4084,1,0.0,NO
4085,1,0.0,NO
4086,1,0.0,NO
4087,1,0.0,NO
4088,3,0.014594987138465403,NO
4089,12,0.0,NO
4090,5,0.0,NO
4091,1,0.004074074074074074,NO
4092,4,0.0,NO
4093,1,0.0,NO
4094,5,0.0238421052631579,NO
4095,3,0.013999999999999999,NO
4096,3,0.05,NO
4097,1,0.0,NO
4098,1,0.010094646094646094,NO
4099,38,0.04566666666666666,NO
4100,1,0.0,NO
4101,3,0.0038095238095238095,NO
4102,1,0.0,NO
4103,1,0.0,NO
4104,3,0.0,NO
4105,24,0.5594543210057915,YES
4106,1,0.0,NO
4107,1,0.0,NO
4108,1,0.0,NO
4109,1,0.0,NO
4110,1,0.0,NO
4111,0,0.0,NO
4112,8,0.01,NO
4113,10,0.3407133146777352,NO
4114,1,0.0,NO
4115,4,0.0153125,NO
4116,1,0.0,NO
4117,1,0.0,NO
4118,1,0.0,NO
4119,1,0.0,NO
4120,9,0.027904761904761908,NO
4121,1,0.0,NO
4122,1,0.0,NO
4123,1,0.0,NO
4124,0,0.0,NO
4125,10,0.0,NO
4126,0,0.0,NO
4127,18,0.19571428571428573,NO
4128,27,0.14234493284493285,NO
4129,1,0.0,NO
4130,2,0.0,NO
4131,1,0.0,NO
4132,8,0.05,NO
4133,48,0.04,NO
4134,4,0.01,NO
4135,10,0.008333333333333335,NO
4136,1,0.0,NO
4137,1,0.0,NO
4138,1,0.0,NO
4139,1,0.0,NO
4140,5,0.0931417748917749,NO
4141,1,0.0,NO
