ID,Size,Predicted %,Actual value
0,4,0.02042188058634251,NO
1,1,0.03816917418923437,NO
2,2,0.1132177753097193,NO
3,4,0.02042188058634251,NO
4,13,0.2500875656742557,NO
5,69,0.9993002099370188,NO
6,9,1.7513134851138352E-4,NO
7,50,6.997900629811056E-4,NO
8,2,0.05885989860269568,NO
9,88,6.997900629811056E-4,NO
10,2,5.0050050050050046E-5,NO
11,1,0.5,NO
12,3,0.0500315324784528,NO
13,1,0.03816917418923437,NO
14,1,0.03816917418923437,NO
15,1,0.03816917418923437,NO
16,50,6.997900629811056E-4,NO
17,1,0.03816917418923437,NO
18,8,6.997900629811056E-4,NO
19,113,0.9993002099370188,NO
20,2,0.1132177753097193,NO
21,8,6.997900629811056E-4,NO
22,26,0.9993002099370188,NO
23,1,0.03816917418923437,NO
24,15,0.2500875656742557,NO
25,11,0.14292863577219497,NO
26,8,7.785130400934214E-5,NO
27,108,0.9993002099370188,NO
28,2,0.1132177753097193,NO
29,17,2.3348120476301656E-4,NO
30,3,1.7513134851138352E-4,NO
31,1,0.03816917418923437,NO
32,1,0.03816917418923437,NO
33,1,0.03816917418923437,NO
34,1,0.03816917418923437,YES
35,22,6.997900629811056E-4,NO
36,4,6.997900629811056E-4,NO
37,18,6.997900629811056E-4,NO
38,3,0.041675588344071784,NO
39,49,6.997900629811056E-4,NO
40,1,0.03816917418923437,NO
41,4,0.16674451191032227,NO
42,27,0.9993002099370188,YES
43,23,0.9993002099370188,YES
44,11,0.9993002099370188,YES
45,12,3.501400560224089E-4,NO
46,12,0.9993002099370188,NO
47,5,2.1234578387446112E-5,YES
48,7,0.9993002099370188,NO
49,15,6.997900629811056E-4,YES
50,9,0.9993002099370188,YES
51,1,0.03816917418923437,NO
52,15,0.5,YES
53,12,6.997900629811056E-4,NO
54,3,3.501400560224089E-4,NO
55,7,1.7513134851138352E-4,NO
56,3,0.5,NO
57,5,6.997900629811056E-4,NO
58,3,0.0500315324784528,YES
59,4,3.501400560224089E-4,NO
60,1,0.03816917418923437,NO
61,2,0.1132177753097193,NO
62,15,6.997900629811056E-4,YES
63,1,0.03816917418923437,NO
64,1,0.03816917418923437,NO
65,1,0.16670559383393668,NO
66,11,6.997900629811056E-4,NO
67,1,0.03816917418923437,NO
68,1,0.03816917418923437,NO
69,25,0.9993002099370188,NO
70,0,0.01563030362754437,NO
71,0,0.01563030362754437,NO
72,0,0.01563030362754437,NO
73,0,0.01563030362754437,NO
74,0,0.01563030362754437,NO
75,0,0.01563030362754437,NO
76,0,0.01563030362754437,NO
77,7,8.758101243650375E-5,NO
78,7,8.758101243650375E-5,NO
79,12,6.997900629811056E-4,NO
80,16,2.3348120476301656E-4,NO
81,8,6.997900629811056E-4,NO
82,6,2.3348120476301656E-4,NO
83,2,0.1132177753097193,NO
84,2,0.1132177753097193,NO
85,2,0.1132177753097193,NO
86,2,0.1132177753097193,YES
87,13,0.2500875656742557,NO
88,29,0.9993002099370188,NO
89,9,1.4011489421325487E-4,NO
90,1,0.03816917418923437,NO
91,1,0.03816917418923437,NO
92,10,0.40002802297884266,NO
93,4,0.02042188058634251,NO
94,3,0.0500315324784528,YES
95,29,0.9993002099370188,YES
96,5,6.997900629811056E-4,NO
97,1,0.03816917418923437,NO
98,18,2.3348120476301656E-4,NO
99,1,0.03816917418923437,NO
100,1,0.03816917418923437,NO
101,9,1.4011489421325487E-4,NO
102,42,6.997900629811056E-4,NO
103,2,0.1132177753097193,NO
104,3,0.0500315324784528,NO
105,11,0.3333722559551611,NO
106,10,1.1676786548341896E-4,NO
107,14,6.997900629811056E-4,NO
108,4,0.10002802886973583,NO
109,11,3.501400560224089E-4,YES
110,6,6.997900629811056E-4,NO
111,2,0.05885989860269568,NO
112,2,0.9993002099370188,YES
113,0,0.16670559383393668,NO
114,0,0.01563030362754437,NO
115,1,0.03816917418923437,NO
116,1,0.03816917418923437,NO
117,19,6.997900629811056E-4,NO
118,15,6.997900629811056E-4,NO
119,10,0.9996498599439776,NO
120,19,6.997900629811056E-4,NO
121,1,0.03816917418923437,NO
122,17,6.997900629811056E-4,NO
123,2,0.1132177753097193,NO
124,9,0.9993002099370188,NO
125,31,6.997900629811056E-4,NO
126,13,6.997900629811056E-4,NO
127,5,1.4011489421325487E-4,NO
128,5,1.4011489421325487E-4,NO
129,37,6.997900629811056E-4,NO
130,8,6.997900629811056E-4,YES
131,23,0.9993002099370188,YES
132,22,0.9993002099370188,NO
133,8,0.36365373590674566,YES
134,5,0.2500875656742557,NO
135,1,0.16670559383393668,NO
136,9,6.997900629811056E-4,NO
137,4,0.02042188058634251,NO
138,15,0.5,NO
139,2,0.1132177753097193,NO
140,1,0.03816917418923437,NO
141,6,0.9993002099370188,NO
142,1,0.03816917418923437,NO
143,5,3.185119123455217E-5,NO
144,13,0.2500875656742557,NO
145,5,6.997900629811056E-4,NO
146,5,1.4011489421325487E-4,NO
147,17,6.997900629811056E-4,NO
148,16,0.3334111604015877,NO
149,2,0.1132177753097193,NO
150,13,0.9993002099370188,NO
151,43,6.997900629811056E-4,YES
152,21,6.997900629811056E-4,NO
153,27,0.9993002099370188,NO
154,2,0.05885989860269568,NO
155,41,6.997900629811056E-4,NO
156,1,0.16670559383393668,NO
157,1,0.03816917418923437,NO
158,21,0.9993002099370188,YES
159,8,0.5,NO
160,4,0.02042188058634251,NO
161,8,6.997900629811056E-4,NO
162,24,6.997900629811056E-4,YES
163,8,7.785130400934214E-5,NO
164,4,0.02042188058634251,NO
165,2,0.1132177753097193,NO
166,14,0.5,YES
167,7,0.2307982536517005,NO
168,4,0.10002802886973583,NO
169,1,0.03816917418923437,NO
170,3,0.041675588344071784,NO
171,1,0.03816917418923437,NO
172,3,0.0500315324784528,NO
173,17,0.9993002099370188,YES
174,5,0.9993002099370188,NO
175,0,0.01563030362754437,NO
176,0,0.01563030362754437,NO
177,8,6.997900629811056E-4,NO
178,7,6.997900629811056E-4,NO
179,1,0.03816917418923437,NO
180,6,0.9993002099370188,NO
181,1,0.03816917418923437,NO
182,1,0.03816917418923437,NO
183,1,0.03816917418923437,NO
184,7,2.3348120476301656E-4,NO
185,7,1.7513134851138352E-4,NO
186,1,0.03816917418923437,NO
187,16,6.997900629811056E-4,NO
188,1,0.03816917418923437,NO
189,1,0.03816917418923437,NO
190,1,0.03816917418923437,NO
191,0,0.01563030362754437,NO
192,15,6.997900629811056E-4,NO
193,2,0.1132177753097193,NO
194,1,0.03816917418923437,NO
195,1,0.03816917418923437,NO
196,1,0.03816917418923437,NO
197,1,0.03816917418923437,NO
198,15,0.5,NO
199,21,0.9993002099370188,NO
200,3,0.0500315324784528,NO
201,0,0.01563030362754437,NO
202,1,0.03816917418923437,NO
203,10,6.997900629811056E-4,NO
204,29,6.997900629811056E-4,NO
205,18,6.997900629811056E-4,NO
206,4,0.16674451191032227,NO
207,1,0.03816917418923437,NO
208,51,6.997900629811056E-4,YES
209,8,6.369832473405948E-5,NO
210,7,0.22226547294667184,NO
211,1,0.03816917418923437,NO
212,3,0.041675588344071784,NO
213,4,0.02042188058634251,NO
214,1,0.03816917418923437,NO
215,1,0.03816917418923437,NO
216,0,0.01563030362754437,NO
217,0,0.01563030362754437,NO
218,0,0.01563030362754437,NO
219,0,0.9993002099370188,NO
220,0,0.9993002099370188,NO
221,0,0.9993002099370188,NO
222,0,0.9993002099370188,NO
223,0,0.9993002099370188,NO
224,0,0.01563030362754437,NO
225,1,0.5,NO
226,1,0.03816917418923437,NO
227,1,0.5,NO
228,1,0.03816917418923437,NO
229,5,3.185119123455217E-5,NO
230,4,0.10002802886973583,NO
231,8,0.36365373590674566,NO
232,11,0.3333722559551611,NO
233,9,0.9996498599439776,NO
234,10,6.997900629811056E-4,NO
235,10,1.1676786548341896E-4,NO
236,1,0.03816917418923437,NO
237,20,6.997900629811056E-4,YES
238,13,0.2500875656742557,NO
239,18,2.3348120476301656E-4,YES
240,53,6.997900629811056E-4,YES
241,1,0.03816917418923437,NO
242,17,6.997900629811056E-4,NO
243,43,6.997900629811056E-4,NO
244,36,6.997900629811056E-4,NO
245,10,6.997900629811056E-4,NO
246,25,0.9993002099370188,NO
247,6,0.3334111604015877,NO
248,13,6.997900629811056E-4,NO
249,4,0.10002802886973583,YES
250,6,6.997900629811056E-4,NO
251,7,0.22226547294667184,NO
252,29,6.997900629811056E-4,NO
253,1,0.03816917418923437,NO
254,1,0.03816917418923437,NO
255,1,0.5,NO
256,1,0.03816917418923437,NO
257,1,0.03816917418923437,NO
258,1,0.03816917418923437,NO
259,1,0.03816917418923437,NO
260,4,0.16674451191032227,YES
261,0,0.01563030362754437,NO
262,0,0.01563030362754437,NO
263,0,0.01563030362754437,NO
264,0,0.01563030362754437,NO
265,0,0.01563030362754437,NO
266,0,0.01563030362754437,NO
267,0,0.01563030362754437,NO
268,3,0.0500315324784528,NO
269,3,0.041675588344071784,NO
270,0,0.5,NO
271,0,0.5,NO
272,0,0.5,NO
273,0,0.5,NO
274,0,0.16670559383393668,NO
275,0,6.997900629811056E-4,NO
276,2,0.1132177753097193,NO
277,1,0.03816917418923437,NO
278,1,0.03816917418923437,YES
279,1,0.03816917418923437,YES
280,5,3.501400560224089E-4,NO
281,1,0.5,NO
282,2,0.1132177753097193,NO
283,2,0.1132177753097193,NO
284,2,0.1132177753097193,NO
285,7,0.2307982536517005,NO
286,1,0.03816917418923437,NO
287,1,0.03816917418923437,NO
288,1,0.03816917418923437,NO
289,1,0.03816917418923437,NO
290,3,0.041675588344071784,NO
291,2,0.1132177753097193,NO
292,5,0.2500875656742557,NO
293,1,0.03816917418923437,NO
294,1,0.03816917418923437,NO
295,1,0.03816917418923437,NO
296,4,0.02042188058634251,NO
297,2,0.1132177753097193,NO
298,4,0.02042188058634251,NO
299,6,2.695127210004312E-5,NO
300,3,0.041675588344071784,NO
301,1,0.03816917418923437,NO
302,1,0.03816917418923437,NO
303,1,0.03816917418923437,NO
304,3,1.7513134851138352E-4,NO
305,1,0.03816917418923437,NO
306,1,0.03816917418923437,NO
307,4,3.501400560224089E-4,NO
308,0,0.01563030362754437,NO
309,0,0.01563030362754437,NO
310,0,0.01563030362754437,NO
311,0,0.01563030362754437,NO
312,0,0.01563030362754437,NO
313,0,0.01563030362754437,NO
314,0,0.01563030362754437,NO
315,0,0.01563030362754437,NO
316,0,0.01563030362754437,NO
317,0,0.01563030362754437,NO
318,0,0.01563030362754437,NO
319,1,0.03816917418923437,NO
320,1,0.03816917418923437,NO
321,1,0.03816917418923437,NO
322,1,0.03816917418923437,NO
323,1,0.03816917418923437,NO
324,1,0.03816917418923437,NO
325,1,0.03816917418923437,NO
326,1,0.03816917418923437,NO
327,1,0.03816917418923437,NO
328,1,0.03816917418923437,NO
329,1,0.03816917418923437,NO
330,1,0.03816917418923437,NO
331,1,0.03816917418923437,NO
332,1,0.03816917418923437,NO
333,1,0.03816917418923437,NO
334,0,0.01563030362754437,NO
335,0,0.01563030362754437,NO
336,1,0.03816917418923437,NO
337,1,0.03816917418923437,NO
338,1,0.03816917418923437,NO
339,0,0.01563030362754437,NO
340,0,0.01563030362754437,NO
341,0,0.01563030362754437,NO
342,0,0.01563030362754437,NO
343,0,0.01563030362754437,NO
344,0,0.01563030362754437,NO
345,0,0.01563030362754437,NO
346,0,0.01563030362754437,NO
347,39,6.997900629811056E-4,NO
348,1,0.03816917418923437,NO
349,1,0.03816917418923437,NO
350,41,6.997900629811056E-4,NO
351,0,0.16670559383393668,NO
352,0,0.16670559383393668,NO
353,2,6.997900629811056E-4,NO
354,1,0.03816917418923437,NO
355,1,0.03816917418923437,NO
356,1,0.03816917418923437,NO
357,1,0.03816917418923437,NO
358,1,6.997900629811056E-4,NO
359,1,0.03816917418923437,NO
360,8,3.501400560224089E-4,NO
361,1,6.997900629811056E-4,NO
362,1,0.9993002099370188,NO
363,7,1.7513134851138352E-4,NO
364,7,6.997900629811056E-4,NO
365,1,6.997900629811056E-4,NO
366,10,6.997900629811056E-4,YES
367,8,3.501400560224089E-4,YES
368,4,0.10002802886973583,NO
369,5,3.185119123455217E-5,NO
370,3,0.0500315324784528,NO
371,3,1.7513134851138352E-4,NO
372,2,0.1132177753097193,NO
373,1,0.03816917418923437,NO
374,1,0.03816917418923437,NO
375,16,6.997900629811056E-4,NO
376,6,0.5,NO
377,9,0.9993002099370188,NO
378,5,0.9993002099370188,NO
379,21,6.997900629811056E-4,NO
380,12,0.9993002099370188,NO
381,13,6.997900629811056E-4,NO
382,1,0.03816917418923437,NO
383,6,0.07696868430981511,NO
384,62,0.9993002099370188,NO
385,54,6.997900629811056E-4,NO
386,20,6.997900629811056E-4,NO
387,21,6.997900629811056E-4,NO
388,17,6.997900629811056E-4,NO
389,6,3.501400560224089E-4,NO
390,5,1.4011489421325487E-4,NO
391,19,6.997900629811056E-4,NO
392,6,2.695127210004312E-5,NO
393,1,0.03816917418923437,NO
394,1,0.03816917418923437,NO
395,1,0.03816917418923437,NO
396,1,0.16670559383393668,NO
397,1,0.03816917418923437,NO
398,19,0.9993002099370188,NO
399,13,0.2500875656742557,NO
400,1,0.03816917418923437,NO
401,1,0.03816917418923437,NO
402,15,0.2500875656742557,NO
403,1,0.03816917418923437,NO
404,1,0.03816917418923437,NO
405,5,0.9993002099370188,NO
406,1,0.16670559383393668,NO
407,0,0.01563030362754437,NO
408,1,0.03816917418923437,NO
409,0,0.01563030362754437,NO
410,0,0.01563030362754437,NO
411,7,8.758101243650375E-5,NO
412,15,0.2500875656742557,NO
413,1,0.16670559383393668,NO
414,1,0.03816917418923437,NO
415,18,3.501400560224089E-4,NO
416,3,0.041675588344071784,NO
417,6,0.9993002099370188,NO
418,0,0.01563030362754437,NO
419,0,0.01563030362754437,NO
420,0,0.01563030362754437,NO
421,0,0.01563030362754437,NO
422,9,6.997900629811056E-4,YES
423,22,6.997900629811056E-4,NO
424,1,0.16670559383393668,NO
425,1,0.03816917418923437,NO
426,1,0.03816917418923437,NO
427,1,0.03816917418923437,NO
428,1,0.03816917418923437,NO
429,7,1.7513134851138352E-4,NO
430,1,0.03816917418923437,NO
431,1,0.03816917418923437,NO
432,1,0.03816917418923437,NO
433,1,0.03816917418923437,NO
434,1,0.16670559383393668,NO
435,1,0.03816917418923437,NO
436,1,0.03816917418923437,NO
437,1,0.03816917418923437,NO
438,2,0.1132177753097193,NO
439,1,0.03816917418923437,NO
440,1,0.03816917418923437,NO
441,3,6.997900629811056E-4,NO
442,6,6.997900629811056E-4,NO
443,1,0.16670559383393668,NO
444,47,6.997900629811056E-4,YES
445,43,0.9993002099370188,YES
446,27,0.9993002099370188,NO
447,16,0.9993002099370188,NO
448,7,1.7513134851138352E-4,NO
449,7,8.758101243650375E-5,YES
450,1,6.997900629811056E-4,NO
451,9,6.997900629811056E-4,NO
452,1,0.16670559383393668,NO
453,2,6.997900629811056E-4,NO
454,2,0.05885989860269568,NO
455,28,0.9993002099370188,YES
456,11,0.3334111604015877,NO
457,7,0.9993002099370188,NO
458,1,0.03816917418923437,NO
459,1,0.03816917418923437,NO
460,1,0.03816917418923437,NO
461,1,0.03816917418923437,NO
462,1,0.9993002099370188,NO
463,8,6.997900629811056E-4,NO
464,4,0.9993002099370188,NO
465,3,0.0500315324784528,NO
466,7,0.2307982536517005,NO
467,50,0.9993002099370188,YES
468,14,0.5,NO
469,11,0.2500875656742557,NO
470,29,0.9993002099370188,YES
471,2,0.1132177753097193,NO
472,6,0.07696868430981511,NO
473,3,0.0500315324784528,NO
474,5,3.185119123455217E-5,NO
475,1,0.03816917418923437,NO
476,1,0.16670559383393668,YES
477,1,0.03816917418923437,YES
478,1,0.03816917418923437,YES
479,1,0.03816917418923437,YES
480,3,0.041675588344071784,NO
481,1,0.03816917418923437,NO
482,5,3.185119123455217E-5,NO
483,13,6.997900629811056E-4,YES
484,33,6.997900629811056E-4,NO
485,1,0.03816917418923437,NO
486,1,0.03816917418923437,NO
487,1,0.03816917418923437,NO
488,16,6.997900629811056E-4,YES
489,1,0.16670559383393668,NO
490,2,0.1132177753097193,NO
491,50,6.997900629811056E-4,NO
492,6,3.501400560224089E-4,NO
493,5,2.1234578387446112E-5,NO
494,12,6.997900629811056E-4,NO
495,8,0.5,NO
496,2,0.1132177753097193,NO
497,23,6.997900629811056E-4,NO
498,6,2.695127210004312E-5,NO
499,5,6.997900629811056E-4,NO
500,9,3.501400560224089E-4,NO
501,4,0.10002802886973583,NO
502,1,0.03816917418923437,NO
503,1,0.16670559383393668,NO
504,1,0.16670559383393668,NO
505,2,0.1132177753097193,NO
506,1,0.03816917418923437,YES
507,2,0.3334111604015877,NO
508,13,0.5,YES
509,4,0.16674451191032227,YES
510,25,6.997900629811056E-4,YES
511,2,0.1132177753097193,YES
512,14,0.5,YES
513,7,0.9993002099370188,YES
514,5,1.4011489421325487E-4,NO
515,25,0.9993002099370188,YES
516,1,0.03816917418923437,YES
517,1,0.03816917418923437,NO
518,1,0.03816917418923437,NO
519,1,0.03816917418923437,NO
520,0,0.01563030362754437,NO
521,2,6.997900629811056E-4,NO
522,2,0.9993002099370188,NO
523,25,6.997900629811056E-4,NO
524,0,0.01563030362754437,NO
525,1,0.03816917418923437,NO
526,1,0.03816917418923437,NO
527,2,0.1132177753097193,NO
528,1,0.03816917418923437,NO
529,2,0.20008406893652794,NO
530,1,0.03816917418923437,NO
531,2,0.05885989860269568,NO
532,10,0.16674451191032227,NO
533,1,0.03816917418923437,NO
534,2,0.1132177753097193,NO
535,2,0.1132177753097193,NO
536,5,3.185119123455217E-5,NO
537,1,0.03816917418923437,NO
538,1,0.03816917418923437,NO
539,1,0.03816917418923437,NO
540,1,0.03816917418923437,NO
541,1,0.03816917418923437,NO
542,1,0.03816917418923437,NO
543,1,0.03816917418923437,NO
544,2,0.05885989860269568,NO
545,1,0.03816917418923437,NO
546,1,0.03816917418923437,NO
547,1,0.03816917418923437,NO
548,1,0.03816917418923437,NO
549,1,0.03816917418923437,NO
550,1,0.03816917418923437,NO
551,1,0.03816917418923437,NO
552,1,0.03816917418923437,NO
553,2,5.0050050050050046E-5,NO
554,1,0.03816917418923437,NO
555,2,5.0050050050050046E-5,NO
556,1,0.03816917418923437,NO
557,2,5.0050050050050046E-5,NO
558,1,0.03816917418923437,NO
559,2,5.0050050050050046E-5,NO
560,4,6.997900629811056E-4,NO
561,2,5.0050050050050046E-5,NO
562,1,0.03816917418923437,NO
563,2,3.501400560224089E-4,NO
564,1,0.03816917418923437,NO
565,2,0.1132177753097193,NO
566,1,0.03816917418923437,NO
567,2,0.1132177753097193,NO
568,1,0.03816917418923437,NO
569,2,5.0050050050050046E-5,NO
570,1,0.03816917418923437,NO
571,2,5.0050050050050046E-5,NO
572,1,0.03816917418923437,NO
573,2,5.0050050050050046E-5,NO
574,1,0.03816917418923437,NO
575,1,0.03816917418923437,NO
576,2,0.1132177753097193,NO
577,1,0.03816917418923437,NO
578,2,0.1132177753097193,NO
579,1,0.03816917418923437,NO
580,2,0.1132177753097193,NO
581,1,0.03816917418923437,NO
582,2,5.0050050050050046E-5,NO
583,1,0.03816917418923437,NO
584,2,5.0050050050050046E-5,NO
585,1,0.03816917418923437,NO
586,2,5.0050050050050046E-5,NO
587,1,0.03816917418923437,NO
588,2,5.0050050050050046E-5,NO
589,4,0.10002802886973583,NO
590,4,3.501400560224089E-4,NO
591,4,0.9993002099370188,NO
592,7,2.3348120476301656E-4,NO
593,1,0.03816917418923437,NO
594,2,5.0050050050050046E-5,NO
595,4,6.997900629811056E-4,NO
596,2,5.0050050050050046E-5,NO
597,1,0.03816917418923437,NO
598,2,3.501400560224089E-4,NO
599,1,0.03816917418923437,NO
600,2,0.1132177753097193,NO
601,1,0.03816917418923437,NO
602,2,0.1132177753097193,NO
603,1,0.03816917418923437,NO
604,2,0.1132177753097193,NO
605,1,0.03816917418923437,NO
606,2,0.1132177753097193,NO
607,1,0.03816917418923437,NO
608,2,0.1132177753097193,NO
609,1,0.03816917418923437,NO
610,1,0.03816917418923437,NO
611,6,2.3348120476301656E-4,NO
612,12,6.997900629811056E-4,NO
613,11,1.1676786548341896E-4,NO
614,7,8.758101243650375E-5,NO
615,20,0.5,NO
616,16,0.3334111604015877,NO
617,19,6.997900629811056E-4,NO
618,6,2.695127210004312E-5,NO
619,15,3.501400560224089E-4,NO
620,3,1.7513134851138352E-4,NO
621,0,0.01563030362754437,NO
622,4,0.10002802886973583,NO
623,10,0.40002802297884266,NO
624,5,0.9993002099370188,NO
625,3,0.0500315324784528,NO
626,7,0.22226547294667184,NO
627,1,0.03816917418923437,NO
628,1,0.03816917418923437,NO
629,1,0.03816917418923437,NO
630,1,0.03816917418923437,NO
631,11,3.501400560224089E-4,YES
632,5,2.1234578387446112E-5,NO
633,39,6.997900629811056E-4,NO
634,35,6.997900629811056E-4,NO
635,9,1.4011489421325487E-4,NO
636,5,2.1234578387446112E-5,NO
637,7,0.22226547294667184,NO
638,4,0.16674451191032227,NO
639,8,7.785130400934214E-5,NO
640,7,0.22226547294667184,NO
641,1,0.03816917418923437,NO
642,1,0.03816917418923437,NO
643,14,3.501400560224089E-4,NO
644,10,0.16674451191032227,NO
645,18,0.5,NO
646,6,0.07696868430981511,NO
647,1,0.03816917418923437,NO
648,1,0.03816917418923437,NO
649,1,0.03816917418923437,NO
650,14,6.997900629811056E-4,YES
651,11,6.997900629811056E-4,NO
652,25,6.997900629811056E-4,NO
653,1,0.03816917418923437,NO
654,11,1.7513134851138352E-4,NO
655,1,0.03816917418923437,NO
656,1,0.03816917418923437,NO
657,2,0.05885989860269568,NO
658,5,3.185119123455217E-5,NO
659,18,3.501400560224089E-4,NO
660,6,0.07696868430981511,NO
661,1,0.03816917418923437,NO
662,3,0.0500315324784528,NO
663,0,0.01563030362754437,NO
664,0,0.01563030362754437,NO
665,0,0.01563030362754437,NO
666,0,0.01563030362754437,NO
667,0,0.01563030362754437,NO
668,0,0.01563030362754437,NO
669,0,0.01563030362754437,NO
670,0,0.01563030362754437,NO
671,0,0.01563030362754437,NO
672,0,0.01563030362754437,NO
673,28,6.997900629811056E-4,NO
674,16,6.997900629811056E-4,NO
675,5,2.1234578387446112E-5,NO
676,7,8.758101243650375E-5,NO
677,5,2.1234578387446112E-5,NO
678,1,0.03816917418923437,NO
679,1,0.03816917418923437,NO
680,1,0.03816917418923437,NO
681,1,0.03816917418923437,NO
682,1,0.03816917418923437,NO
683,1,0.03816917418923437,NO
684,1,0.03816917418923437,NO
685,1,0.03816917418923437,NO
686,16,6.997900629811056E-4,YES
687,7,2.3348120476301656E-4,NO
688,9,1.7513134851138352E-4,NO
689,6,2.695127210004312E-5,NO
690,1,0.03816917418923437,NO
691,1,0.03816917418923437,NO
692,4,0.16674451191032227,NO
693,2,0.05885989860269568,NO
694,7,0.9993002099370188,YES
695,13,0.5,YES
696,2,0.05885989860269568,YES
697,9,0.11117166212534059,YES
698,4,0.9993002099370188,YES
699,9,0.11117166212534059,YES
700,9,6.997900629811056E-4,YES
701,2,0.05885989860269568,YES
702,2,0.1132177753097193,NO
703,2,0.1132177753097193,NO
704,2,0.1132177753097193,NO
705,1,0.03816917418923437,NO
706,24,6.997900629811056E-4,NO
707,4,0.10002802886973583,NO
708,4,0.02042188058634251,NO
709,9,3.501400560224089E-4,NO
710,1,0.03816917418923437,NO
711,1,0.03816917418923437,NO
712,1,0.03816917418923437,NO
713,1,0.03816917418923437,NO
714,7,6.997900629811056E-4,NO
715,4,0.7499124343257443,YES
716,6,6.997900629811056E-4,NO
717,7,8.758101243650375E-5,NO
718,7,8.758101243650375E-5,NO
719,1,0.03816917418923437,NO
720,1,0.03816917418923437,NO
721,1,0.03816917418923437,NO
722,1,0.03816917418923437,NO
723,1,0.03816917418923437,NO
724,7,6.997900629811056E-4,NO
725,2,0.05885989860269568,NO
726,9,1.4011489421325487E-4,NO
727,25,3.501400560224089E-4,NO
728,31,0.5,NO
729,100,6.997900629811056E-4,YES
730,7,0.2307982536517005,NO
731,18,6.997900629811056E-4,YES
732,1,0.03816917418923437,NO
733,1,0.03816917418923437,NO
734,1,0.03816917418923437,NO
735,1,0.03816917418923437,NO
736,1,0.03816917418923437,NO
737,1,0.03816917418923437,NO
738,1,0.03816917418923437,NO
739,4,0.02042188058634251,YES
740,0,0.01563030362754437,NO
741,0,0.01563030362754437,NO
742,0,0.01563030362754437,NO
743,0,0.01563030362754437,NO
744,0,0.01563030362754437,NO
745,0,0.01563030362754437,NO
746,0,0.01563030362754437,NO
747,0,0.01563030362754437,NO
748,0,0.01563030362754437,NO
749,5,2.1234578387446112E-5,NO
750,4,0.02042188058634251,NO
751,0,0.01563030362754437,NO
752,0,0.01563030362754437,NO
753,1,0.03816917418923437,NO
754,2,0.1132177753097193,NO
755,1,0.03816917418923437,NO
756,24,0.9993002099370188,YES
757,8,7.785130400934214E-5,NO
758,9,1.4011489421325487E-4,NO
759,56,6.997900629811056E-4,NO
760,2,0.1132177753097193,NO
761,1,0.03816917418923437,NO
762,4,0.10002802886973583,NO
763,4,0.10002802886973583,NO
764,1,0.03816917418923437,NO
765,1,0.03816917418923437,NO
766,3,0.041675588344071784,NO
767,25,6.997900629811056E-4,NO
768,7,8.758101243650375E-5,NO
769,14,0.5,NO
770,8,6.369832473405948E-5,NO
771,1,0.03816917418923437,NO
772,2,0.20008406893652794,NO
773,1,0.03816917418923437,NO
774,1,0.03816917418923437,NO
775,1,0.03816917418923437,NO
776,32,0.9993002099370188,YES
777,18,3.501400560224089E-4,NO
778,13,6.997900629811056E-4,YES
779,26,6.997900629811056E-4,NO
780,24,6.997900629811056E-4,NO
781,26,6.997900629811056E-4,NO
782,5,0.9993002099370188,YES
783,8,0.36365373590674566,NO
784,4,3.501400560224089E-4,NO
785,12,0.5,NO
786,4,0.16674451191032227,NO
787,7,6.997900629811056E-4,NO
788,5,6.997900629811056E-4,YES
789,15,6.997900629811056E-4,NO
790,28,0.9993002099370188,YES
791,25,0.5,NO
792,21,0.9993002099370188,NO
793,1,0.03816917418923437,NO
794,4,0.10002802886973583,NO
795,1,0.03816917418923437,NO
796,1,0.03816917418923437,NO
797,1,0.03816917418923437,YES
798,0,0.01563030362754437,NO
799,0,0.01563030362754437,NO
800,1,0.03816917418923437,NO
801,1,0.03816917418923437,NO
802,1,0.03816917418923437,NO
803,2,0.1132177753097193,NO
804,1,0.03816917418923437,NO
805,3,0.041675588344071784,NO
806,1,0.03816917418923437,NO
807,1,0.03816917418923437,NO
808,1,0.03816917418923437,NO
809,1,0.03816917418923437,NO
810,9,0.11117166212534059,NO
811,2,0.1132177753097193,NO
812,7,0.2307982536517005,YES
813,2,0.1132177753097193,NO
814,1,0.03816917418923437,NO
815,1,0.03816917418923437,NO
816,1,0.03816917418923437,NO
817,1,0.03816917418923437,NO
818,0,0.01563030362754437,NO
819,18,3.501400560224089E-4,NO
820,7,0.22226547294667184,NO
821,10,1.1676786548341896E-4,NO
822,10,1.1676786548341896E-4,NO
823,1,0.03816917418923437,NO
824,11,0.3333722559551611,NO
825,6,2.695127210004312E-5,NO
826,10,1.1676786548341896E-4,NO
827,4,0.02042188058634251,NO
828,3,0.0500315324784528,NO
829,19,6.997900629811056E-4,NO
830,1,0.03816917418923437,NO
831,0,0.01563030362754437,NO
832,0,0.01563030362754437,NO
833,12,0.2500875656742557,NO
834,9,0.11117166212534059,NO
835,0,0.01563030362754437,NO
836,0,0.01563030362754437,NO
837,0,0.01563030362754437,NO
838,0,0.01563030362754437,NO
839,0,0.01563030362754437,NO
840,1,0.03816917418923437,NO
841,19,0.9993002099370188,NO
842,1,0.03816917418923437,NO
843,35,6.997900629811056E-4,NO
844,34,0.9993002099370188,NO
845,3,6.997900629811056E-4,NO
846,6,2.695127210004312E-5,NO
847,1,0.03816917418923437,NO
848,18,0.3334111604015877,NO
849,7,0.2307982536517005,NO
850,13,0.9993002099370188,NO
851,11,6.997900629811056E-4,NO
852,15,3.501400560224089E-4,NO
853,17,6.997900629811056E-4,NO
854,1,0.03816917418923437,NO
855,2,0.20008406893652794,NO
856,5,2.1234578387446112E-5,NO
857,29,0.9993002099370188,YES
858,1,0.03816917418923437,NO
859,9,0.11117166212534059,NO
860,4,0.10002802886973583,NO
861,3,0.041675588344071784,NO
862,3,0.041675588344071784,NO
863,1,0.03816917418923437,NO
864,1,0.03816917418923437,NO
865,2,0.05885989860269568,NO
866,4,0.7499124343257443,NO
867,0,0.01563030362754437,NO
868,1,0.03816917418923437,NO
869,6,0.07696868430981511,NO
870,10,1.1676786548341896E-4,NO
871,1,0.03816917418923437,NO
872,1,0.03816917418923437,NO
873,0,0.01563030362754437,NO
874,0,0.01563030362754437,NO
875,15,3.501400560224089E-4,NO
876,11,1.1676786548341896E-4,NO
877,1,0.03816917418923437,NO
878,1,0.03816917418923437,NO
879,1,0.03816917418923437,NO
880,0,0.01563030362754437,NO
881,0,0.01563030362754437,NO
882,0,0.01563030362754437,NO
883,0,0.01563030362754437,NO
884,0,0.01563030362754437,NO
885,0,0.01563030362754437,NO
886,0,0.01563030362754437,NO
887,0,0.01563030362754437,NO
888,0,0.01563030362754437,NO
889,0,0.01563030362754437,NO
890,0,0.01563030362754437,NO
891,0,0.01563030362754437,NO
892,0,0.01563030362754437,NO
893,0,0.01563030362754437,NO
894,0,0.01563030362754437,NO
895,0,0.01563030362754437,NO
896,0,0.01563030362754437,NO
897,0,0.01563030362754437,NO
898,0,0.01563030362754437,NO
899,15,6.997900629811056E-4,NO
900,1,0.03816917418923437,NO
901,6,6.997900629811056E-4,NO
902,30,0.9993002099370188,YES
903,1,0.03816917418923437,NO
904,27,6.997900629811056E-4,NO
905,11,0.14292863577219497,NO
906,6,0.07696868430981511,NO
907,11,6.997900629811056E-4,YES
908,1,0.03816917418923437,YES
909,1,0.03816917418923437,NO
910,7,0.2307982536517005,NO
911,7,2.3348120476301656E-4,NO
912,2,0.05885989860269568,NO
913,7,0.22226547294667184,NO
914,8,0.36365373590674566,YES
915,3,0.041675588344071784,YES
916,1,0.03816917418923437,NO
917,1,0.03816917418923437,NO
918,1,0.03816917418923437,NO
919,26,0.9993002099370188,NO
920,30,0.9993002099370188,NO
921,1,0.03816917418923437,NO
922,1,0.03816917418923437,NO
923,3,0.041675588344071784,NO
924,4,0.02042188058634251,NO
925,1,0.03816917418923437,NO
926,1,0.03816917418923437,NO
927,1,0.03816917418923437,NO
928,1,0.03816917418923437,NO
929,1,0.03816917418923437,NO
930,1,0.03816917418923437,NO
931,1,0.03816917418923437,NO
932,1,0.03816917418923437,NO
933,1,0.03816917418923437,NO
934,1,0.03816917418923437,NO
935,1,0.03816917418923437,NO
936,2,0.1132177753097193,NO
937,8,0.36365373590674566,NO
938,6,2.695127210004312E-5,NO
939,30,6.997900629811056E-4,NO
940,6,0.07696868430981511,NO
941,1,0.03816917418923437,NO
942,6,0.07696868430981511,NO
943,1,0.03816917418923437,NO
944,1,0.03816917418923437,NO
945,2,0.3334111604015877,YES
946,4,0.9993002099370188,YES
947,4,0.16674451191032227,NO
948,6,2.695127210004312E-5,NO
949,7,8.758101243650375E-5,NO
950,1,0.03816917418923437,NO
951,1,0.03816917418923437,NO
952,16,0.5,NO
953,4,0.02042188058634251,NO
954,8,0.9996498599439776,NO
955,2,0.1132177753097193,NO
956,3,0.041675588344071784,NO
957,1,0.03816917418923437,NO
958,29,0.9993002099370188,YES
959,12,0.5,NO
960,9,6.997900629811056E-4,NO
961,16,0.9993002099370188,YES
962,10,6.997900629811056E-4,NO
963,1,0.03816917418923437,NO
964,20,3.501400560224089E-4,NO
965,9,0.11117166212534059,NO
966,28,6.997900629811056E-4,NO
967,1,0.03816917418923437,NO
968,1,0.03816917418923437,NO
969,1,0.03816917418923437,NO
970,1,0.03816917418923437,NO
971,1,0.03816917418923437,NO
972,1,0.03816917418923437,NO
973,1,0.03816917418923437,NO
974,1,0.03816917418923437,NO
975,12,0.9993002099370188,YES
976,4,0.02042188058634251,NO
977,10,6.997900629811056E-4,NO
978,8,7.785130400934214E-5,NO
979,12,0.5,YES
980,1,0.03816917418923437,NO
981,1,0.03816917418923437,YES
982,1,0.03816917418923437,NO
983,8,0.36365373590674566,YES
984,1,0.03816917418923437,NO
985,1,0.03816917418923437,NO
986,23,6.997900629811056E-4,NO
987,15,6.997900629811056E-4,NO
988,19,0.5,YES
989,10,6.997900629811056E-4,YES
990,1,0.03816917418923437,NO
991,6,0.07696868430981511,YES
992,30,6.997900629811056E-4,NO
993,14,6.997900629811056E-4,YES
994,2,0.3334111604015877,NO
995,1,0.03816917418923437,NO
996,7,8.758101243650375E-5,NO
997,2,0.3334111604015877,NO
998,1,0.03816917418923437,NO
999,4,0.02042188058634251,NO
1000,1,0.03816917418923437,NO
1001,8,6.369832473405948E-5,NO
1002,1,0.03816917418923437,NO
1003,11,1.1676786548341896E-4,NO
1004,1,0.03816917418923437,YES
1005,1,0.03816917418923437,YES
1006,4,0.02042188058634251,NO
1007,7,0.22226547294667184,YES
1008,30,6.997900629811056E-4,YES
1009,19,0.5,NO
1010,2,0.1132177753097193,NO
1011,1,0.03816917418923437,NO
1012,1,0.03816917418923437,NO
1013,1,6.997900629811056E-4,NO
1014,1,0.03816917418923437,NO
1015,24,6.997900629811056E-4,YES
1016,16,6.997900629811056E-4,YES
1017,10,0.16674451191032227,NO
1018,20,6.997900629811056E-4,NO
1019,1,0.03816917418923437,NO
1020,7,1.7513134851138352E-4,NO
1021,1,0.03816917418923437,NO
1022,6,0.07696868430981511,YES
1023,1,0.03816917418923437,NO
1024,1,0.03816917418923437,NO
1025,1,0.03816917418923437,NO
1026,1,0.03816917418923437,NO
1027,27,0.9993002099370188,YES
1028,34,0.9993002099370188,YES
1029,27,6.997900629811056E-4,YES
1030,4,0.02042188058634251,NO
1031,2,0.20008406893652794,NO
1032,22,6.997900629811056E-4,YES
1033,1,0.03816917418923437,NO
1034,1,0.03816917418923437,NO
1035,0,0.01563030362754437,NO
1036,3,0.0500315324784528,NO
1037,9,1.4011489421325487E-4,NO
1038,1,0.03816917418923437,NO
1039,0,0.01563030362754437,NO
1040,0,0.01563030362754437,NO
1041,1,0.03816917418923437,NO
1042,2,0.05885989860269568,NO
1043,1,0.03816917418923437,NO
1044,0,0.01563030362754437,NO
1045,0,0.01563030362754437,NO
1046,25,6.997900629811056E-4,NO
1047,5,2.1234578387446112E-5,NO
1048,4,0.02042188058634251,NO
1049,3,0.041675588344071784,NO
1050,1,0.16670559383393668,NO
1051,1,0.03816917418923437,NO
1052,1,0.03816917418923437,NO
1053,12,6.997900629811056E-4,NO
1054,3,1.7513134851138352E-4,NO
1055,1,0.03816917418923437,NO
1056,8,6.369832473405948E-5,NO
1057,4,0.02042188058634251,NO
1058,4,0.02042188058634251,NO
1059,4,0.02042188058634251,NO
1060,1,0.03816917418923437,NO
1061,1,0.03816917418923437,NO
1062,1,0.03816917418923437,NO
1063,1,0.03816917418923437,NO
1064,1,0.03816917418923437,NO
1065,1,0.03816917418923437,NO
1066,7,0.2307982536517005,NO
1067,1,0.03816917418923437,NO
1068,3,0.0500315324784528,NO
1069,11,0.14292863577219497,NO
1070,1,0.03816917418923437,NO
1071,1,0.03816917418923437,NO
1072,1,0.03816917418923437,NO
1073,1,0.03816917418923437,NO
1074,1,0.03816917418923437,NO
1075,1,0.03816917418923437,NO
1076,3,0.0500315324784528,NO
1077,4,0.10002802886973583,NO
1078,1,0.03816917418923437,NO
1079,1,0.03816917418923437,NO
1080,1,0.03816917418923437,NO
1081,1,0.03816917418923437,NO
1082,1,0.03816917418923437,NO
1083,1,0.03816917418923437,NO
1084,1,0.03816917418923437,NO
1085,1,0.03816917418923437,NO
1086,7,0.9993002099370188,NO
1087,6,0.3334111604015877,NO
1088,1,0.03816917418923437,NO
1089,20,3.501400560224089E-4,NO
1090,1,0.03816917418923437,NO
1091,1,0.03816917418923437,NO
1092,4,0.16674451191032227,NO
1093,0,0.01563030362754437,NO
1094,1,0.03816917418923437,NO
1095,5,2.1234578387446112E-5,NO
1096,1,0.03816917418923437,NO
1097,1,0.03816917418923437,NO
1098,1,0.03816917418923437,NO
1099,1,0.03816917418923437,NO
1100,1,0.03816917418923437,NO
1101,3,0.041675588344071784,NO
1102,1,0.03816917418923437,NO
1103,1,0.03816917418923437,NO
1104,1,0.03816917418923437,NO
1105,1,0.03816917418923437,YES
1106,1,0.03816917418923437,YES
1107,1,0.03816917418923437,YES
1108,1,0.03816917418923437,YES
1109,1,0.03816917418923437,YES
1110,1,0.03816917418923437,YES
1111,1,0.03816917418923437,YES
1112,6,2.695127210004312E-5,YES
1113,8,6.369832473405948E-5,YES
1114,13,0.5,YES
1115,1,0.03816917418923437,NO
1116,1,0.03816917418923437,NO
1117,1,0.03816917418923437,NO
1118,1,0.03816917418923437,NO
1119,1,0.03816917418923437,NO
1120,1,0.03816917418923437,NO
1121,5,3.185119123455217E-5,NO
1122,5,3.185119123455217E-5,NO
1123,1,0.03816917418923437,NO
1124,1,0.03816917418923437,NO
1125,1,0.03816917418923437,NO
1126,1,0.03816917418923437,NO
1127,1,0.03816917418923437,NO
1128,1,0.03816917418923437,NO
1129,3,0.0500315324784528,YES
1130,1,0.03816917418923437,NO
1131,4,0.02042188058634251,YES
1132,1,0.03816917418923437,YES
1133,3,0.041675588344071784,YES
1134,3,0.041675588344071784,YES
1135,5,3.185119123455217E-5,YES
1136,5,2.1234578387446112E-5,NO
1137,10,1.1676786548341896E-4,NO
1138,25,0.5,YES
1139,5,2.1234578387446112E-5,YES
1140,3,0.041675588344071784,YES
1141,5,2.1234578387446112E-5,YES
1142,3,0.041675588344071784,YES
1143,5,2.1234578387446112E-5,YES
1144,3,0.041675588344071784,YES
1145,6,2.695127210004312E-5,YES
1146,3,0.041675588344071784,YES
1147,1,0.03816917418923437,YES
1148,1,0.03816917418923437,YES
1149,1,0.03816917418923437,YES
1150,1,0.03816917418923437,YES
1151,1,0.03816917418923437,NO
1152,8,6.369832473405948E-5,NO
1153,5,2.1234578387446112E-5,YES
1154,3,0.041675588344071784,YES
1155,3,0.041675588344071784,YES
1156,3,0.041675588344071784,YES
1157,1,0.03816917418923437,YES
1158,1,0.03816917418923437,YES
1159,1,0.03816917418923437,YES
1160,1,0.03816917418923437,YES
1161,1,0.03816917418923437,YES
1162,1,0.03816917418923437,NO
1163,10,1.1676786548341896E-4,YES
1164,3,0.041675588344071784,YES
1165,3,0.041675588344071784,YES
1166,4,0.02042188058634251,YES
1167,2,0.1132177753097193,YES
1168,6,2.695127210004312E-5,YES
1169,4,0.02042188058634251,YES
1170,4,0.02042188058634251,YES
1171,2,0.1132177753097193,YES
1172,1,0.03816917418923437,YES
1173,1,0.03816917418923437,YES
1174,1,0.03816917418923437,YES
1175,1,0.03816917418923437,YES
1176,1,0.03816917418923437,YES
1177,1,0.03816917418923437,YES
1178,1,0.03816917418923437,YES
1179,1,0.03816917418923437,YES
1180,1,0.03816917418923437,YES
1181,1,0.03816917418923437,YES
1182,1,0.03816917418923437,YES
1183,1,0.03816917418923437,YES
1184,1,0.03816917418923437,YES
1185,1,0.03816917418923437,YES
1186,1,0.03816917418923437,YES
1187,1,0.03816917418923437,YES
1188,1,0.03816917418923437,YES
1189,1,0.03816917418923437,YES
1190,1,0.03816917418923437,YES
1191,1,0.03816917418923437,YES
1192,1,0.03816917418923437,YES
1193,1,0.03816917418923437,YES
1194,1,0.03816917418923437,YES
1195,1,0.03816917418923437,YES
1196,1,0.03816917418923437,YES
1197,1,0.03816917418923437,NO
1198,30,0.5,YES
1199,5,2.1234578387446112E-5,YES
1200,3,0.041675588344071784,YES
1201,5,2.1234578387446112E-5,YES
1202,3,0.041675588344071784,YES
1203,4,0.02042188058634251,YES
1204,6,2.695127210004312E-5,YES
1205,4,0.02042188058634251,YES
1206,2,0.1132177753097193,YES
1207,3,0.041675588344071784,YES
1208,3,0.041675588344071784,YES
1209,3,0.041675588344071784,YES
1210,3,0.041675588344071784,YES
1211,5,2.1234578387446112E-5,YES
1212,3,0.041675588344071784,YES
1213,5,2.1234578387446112E-5,YES
1214,3,0.041675588344071784,YES
1215,6,2.695127210004312E-5,YES
1216,3,0.041675588344071784,YES
1217,5,2.1234578387446112E-5,YES
1218,3,0.041675588344071784,YES
1219,6,2.695127210004312E-5,YES
1220,3,0.041675588344071784,YES
1221,5,2.1234578387446112E-5,YES
1222,3,0.041675588344071784,YES
1223,6,2.695127210004312E-5,YES
1224,3,0.041675588344071784,YES
1225,5,2.1234578387446112E-5,YES
1226,3,0.041675588344071784,YES
1227,6,2.695127210004312E-5,YES
1228,3,0.041675588344071784,YES
1229,5,2.1234578387446112E-5,YES
1230,3,0.041675588344071784,YES
1231,6,2.695127210004312E-5,YES
1232,3,0.041675588344071784,YES
1233,5,2.1234578387446112E-5,YES
1234,3,0.041675588344071784,YES
1235,6,2.695127210004312E-5,YES
1236,3,0.041675588344071784,YES
1237,1,0.03816917418923437,YES
1238,1,0.03816917418923437,YES
1239,1,0.03816917418923437,NO
1240,6,2.695127210004312E-5,NO
1241,5,2.1234578387446112E-5,YES
1242,3,0.041675588344071784,YES
1243,6,2.695127210004312E-5,YES
1244,3,0.041675588344071784,YES
1245,1,0.03816917418923437,YES
1246,1,0.03816917418923437,YES
1247,1,0.03816917418923437,YES
1248,1,0.03816917418923437,YES
1249,1,0.03816917418923437,YES
1250,1,0.03816917418923437,YES
1251,1,0.03816917418923437,YES
1252,1,0.03816917418923437,YES
1253,1,0.03816917418923437,NO
1254,12,0.9993002099370188,NO
1255,5,2.1234578387446112E-5,YES
1256,3,0.041675588344071784,YES
1257,5,2.1234578387446112E-5,YES
1258,3,0.041675588344071784,YES
1259,3,0.041675588344071784,YES
1260,3,0.041675588344071784,YES
1261,3,0.041675588344071784,YES
1262,3,0.041675588344071784,YES
1263,1,0.03816917418923437,NO
1264,8,6.369832473405948E-5,YES
1265,1,0.03816917418923437,NO
1266,8,6.369832473405948E-5,NO
1267,1,0.03816917418923437,NO
1268,6,2.695127210004312E-5,NO
1269,1,0.03816917418923437,NO
1270,6,2.695127210004312E-5,NO
1271,1,0.03816917418923437,NO
1272,6,2.695127210004312E-5,NO
1273,1,0.03816917418923437,YES
1274,1,0.03816917418923437,YES
1275,1,0.03816917418923437,YES
1276,1,0.03816917418923437,YES
1277,1,0.03816917418923437,YES
1278,1,0.03816917418923437,YES
1279,1,0.03816917418923437,NO
1280,18,6.997900629811056E-4,NO
1281,5,2.1234578387446112E-5,YES
1282,3,0.041675588344071784,YES
1283,5,2.1234578387446112E-5,NO
1284,3,0.041675588344071784,YES
1285,5,2.1234578387446112E-5,YES
1286,3,0.041675588344071784,YES
1287,6,2.695127210004312E-5,YES
1288,3,0.041675588344071784,YES
1289,1,0.03816917418923437,NO
1290,8,0.5,NO
1291,1,0.03816917418923437,YES
1292,1,0.03816917418923437,YES
1293,1,0.03816917418923437,YES
1294,1,0.03816917418923437,YES
1295,1,0.03816917418923437,NO
1296,8,6.369832473405948E-5,YES
1297,3,0.041675588344071784,YES
1298,3,0.041675588344071784,YES
1299,5,2.1234578387446112E-5,YES
1300,3,0.041675588344071784,YES
1301,6,2.695127210004312E-5,YES
1302,3,0.041675588344071784,YES
1303,1,0.03816917418923437,YES
1304,1,0.03816917418923437,YES
1305,1,0.03816917418923437,YES
1306,1,0.03816917418923437,NO
1307,8,6.369832473405948E-5,YES
1308,4,0.02042188058634251,YES
1309,2,0.1132177753097193,YES
1310,6,2.695127210004312E-5,YES
1311,4,0.02042188058634251,YES
1312,4,0.02042188058634251,YES
1313,2,0.1132177753097193,YES
1314,32,0.5,YES
1315,0,0.01563030362754437,NO
1316,10,1.1676786548341896E-4,NO
1317,4,0.16674451191032227,NO
1318,12,6.997900629811056E-4,NO
1319,4,0.10002802886973583,NO
1320,1,0.03816917418923437,NO
1321,9,3.501400560224089E-4,NO
1322,11,6.997900629811056E-4,NO
1323,1,0.03816917418923437,NO
1324,1,0.03816917418923437,NO
1325,1,0.03816917418923437,NO
1326,3,0.0500315324784528,NO
1327,1,0.03816917418923437,NO
1328,0,0.01563030362754437,NO
1329,2,0.1132177753097193,NO
1330,1,0.03816917418923437,NO
1331,1,0.03816917418923437,NO
1332,1,0.03816917418923437,NO
1333,1,0.5,NO
1334,1,0.03816917418923437,NO
1335,3,6.997900629811056E-4,NO
1336,17,6.997900629811056E-4,NO
1337,1,0.03816917418923437,NO
1338,1,0.03816917418923437,NO
1339,8,7.785130400934214E-5,NO
1340,1,0.03816917418923437,NO
1341,29,0.9993002099370188,YES
1342,4,6.997900629811056E-4,NO
1343,1,0.03816917418923437,NO
1344,1,0.03816917418923437,NO
1345,15,0.9993002099370188,NO
1346,9,3.501400560224089E-4,NO
1347,1,0.03816917418923437,NO
1348,1,0.03816917418923437,NO
1349,1,0.03816917418923437,NO
1350,1,0.03816917418923437,NO
1351,4,0.10002802886973583,NO
1352,1,0.03816917418923437,NO
1353,23,6.997900629811056E-4,YES
1354,1,0.03816917418923437,NO
1355,10,0.5,NO
1356,0,0.01563030362754437,YES
1357,2,5.0050050050050046E-5,NO
1358,4,0.16674451191032227,NO
1359,3,0.0500315324784528,NO
1360,11,3.501400560224089E-4,NO
1361,17,2.3348120476301656E-4,YES
1362,7,0.2307982536517005,NO
1363,20,0.5,YES
1364,6,0.07696868430981511,NO
1365,1,0.03816917418923437,NO
1366,1,0.03816917418923437,NO
1367,1,0.03816917418923437,NO
1368,1,0.03816917418923437,NO
1369,1,0.03816917418923437,NO
1370,18,3.501400560224089E-4,NO
1371,6,0.07696868430981511,NO
1372,3,0.041675588344071784,NO
1373,2,0.1132177753097193,NO
1374,1,0.03816917418923437,NO
1375,3,0.0500315324784528,NO
1376,1,0.03816917418923437,NO
1377,5,2.1234578387446112E-5,NO
1378,31,6.997900629811056E-4,YES
1379,90,0.9993002099370188,NO
1380,2,0.05885989860269568,NO
1381,13,0.2500875656742557,NO
1382,4,0.10002802886973583,NO
1383,8,7.785130400934214E-5,NO
1384,1,0.03816917418923437,NO
1385,15,0.5,YES
1386,11,6.997900629811056E-4,NO
1387,14,0.5,NO
1388,24,6.997900629811056E-4,YES
1389,45,6.997900629811056E-4,NO
1390,35,6.997900629811056E-4,NO
1391,6,2.3348120476301656E-4,NO
1392,2,0.1132177753097193,NO
1393,8,0.36365373590674566,NO
1394,8,0.36365373590674566,NO
1395,34,0.9993002099370188,NO
1396,0,0.01563030362754437,NO
1397,0,0.01563030362754437,NO
1398,10,0.40002802297884266,YES
1399,7,0.2307982536517005,YES
1400,8,7.785130400934214E-5,NO
1401,22,0.9993002099370188,YES
1402,1,0.03816917418923437,NO
1403,3,0.041675588344071784,NO
1404,2,0.05885989860269568,NO
1405,14,0.9993002099370188,YES
1406,1,0.03816917418923437,NO
1407,1,0.16670559383393668,NO
1408,2,0.05885989860269568,NO
1409,5,3.185119123455217E-5,NO
1410,14,0.5,NO
1411,1,0.03816917418923437,NO
1412,7,0.2307982536517005,YES
1413,3,0.041675588344071784,NO
1414,2,0.1132177753097193,NO
1415,1,0.03816917418923437,NO
1416,1,0.03816917418923437,NO
1417,1,0.03816917418923437,NO
1418,4,0.02042188058634251,NO
1419,5,3.185119123455217E-5,NO
1420,3,0.041675588344071784,NO
1421,1,0.03816917418923437,NO
1422,1,0.03816917418923437,NO
1423,1,0.03816917418923437,NO
1424,1,0.03816917418923437,NO
1425,1,0.03816917418923437,NO
1426,1,0.03816917418923437,NO
1427,1,0.03816917418923437,NO
1428,1,0.03816917418923437,NO
1429,1,0.03816917418923437,NO
1430,1,0.03816917418923437,NO
1431,1,0.03816917418923437,NO
1432,3,0.041675588344071784,NO
1433,1,0.03816917418923437,YES
1434,1,0.03816917418923437,NO
1435,1,0.16670559383393668,NO
1436,1,0.03816917418923437,NO
1437,3,0.041675588344071784,NO
1438,1,0.03816917418923437,NO
1439,1,0.03816917418923437,NO
1440,8,7.785130400934214E-5,NO
1441,1,0.03816917418923437,NO
1442,1,0.03816917418923437,NO
1443,1,0.03816917418923437,NO
1444,1,0.03816917418923437,NO
1445,1,0.03816917418923437,NO
1446,1,0.03816917418923437,NO
1447,1,0.03816917418923437,NO
1448,1,0.03816917418923437,NO
1449,1,0.03816917418923437,NO
1450,9,1.7513134851138352E-4,NO
1451,2,6.997900629811056E-4,NO
1452,2,0.1132177753097193,NO
1453,2,0.1132177753097193,NO
1454,2,0.1132177753097193,NO
1455,0,0.01563030362754437,NO
1456,5,3.185119123455217E-5,NO
1457,10,0.16674451191032227,NO
1458,1,0.03816917418923437,NO
1459,1,0.03816917418923437,NO
1460,1,0.03816917418923437,NO
1461,3,0.0500315324784528,NO
1462,8,0.36365373590674566,NO
1463,5,3.185119123455217E-5,NO
1464,1,0.03816917418923437,NO
1465,0,0.01563030362754437,NO
1466,0,0.01563030362754437,NO
1467,0,0.01563030362754437,NO
1468,0,0.01563030362754437,NO
1469,0,0.01563030362754437,NO
1470,0,0.01563030362754437,NO
1471,0,0.01563030362754437,NO
1472,0,0.01563030362754437,NO
1473,0,0.01563030362754437,NO
1474,0,0.01563030362754437,NO
1475,1,0.03816917418923437,NO
1476,2,0.1132177753097193,NO
1477,2,0.05885989860269568,NO
1478,3,0.0500315324784528,NO
1479,1,0.03816917418923437,NO
1480,3,0.041675588344071784,YES
1481,1,0.03816917418923437,NO
1482,10,0.40002802297884266,YES
1483,1,0.03816917418923437,NO
1484,7,0.22226547294667184,YES
1485,11,3.501400560224089E-4,NO
1486,4,0.10002802886973583,NO
1487,2,0.05885989860269568,NO
1488,2,0.1132177753097193,NO
1489,1,0.03816917418923437,NO
1490,1,0.03816917418923437,NO
1491,1,0.03816917418923437,NO
1492,1,0.03816917418923437,NO
1493,1,0.03816917418923437,NO
1494,5,3.185119123455217E-5,NO
1495,10,0.40002802297884266,NO
1496,3,0.041675588344071784,NO
1497,0,0.01563030362754437,NO
1498,9,6.997900629811056E-4,YES
1499,1,0.03816917418923437,NO
1500,1,0.03816917418923437,YES
1501,1,0.03816917418923437,NO
1502,6,0.07696868430981511,YES
1503,1,0.03816917418923437,NO
1504,13,0.9993002099370188,NO
1505,2,0.20008406893652794,NO
1506,5,6.997900629811056E-4,NO
1507,0,0.01563030362754437,NO
1508,0,0.01563030362754437,NO
1509,1,0.16670559383393668,NO
1510,1,0.16670559383393668,NO
1511,6,0.5,NO
1512,0,0.01563030362754437,NO
1513,1,0.03816917418923437,NO
1514,1,0.03816917418923437,NO
1515,1,0.03816917418923437,NO
1516,0,0.01563030362754437,NO
1517,17,6.997900629811056E-4,YES
1518,2,0.20008406893652794,NO
1519,2,0.20008406893652794,YES
1520,4,0.10002802886973583,NO
1521,41,6.997900629811056E-4,YES
1522,2,0.20008406893652794,YES
1523,16,6.997900629811056E-4,YES
1524,19,0.5,YES
1525,2,0.20008406893652794,NO
1526,3,1.7513134851138352E-4,YES
1527,0,0.01563030362754437,NO
1528,0,0.01563030362754437,NO
1529,1,0.03816917418923437,NO
1530,1,0.03816917418923437,NO
1531,16,6.997900629811056E-4,NO
1532,4,0.02042188058634251,NO
1533,1,0.03816917418923437,NO
1534,11,6.997900629811056E-4,NO
1535,2,0.20008406893652794,NO
1536,10,0.40002802297884266,NO
1537,7,0.2307982536517005,NO
1538,11,3.501400560224089E-4,NO
1539,18,6.997900629811056E-4,NO
1540,14,6.997900629811056E-4,YES
1541,14,6.997900629811056E-4,NO
1542,1,0.03816917418923437,NO
1543,30,0.9993002099370188,NO
1544,22,6.997900629811056E-4,NO
1545,3,1.7513134851138352E-4,NO
1546,17,6.997900629811056E-4,NO
1547,1,0.03816917418923437,YES
1548,1,0.03816917418923437,NO
1549,1,0.03816917418923437,NO
1550,1,0.03816917418923437,NO
1551,1,0.03816917418923437,NO
1552,1,0.03816917418923437,NO
1553,1,0.03816917418923437,NO
1554,1,0.03816917418923437,NO
1555,1,0.03816917418923437,NO
1556,0,0.01563030362754437,NO
1557,0,0.01563030362754437,NO
1558,0,0.01563030362754437,NO
1559,0,0.01563030362754437,NO
1560,0,0.01563030362754437,NO
1561,0,0.01563030362754437,NO
1562,0,0.01563030362754437,NO
1563,9,0.11117166212534059,NO
1564,1,0.03816917418923437,NO
1565,1,0.03816917418923437,NO
1566,1,0.03816917418923437,NO
1567,1,0.03816917418923437,NO
1568,1,0.03816917418923437,NO
1569,1,0.03816917418923437,NO
1570,1,0.03816917418923437,NO
1571,16,6.997900629811056E-4,YES
1572,7,2.3348120476301656E-4,NO
1573,1,0.03816917418923437,NO
1574,1,0.03816917418923437,NO
1575,1,0.03816917418923437,NO
1576,1,0.03816917418923437,NO
1577,1,0.03816917418923437,NO
1578,1,0.03816917418923437,NO
1579,1,0.03816917418923437,NO
1580,1,0.03816917418923437,NO
1581,8,7.785130400934214E-5,NO
1582,2,0.1132177753097193,NO
1583,10,1.1676786548341896E-4,NO
1584,6,2.695127210004312E-5,NO
1585,3,0.0500315324784528,NO
1586,5,1.4011489421325487E-4,NO
1587,12,6.997900629811056E-4,NO
1588,5,6.997900629811056E-4,NO
1589,53,6.997900629811056E-4,YES
1590,8,0.36365373590674566,YES
1591,31,0.9993002099370188,YES
1592,9,1.7513134851138352E-4,YES
1593,1,0.03816917418923437,NO
1594,1,0.03816917418923437,NO
1595,0,0.01563030362754437,NO
1596,27,6.997900629811056E-4,NO
1597,4,0.10002802886973583,NO
1598,1,0.5,NO
1599,0,0.01563030362754437,NO
1600,1,0.16670559383393668,NO
1601,4,0.10002802886973583,NO
1602,5,3.185119123455217E-5,NO
1603,4,0.10002802886973583,NO
1604,1,0.16670559383393668,NO
1605,20,6.997900629811056E-4,YES
1606,1,0.03816917418923437,NO
1607,1,0.03816917418923437,NO
1608,0,0.01563030362754437,NO
1609,1,0.03816917418923437,NO
1610,17,0.5,NO
1611,5,3.185119123455217E-5,NO
1612,26,6.997900629811056E-4,NO
1613,37,6.997900629811056E-4,NO
1614,30,6.997900629811056E-4,NO
1615,25,0.9993002099370188,YES
1616,10,0.16674451191032227,NO
1617,5,0.2500875656742557,NO
1618,1,0.03816917418923437,NO
1619,0,0.01563030362754437,NO
1620,1,0.03816917418923437,NO
1621,1,0.03816917418923437,NO
1622,1,0.03816917418923437,NO
1623,1,0.03816917418923437,NO
1624,1,0.03816917418923437,NO
1625,5,1.4011489421325487E-4,NO
1626,15,3.501400560224089E-4,NO
1627,1,0.03816917418923437,NO
1628,1,0.03816917418923437,NO
1629,3,0.041675588344071784,NO
1630,9,0.11117166212534059,NO
1631,4,0.02042188058634251,NO
1632,1,0.03816917418923437,NO
1633,3,0.0500315324784528,NO
1634,0,0.01563030362754437,NO
1635,5,6.997900629811056E-4,NO
1636,1,0.03816917418923437,NO
1637,8,7.785130400934214E-5,NO
1638,13,0.2500875656742557,NO
1639,1,0.03816917418923437,NO
1640,39,6.997900629811056E-4,NO
1641,13,3.501400560224089E-4,NO
1642,1,0.03816917418923437,NO
1643,2,0.1132177753097193,NO
1644,2,0.1132177753097193,NO
1645,5,0.9993002099370188,NO
1646,64,0.9993002099370188,NO
1647,0,0.01563030362754437,NO
1648,22,6.997900629811056E-4,NO
1649,0,0.01563030362754437,NO
1650,0,0.01563030362754437,NO
1651,0,0.01563030362754437,NO
1652,12,3.501400560224089E-4,NO
1653,2,0.1132177753097193,NO
1654,5,3.185119123455217E-5,NO
1655,2,0.05885989860269568,NO
1656,9,0.11117166212534059,NO
1657,1,0.03816917418923437,NO
1658,1,0.03816917418923437,NO
1659,1,0.03816917418923437,NO
1660,1,0.03816917418923437,NO
1661,0,0.01563030362754437,NO
1662,0,0.01563030362754437,NO
1663,0,0.01563030362754437,NO
1664,0,0.01563030362754437,NO
1665,0,0.01563030362754437,NO
1666,0,0.01563030362754437,NO
1667,0,0.01563030362754437,NO
1668,0,0.01563030362754437,NO
1669,0,0.01563030362754437,NO
1670,0,0.01563030362754437,NO
1671,1,0.03816917418923437,NO
1672,1,0.03816917418923437,NO
1673,1,0.03816917418923437,NO
1674,1,0.03816917418923437,NO
1675,1,0.03816917418923437,NO
1676,1,0.03816917418923437,NO
1677,0,0.01563030362754437,YES
1678,2,0.1132177753097193,YES
1679,1,0.03816917418923437,NO
1680,1,0.03816917418923437,NO
1681,2,0.05885989860269568,NO
1682,4,6.997900629811056E-4,NO
1683,5,6.997900629811056E-4,NO
1684,2,0.1132177753097193,NO
1685,1,0.03816917418923437,YES
1686,1,0.03816917418923437,YES
1687,1,0.03816917418923437,NO
1688,1,0.03816917418923437,NO
1689,1,0.03816917418923437,NO
1690,1,0.03816917418923437,NO
1691,8,0.36365373590674566,NO
1692,1,0.03816917418923437,YES
1693,10,0.5,NO
1694,19,0.9993002099370188,YES
1695,10,0.16674451191032227,YES
1696,1,0.03816917418923437,NO
1697,2,0.1132177753097193,NO
1698,3,0.0500315324784528,YES
1699,1,0.03816917418923437,NO
1700,11,0.3333722559551611,YES
1701,11,0.3333722559551611,YES
1702,14,0.5,YES
1703,6,2.695127210004312E-5,YES
1704,5,2.1234578387446112E-5,NO
1705,1,0.03816917418923437,NO
1706,1,0.03816917418923437,NO
1707,1,0.03816917418923437,NO
1708,1,0.03816917418923437,YES
1709,1,0.03816917418923437,NO
1710,1,0.03816917418923437,YES
1711,0,0.01563030362754437,NO
1712,0,0.01563030362754437,NO
1713,0,0.01563030362754437,NO
1714,0,0.01563030362754437,NO
1715,0,0.01563030362754437,NO
1716,0,0.01563030362754437,NO
1717,0,0.01563030362754437,NO
1718,1,0.03816917418923437,NO
1719,1,0.03816917418923437,NO
1720,1,0.03816917418923437,NO
1721,1,0.03816917418923437,NO
1722,1,0.03816917418923437,NO
1723,1,0.03816917418923437,NO
1724,0,0.01563030362754437,NO
1725,0,0.01563030362754437,NO
1726,6,2.3348120476301656E-4,NO
1727,11,0.14292863577219497,NO
1728,6,0.3334111604015877,NO
1729,5,3.185119123455217E-5,NO
1730,1,0.03816917418923437,NO
1731,1,0.03816917418923437,NO
1732,11,0.3333722559551611,NO
1733,5,2.1234578387446112E-5,NO
1734,1,0.03816917418923437,NO
1735,8,0.9996498599439776,NO
1736,11,1.7513134851138352E-4,NO
1737,3,1.7513134851138352E-4,NO
1738,1,0.03816917418923437,NO
1739,1,0.03816917418923437,NO
1740,17,6.997900629811056E-4,NO
1741,1,0.03816917418923437,NO
1742,1,0.03816917418923437,NO
1743,8,0.36365373590674566,NO
1744,12,3.501400560224089E-4,NO
1745,1,0.03816917418923437,NO
1746,1,0.03816917418923437,NO
1747,32,0.9993002099370188,NO
1748,9,1.7513134851138352E-4,NO
1749,3,0.041675588344071784,NO
1750,14,6.997900629811056E-4,NO
1751,1,0.03816917418923437,NO
1752,18,2.3348120476301656E-4,NO
1753,1,0.03816917418923437,NO
1754,6,2.695127210004312E-5,NO
1755,15,3.501400560224089E-4,NO
1756,1,0.03816917418923437,NO
1757,1,0.03816917418923437,NO
1758,8,6.369832473405948E-5,NO
1759,1,0.03816917418923437,NO
1760,1,0.03816917418923437,NO
1761,2,0.3334111604015877,NO
1762,2,0.3334111604015877,NO
1763,1,0.03816917418923437,NO
1764,1,0.03816917418923437,NO
1765,1,0.03816917418923437,NO
1766,1,0.03816917418923437,NO
1767,35,6.997900629811056E-4,NO
1768,1,0.16670559383393668,NO
1769,1,0.16670559383393668,NO
1770,1,0.5,NO
1771,8,0.36365373590674566,NO
1772,53,6.997900629811056E-4,NO
1773,14,6.997900629811056E-4,NO
1774,3,1.7513134851138352E-4,NO
1775,11,0.3333722559551611,NO
1776,11,0.9993002099370188,NO
1777,28,0.9993002099370188,NO
1778,3,6.997900629811056E-4,NO
1779,1,0.03816917418923437,NO
1780,1,0.16670559383393668,NO
1781,0,0.01563030362754437,NO
1782,17,6.997900629811056E-4,NO
1783,20,6.997900629811056E-4,NO
1784,3,1.7513134851138352E-4,NO
1785,3,6.997900629811056E-4,NO
1786,1,0.03816917418923437,NO
1787,3,0.06670715186621198,NO
1788,15,0.5,NO
1789,1,0.9993002099370188,NO
1790,1,6.997900629811056E-4,NO
1791,0,0.01563030362754437,NO
1792,14,0.5,NO
1793,1,0.03816917418923437,NO
1794,1,0.03816917418923437,NO
1795,1,0.03816917418923437,NO
1796,1,0.03816917418923437,NO
1797,16,6.997900629811056E-4,NO
1798,0,0.01563030362754437,NO
1799,0,0.01563030362754437,NO
1800,0,0.01563030362754437,NO
1801,4,0.02042188058634251,NO
1802,1,0.03816917418923437,NO
1803,1,0.03816917418923437,NO
1804,1,0.03816917418923437,NO
1805,0,0.01563030362754437,NO
1806,5,3.185119123455217E-5,NO
1807,1,0.03816917418923437,NO
1808,1,0.03816917418923437,NO
1809,8,3.501400560224089E-4,NO
1810,5,3.185119123455217E-5,NO
1811,0,0.01563030362754437,NO
1812,0,0.01563030362754437,NO
1813,0,0.01563030362754437,NO
1814,0,0.01563030362754437,NO
1815,0,0.01563030362754437,NO
1816,0,0.01563030362754437,NO
1817,0,0.01563030362754437,NO
1818,0,0.01563030362754437,NO
1819,1,0.03816917418923437,NO
1820,1,0.03816917418923437,NO
1821,1,0.03816917418923437,NO
1822,1,0.03816917418923437,NO
1823,47,6.997900629811056E-4,NO
1824,42,6.997900629811056E-4,NO
1825,20,6.997900629811056E-4,NO
1826,2,0.1132177753097193,NO
1827,11,0.3333722559551611,NO
1828,7,0.2307982536517005,NO
1829,11,0.3333722559551611,NO
1830,7,0.2307982536517005,NO
1831,11,0.3333722559551611,NO
1832,7,0.2307982536517005,NO
1833,1,0.03816917418923437,NO
1834,1,0.03816917418923437,NO
1835,32,6.997900629811056E-4,NO
1836,15,6.997900629811056E-4,NO
1837,1,0.16670559383393668,NO
1838,3,0.0500315324784528,NO
1839,1,0.03816917418923437,NO
1840,1,0.03816917418923437,NO
1841,0,0.01563030362754437,NO
1842,0,0.01563030362754437,NO
1843,0,0.01563030362754437,NO
1844,0,0.01563030362754437,NO
1845,0,0.01563030362754437,NO
1846,0,0.01563030362754437,NO
1847,0,0.01563030362754437,NO
1848,0,0.01563030362754437,NO
1849,0,0.01563030362754437,NO
1850,4,0.02042188058634251,NO
1851,1,0.03816917418923437,NO
1852,0,0.01563030362754437,NO
1853,2,0.1132177753097193,NO
1854,11,0.9993002099370188,NO
1855,2,0.1132177753097193,NO
1856,2,0.1132177753097193,NO
1857,22,6.997900629811056E-4,NO
1858,18,2.3348120476301656E-4,NO
1859,6,0.07696868430981511,NO
1860,1,0.03816917418923437,NO
1861,1,0.03816917418923437,NO
1862,7,8.758101243650375E-5,NO
1863,10,0.16674451191032227,NO
1864,5,3.185119123455217E-5,NO
1865,30,6.997900629811056E-4,NO
1866,21,6.997900629811056E-4,NO
1867,4,0.02042188058634251,NO
1868,27,3.501400560224089E-4,NO
1869,5,3.185119123455217E-5,NO
1870,16,6.997900629811056E-4,NO
1871,1,0.03816917418923437,NO
1872,4,0.10002802886973583,NO
1873,26,6.997900629811056E-4,NO
1874,7,8.758101243650375E-5,NO
1875,4,0.02042188058634251,NO
1876,0,0.01563030362754437,NO
1877,4,0.02042188058634251,NO
1878,0,0.01563030362754437,NO
1879,4,0.02042188058634251,NO
1880,0,0.01563030362754437,NO
1881,4,0.02042188058634251,NO
1882,0,0.01563030362754437,NO
1883,4,0.02042188058634251,NO
1884,0,0.01563030362754437,NO
1885,1,0.03816917418923437,NO
1886,2,0.05885989860269568,NO
1887,4,0.02042188058634251,NO
1888,0,0.01563030362754437,NO
1889,4,0.02042188058634251,NO
1890,0,0.01563030362754437,NO
1891,4,0.02042188058634251,NO
1892,0,0.01563030362754437,NO
1893,4,0.02042188058634251,NO
1894,0,0.01563030362754437,NO
1895,4,0.02042188058634251,NO
1896,0,0.01563030362754437,NO
1897,4,0.02042188058634251,NO
1898,0,0.01563030362754437,NO
1899,15,3.501400560224089E-4,NO
1900,11,1.1676786548341896E-4,NO
1901,3,0.0500315324784528,NO
