key,creationDate,resolutionDate,injectedVersion,openingVersion,fixedVersion,affectedVersion,numOfCommits
SYNCOPE-182,2012-08-13,2012-08-17,1.0.0-incubating,1.0.1-incubating,1.0.1-incubating,[1.0.0-incubating],
SYNCOPE-187,2012-08-14,2012-08-14,1.0.0-incubating,1.0.1-incubating,1.0.1-incubating,[1.0.0-incubating, 1.1.0],
SYNCOPE-185,2012-08-14,2012-08-29,1.0.0-incubating,1.0.1-incubating,1.0.1-incubating,[1.0.0-incubating],
SYNCOPE-191,2012-08-27,2012-08-28,1.0.0-incubating,1.0.1-incubating,1.0.1-incubating,[1.0.0-incubating],
SYNCOPE-192,2012-08-29,2012-08-29,1.0.0-incubating,1.0.1-incubating,1.0.1-incubating,[1.0.0-incubating],
SYNCOPE-196,2012-09-03,2012-09-04,1.0.0-incubating,1.0.3-incubating,1.0.3-incubating,[1.0.0-incubating, 1.0.1-incubating],
SYNCOPE-197,2012-09-03,2012-09-05,1.0.0-incubating,1.0.3-incubating,1.0.3-incubating,[1.0.0-incubating, 1.0.1-incubating],
SYNCOPE-194,2012-09-03,2012-09-10,1.0.1-incubating,1.0.3-incubating,1.0.3-incubating,[1.0.1-incubating],
SYNCOPE-211,2012-09-20,2012-09-20,1.0.1-incubating,1.0.3-incubating,1.0.3-incubating,[1.0.1-incubating],
SYNCOPE-214,2012-10-04,2012-10-09,1.0.1-incubating,1.0.4,1.0.4,[1.0.1-incubating, 1.0.3-incubating, 1.0.2-incubating],
SYNCOPE-217,2012-10-09,2012-10-09,1.0.2-incubating,1.0.4,1.0.4,[1.0.2-incubating],
SYNCOPE-220,2012-10-13,2012-10-15,1.0.2-incubating,1.0.4,1.0.4,[1.0.2-incubating],
SYNCOPE-224,2012-10-16,2012-10-18,1.0.2-incubating,1.0.4,1.0.4,[1.0.2-incubating],
SYNCOPE-226,2012-10-18,2012-10-19,1.0.2-incubating,1.0.4,1.0.4,[1.0.2-incubating],
SYNCOPE-228,2012-10-25,2012-10-25,1.0.2-incubating,1.0.4,1.0.4,[1.0.2-incubating],
SYNCOPE-230,2012-10-26,2012-10-29,1.0.2-incubating,1.0.4,1.0.4,[1.0.2-incubating],
SYNCOPE-232,2012-11-02,2012-11-06,1.0.3-incubating,1.0.4,1.0.4,[1.0.3-incubating, 1.0.2-incubating, 1.0.2-incubating],
SYNCOPE-233,2012-11-03,2012-11-10,1.0.3-incubating,1.0.4,1.0.4,[1.0.3-incubating, 1.0.2-incubating, 1.0.2-incubating],
SYNCOPE-236,2012-11-11,2012-11-11,1.0.3-incubating,1.0.4,1.0.4,[1.0.3-incubating, 1.0.2-incubating],
SYNCOPE-237,2012-11-16,2012-11-16,1.0.3-incubating,1.0.4,1.0.4,[1.0.3-incubating, 1.0.2-incubating],
SYNCOPE-238,2012-11-19,2012-11-28,1.0.3-incubating,1.0.4,1.0.4,[1.0.3-incubating, 1.0.2-incubating],
SYNCOPE-267,2013-01-08,2013-01-08,1.0.4,1.0.5,1.0.5,[1.0.4, 1.0.5, 1.1.0],
SYNCOPE-269,2013-01-10,2013-01-11,1.0.4,1.0.5,1.0.5,[1.0.4, 1.1.0],
SYNCOPE-274,2013-01-15,2013-01-15,1.0.4,1.0.5,1.0.5,[1.0.4],
SYNCOPE-285,2013-01-23,2013-07-26,1.0.3-incubating,1.0.5,1.1.4,[1.0.3-incubating, 1.0.2-incubating, 1.0.4, 1.0.5, 1.0.6, 1.0.7, 1.1.0, 1.0.8, 1.1.1, 1.1.2, 1.1.3],
SYNCOPE-294,2013-01-28,2013-02-01,1.0.5,1.0.6,1.0.6,[1.0.5],
SYNCOPE-297,2013-01-29,2013-01-31,1.0.4,1.0.6,1.0.6,[1.0.4, 1.0.5],
SYNCOPE-301,2013-01-30,2013-01-30,1.0.5,1.0.6,1.0.6,[1.0.5, 1.1.0],
SYNCOPE-306,2013-02-01,2013-02-01,1.0.4,1.0.6,1.0.6,[1.0.4, 1.0.5],
SYNCOPE-305,2013-02-01,2013-02-01,1.0.4,1.0.6,1.0.6,[1.0.4, 1.0.5],
SYNCOPE-308,2013-02-04,2013-02-11,1.0.5,1.0.6,1.0.6,[1.0.5, 1.1.0],
SYNCOPE-309,2013-02-04,2013-02-25,1.0.5,1.0.6,1.0.6,[1.0.5, 1.1.0],
SYNCOPE-310,2013-02-08,2013-02-08,1.0.5,1.0.6,1.0.6,[1.0.5, 1.1.0],
SYNCOPE-312,2013-02-08,2013-02-27,1.0.4,1.0.6,1.0.6,[1.0.4, 1.0.5],
SYNCOPE-315,2013-02-15,2013-02-18,1.0.5,1.0.6,1.0.6,[1.0.5, 1.1.0],
SYNCOPE-316,2013-02-18,2013-02-18,1.0.5,1.0.6,1.0.6,[1.0.5, 1.1.0],
SYNCOPE-318,2013-02-19,2013-02-27,1.0.4,1.0.6,1.0.6,[1.0.4, 1.0.5],
SYNCOPE-323,2013-02-22,2013-02-22,1.0.5,1.0.6,1.0.6,[1.0.5, 1.1.0],
SYNCOPE-322,2013-02-22,2013-02-22,1.0.4,1.0.6,1.0.6,[1.0.4, 1.0.5],
SYNCOPE-325,2013-02-25,2013-02-25,1.0.5,1.0.6,1.0.6,[1.0.5, 1.1.0],
SYNCOPE-328,2013-02-28,2013-03-05,1.0.5,1.0.7,1.0.7,[1.0.5, 1.0.6],
SYNCOPE-329,2013-02-28,2013-03-15,1.0.5,1.0.7,1.0.7,[1.0.5, 1.0.6],
SYNCOPE-332,2013-03-03,2013-03-04,1.0.5,1.0.7,1.0.7,[1.0.5, 1.0.6, 1.1.0, 1.0.6],
SYNCOPE-336,2013-03-11,2013-03-19,1.0.5,1.0.7,1.0.7,[1.0.5, 1.0.6],
SYNCOPE-341,2013-03-21,2013-03-22,1.0.6,1.0.7,1.0.7,[1.0.6, 1.1.0],
SYNCOPE-342,2013-03-22,2013-03-22,1.0.6,1.0.7,1.0.7,[1.0.6, 1.1.0],
SYNCOPE-349,2013-04-03,2013-12-20,1.0.7,1.1.0,1.1.6,[1.0.7, 1.1.0, 1.2.0-M1, 1.1.0, 1.0.8, 1.1.1, 1.1.2, 1.1.3, 1.1.4, 1.1.5],
SYNCOPE-351,2013-04-05,2013-04-09,1.0.7,1.1.0,1.0.8,[1.0.7, 1.1.0, 1.1.0],
SYNCOPE-352,2013-04-08,2013-04-09,1.1.0,1.0.8,1.0.8,[1.1.0],
SYNCOPE-353,2013-04-09,2013-04-09,1.1.0,1.0.8,1.0.8,[1.1.0],
SYNCOPE-354,2013-04-12,2013-04-24,1.1.0,1.0.8,1.1.1,[1.1.0, 1.0.8],
SYNCOPE-356,2013-04-14,2013-04-15,1.1.0,1.0.8,1.0.8,[1.1.0],
SYNCOPE-358,2013-04-15,2013-04-15,1.1.0,1.0.8,1.0.8,[1.1.0],
SYNCOPE-357,2013-04-15,2013-04-24,1.1.0,1.0.8,1.1.1,[1.1.0, 1.0.8],
SYNCOPE-360,2013-04-18,2013-04-19,1.1.0,1.0.8,1.1.1,[1.1.0, 1.0.8],
SYNCOPE-364,2013-04-19,2013-04-19,1.1.0,1.1.1,1.1.1,[1.1.0, 1.0.8, 1.0.8],
SYNCOPE-363,2013-04-19,2013-04-19,1.1.0,1.1.1,1.1.1,[1.1.0, 1.0.8],
SYNCOPE-361,2013-04-19,2013-04-19,1.1.0,1.1.1,1.1.1,[1.1.0, 1.0.8],
SYNCOPE-365,2013-04-24,2013-04-24,1.1.0,1.1.1,1.1.1,[1.1.0, 1.1.1, 1.0.8],
SYNCOPE-366,2013-04-26,2013-04-26,1.1.0,1.1.1,1.1.1,[1.1.0, 1.1.1, 1.0.8],
SYNCOPE-368,2013-04-29,2013-04-29,1.1.0,1.1.1,1.1.1,[1.1.0, 1.0.8],
SYNCOPE-369,2013-05-07,2013-05-09,1.1.1,1.1.2,1.1.2,[1.1.1],
SYNCOPE-370,2013-05-08,2013-07-02,1.1.1,1.1.2,1.1.3,[1.1.1, 1.1.2],
SYNCOPE-371,2013-05-21,2013-05-21,1.1.1,1.1.2,1.1.2,[1.1.1],
SYNCOPE-372,2013-05-27,2013-05-28,1.1.1,1.1.2,1.1.2,[1.1.1],
SYNCOPE-373,2013-05-28,2013-05-28,1.1.1,1.1.2,1.1.2,[1.1.1],
SYNCOPE-375,2013-05-28,2013-05-29,1.1.1,1.1.2,1.1.2,[1.1.1],
SYNCOPE-376,2013-05-30,2013-05-30,1.1.1,1.1.2,1.1.2,[1.1.1],
SYNCOPE-384,2013-05-31,2013-05-31,1.1.1,1.1.2,1.1.2,[1.1.1],
SYNCOPE-383,2013-05-31,2013-05-31,1.1.1,1.1.2,1.1.2,[1.1.1],
SYNCOPE-382,2013-05-31,2013-05-31,1.1.1,1.1.2,1.1.2,[1.1.1],
SYNCOPE-381,2013-05-31,2013-05-31,1.1.1,1.1.2,1.1.2,[1.1.1],
SYNCOPE-380,2013-05-31,2013-05-31,1.1.1,1.1.2,1.1.2,[1.1.1],
SYNCOPE-386,2013-06-03,2013-06-03,1.1.1,1.1.2,1.1.2,[1.1.1],
SYNCOPE-385,2013-06-03,2013-06-03,1.1.1,1.1.2,1.1.2,[1.1.1],
SYNCOPE-387,2013-06-03,2013-06-07,1.1.1,1.1.2,1.1.2,[1.1.1],
SYNCOPE-394,2013-06-12,2013-06-12,1.1.2,1.1.3,1.1.3,[1.1.2],
SYNCOPE-397,2013-06-26,2013-06-27,1.1.2,1.1.3,1.1.3,[1.1.2],
SYNCOPE-398,2013-07-01,2013-07-01,1.1.2,1.1.3,1.1.3,[1.1.2],
SYNCOPE-399,2013-07-04,2013-07-04,1.1.2,1.1.3,1.1.3,[1.1.2, 1.2.0-M1],
SYNCOPE-401,2013-07-11,2013-07-11,1.1.2,1.1.3,1.1.3,[1.1.2],
SYNCOPE-400,2013-07-11,2013-07-11,1.0.8,1.1.3,1.1.3,[1.0.8, 1.1.2, 1.1.1, 1.1.2],
SYNCOPE-404,2013-07-19,2013-07-22,1.1.0,1.1.4,1.1.4,[1.1.0, 1.1.3, 1.0.8, 1.1.1, 1.1.2, 1.1.3],
SYNCOPE-412,2013-09-16,2013-09-18,1.1.3,1.1.4,1.1.4,[1.1.3],
SYNCOPE-418,2013-09-20,2013-09-20,1.1.3,1.1.4,1.1.4,[1.1.3],
SYNCOPE-417,2013-09-20,2013-09-20,1.1.3,1.1.4,1.1.4,[1.1.3],
SYNCOPE-419,2013-10-01,2013-10-01,1.1.4,1.1.5,1.1.5,[1.1.4],
SYNCOPE-426,2013-10-25,2013-10-25,1.1.4,1.1.5,1.1.5,[1.1.4],
SYNCOPE-434,2013-11-07,2013-11-07,1.1.4,1.1.5,1.1.5,[1.1.4],
SYNCOPE-433,2013-11-07,2013-11-07,1.1.4,1.1.5,1.1.5,[1.1.4],
SYNCOPE-435,2013-11-08,2013-11-12,1.1.4,1.1.5,1.1.5,[1.1.4],
SYNCOPE-436,2013-11-12,2013-11-18,1.1.4,1.1.5,1.1.5,[1.1.4],
SYNCOPE-437,2013-11-13,2013-11-13,1.1.4,1.1.5,1.1.5,[1.1.4],
SYNCOPE-440,2013-11-15,2013-11-21,1.1.3,1.1.5,1.1.5,[1.1.3, 1.1.4],
SYNCOPE-453,2013-11-29,2013-12-03,1.1.5,1.1.6,1.1.6,[1.1.5],
SYNCOPE-452,2013-11-29,2013-12-03,1.1.5,1.1.6,1.1.6,[1.1.5],
SYNCOPE-455,2013-11-29,2013-12-04,1.1.5,1.1.6,1.1.6,[1.1.5],
SYNCOPE-454,2013-11-29,2013-12-04,1.1.5,1.1.6,1.1.6,[1.1.5],
SYNCOPE-457,2013-12-03,2013-12-04,1.1.5,1.1.6,1.1.6,[1.1.5, 1.2.0-M1],
SYNCOPE-458,2013-12-03,2014-06-10,1.1.5,1.1.6,1.1.8,[1.1.5, 1.1.6, 1.0.9, 1.1.7],
SYNCOPE-459,2013-12-04,2013-12-14,1.1.4,1.1.6,1.1.6,[1.1.4, 1.1.5, 1.1.5],
SYNCOPE-462,2013-12-16,2014-01-30,1.1.5,1.1.6,1.1.6,[1.1.5],
SYNCOPE-466,2013-12-30,2013-12-30,1.1.5,1.1.6,1.1.6,[1.1.5],
SYNCOPE-475,2014-01-09,2014-01-09,1.1.5,1.1.6,1.1.6,[1.1.5],
SYNCOPE-474,2014-01-09,2014-01-09,1.1.5,1.1.6,1.1.6,[1.1.5],
SYNCOPE-476,2014-01-14,2014-01-15,1.1.5,1.1.6,1.1.6,[1.1.5],
SYNCOPE-477,2014-01-15,2014-01-15,1.1.5,1.1.6,1.1.6,[1.1.5],
SYNCOPE-481,2014-02-12,2014-03-28,1.1.5,1.1.6,1.0.9,[1.1.5, 1.1.6],
SYNCOPE-484,2014-03-12,2014-03-13,1.1.6,1.0.9,1.0.9,[1.1.6],
SYNCOPE-498,2014-05-30,2014-06-03,1.0.9,1.1.8,1.1.8,[1.0.9, 1.1.7],
SYNCOPE-497,2014-05-30,2014-06-06,1.0.9,1.1.8,1.1.8,[1.0.9, 1.1.7],
SYNCOPE-499,2014-06-03,2014-06-05,1.1.7,1.1.8,1.1.8,[1.1.7, 1.2.0-M1],
SYNCOPE-504,2014-06-11,2014-06-25,1.1.7,1.1.8,1.1.8,[1.1.7, 1.2.0-M1],
SYNCOPE-515,2014-06-24,2014-06-25,1.1.7,1.1.8,1.1.8,[1.1.7, 1.2.0-M1],
SYNCOPE-527,2014-07-02,2014-07-03,1.0.9,1.1.8,1.1.8,[1.0.9, 1.1.7],
SYNCOPE-531,2014-07-05,2014-07-07,1.1.8,1.2.0-M1,1.2.0-M1,[1.1.8, 1.2.0-M1],
SYNCOPE-543,2014-08-27,2014-09-08,1.1.8,1.2.0-M1,1.2.0-M1,[1.1.8, 1.2.0-M1, 2.0.0-M1],
SYNCOPE-546,2014-09-04,2014-09-04,1.1.7,1.2.0-M1,1.2.0-M1,[1.1.7, 1.1.8],
SYNCOPE-548,2014-09-15,2014-09-15,1.2.0-M1,1.2.0,1.2.0,[1.2.0-M1],
SYNCOPE-547,2014-09-15,2014-09-15,1.1.8,1.2.0,1.2.0,[1.1.8, 1.2.0-M1],
SYNCOPE-549,2014-09-16,2014-09-16,1.2.0-M1,1.2.0,1.2.0,[1.2.0-M1],
SYNCOPE-551,2014-09-23,2014-09-23,1.2.0-M1,1.2.0,1.2.0,[1.2.0-M1],
SYNCOPE-553,2014-09-29,2014-09-29,1.2.0-M1,1.2.0,1.2.0,[1.2.0-M1],
SYNCOPE-554,2014-09-29,2014-10-23,1.2.0-M1,1.2.0,1.2.1,[1.2.0-M1, 1.2.0, 1.2.0],
SYNCOPE-556,2014-10-02,2014-10-03,1.2.0-M1,1.2.0,1.2.0,[1.2.0-M1],
SYNCOPE-557,2014-10-03,2014-10-07,1.2.0-M1,1.2.0,1.2.1,[1.2.0-M1, 1.2.0],
SYNCOPE-561,2014-10-07,2014-10-07,1.2.0,1.2.1,1.2.1,[1.2.0],
SYNCOPE-560,2014-10-07,2014-10-07,1.2.0,1.2.1,1.2.1,[1.2.0],
SYNCOPE-562,2014-10-08,2014-10-09,1.2.0,1.2.1,1.2.1,[1.2.0],
SYNCOPE-563,2014-10-09,2014-10-09,1.2.0-M1,1.2.1,1.2.1,[1.2.0-M1, 1.2.0],
SYNCOPE-564,2014-10-11,2014-10-23,1.2.0,1.2.1,1.2.1,[1.2.0],
SYNCOPE-565,2014-10-13,2014-10-14,1.2.0,1.2.1,1.2.1,[1.2.0],
SYNCOPE-566,2014-10-15,2014-10-16,1.2.0,1.2.1,1.2.1,[1.2.0],
SYNCOPE-567,2014-10-15,2014-10-17,1.2.0,1.2.1,1.2.1,[1.2.0],
SYNCOPE-569,2014-10-16,2014-10-17,1.2.0,1.2.1,1.2.1,[1.2.0],
SYNCOPE-568,2014-10-16,2014-10-17,1.1.8,1.2.1,1.2.1,[1.1.8, 1.2.0, 1.2.0-M1, 1.2.0],
SYNCOPE-574,2014-10-20,2014-10-22,1.2.0,1.2.1,1.2.1,[1.2.0, 2.0.0-M1],
SYNCOPE-571,2014-10-20,2014-10-22,1.2.0,1.2.1,1.2.1,[1.2.0],
SYNCOPE-572,2014-10-20,2014-10-31,1.2.0,1.2.1,1.2.1,[1.2.0],
SYNCOPE-578,2014-10-23,2014-10-30,1.2.0-M1,1.2.1,1.2.1,[1.2.0-M1, 1.2.0, 1.2.0],
SYNCOPE-576,2014-10-23,2014-10-30,1.2.0,1.2.1,1.2.1,[1.2.0],
SYNCOPE-596,2014-10-28,2014-10-28,1.2.0-M1,1.2.1,1.2.1,[1.2.0-M1, 1.2.0, 1.2.0],
SYNCOPE-597,2014-10-29,2014-10-30,1.2.0,1.2.1,1.2.1,[1.2.0],
SYNCOPE-598,2014-11-02,2014-11-06,1.2.0,1.2.1,1.2.1,[1.2.0],
SYNCOPE-600,2014-11-05,2014-11-05,1.1.8,1.2.1,1.2.1,[1.1.8, 1.2.0, 1.2.0-M1, 1.2.0],
SYNCOPE-601,2014-11-06,2014-11-10,1.1.8,1.2.1,1.2.1,[1.1.8, 1.2.0, 1.2.0-M1, 1.2.0],
SYNCOPE-608,2014-11-19,2014-11-21,1.2.0,1.2.2,1.2.2,[1.2.0, 1.2.1],
SYNCOPE-607,2014-11-19,2014-11-21,1.2.1,1.2.2,1.2.2,[1.2.1],
SYNCOPE-610,2014-11-21,2014-12-22,1.2.1,1.2.2,1.2.2,[1.2.1],
SYNCOPE-611,2014-11-27,2014-11-28,1.2.1,1.2.2,1.2.2,[1.2.1],
SYNCOPE-613,2014-12-01,2014-12-11,1.2.1,1.2.2,1.2.2,[1.2.1],
SYNCOPE-614,2014-12-04,2014-12-10,1.2.1,1.2.2,1.2.2,[1.2.1],
SYNCOPE-617,2014-12-18,2014-12-22,1.2.1,1.2.2,1.2.2,[1.2.1],
SYNCOPE-625,2014-12-28,2015-01-05,1.2.0,1.2.2,1.2.2,[1.2.0, 1.2.1],
SYNCOPE-629,2015-01-20,2015-01-21,1.2.1,1.2.2,1.2.2,[1.2.1, 2.0.0-M1],
SYNCOPE-632,2015-01-28,2015-01-29,1.2.1,1.2.2,1.2.2,[1.2.1],
SYNCOPE-641,2015-02-13,2015-02-13,1.2.2,1.2.3,1.2.3,[1.2.2],
SYNCOPE-639,2015-02-13,2015-02-13,1.2.1,1.2.3,1.2.3,[1.2.1, 1.2.2],
SYNCOPE-638,2015-02-13,2015-02-13,1.2.2,1.2.3,1.2.3,[1.2.2],
SYNCOPE-643,2015-02-16,2015-02-16,1.1.8,1.2.3,1.2.3,[1.1.8, 1.2.2, 1.2.0-M1, 1.2.0, 1.2.1, 1.2.2],
SYNCOPE-644,2015-02-18,2015-02-18,1.2.2,1.2.3,1.2.3,[1.2.2],
SYNCOPE-647,2015-02-23,2015-02-24,1.2.2,1.2.3,1.2.3,[1.2.2],
SYNCOPE-649,2015-02-27,2015-02-27,1.2.2,1.2.3,1.2.3,[1.2.2],
SYNCOPE-654,2015-03-26,2015-04-14,1.2.3,1.2.4,1.2.4,[1.2.3],
SYNCOPE-655,2015-03-27,2015-03-27,1.2.3,1.2.4,1.2.4,[1.2.3],
SYNCOPE-656,2015-04-02,2015-04-02,1.2.3,1.2.4,1.2.4,[1.2.3],
SYNCOPE-658,2015-04-10,2015-04-14,1.2.3,1.2.4,1.2.4,[1.2.3],
SYNCOPE-659,2015-04-15,2015-04-16,1.2.3,1.2.4,1.2.4,[1.2.3],
SYNCOPE-664,2015-05-04,2015-05-04,1.2.3,1.2.4,1.2.4,[1.2.3],
SYNCOPE-668,2015-05-19,2015-05-20,1.2.4,1.2.5,1.2.5,[1.2.4],
SYNCOPE-670,2015-05-21,2015-05-22,1.2.4,1.2.5,1.2.5,[1.2.4],
SYNCOPE-669,2015-05-21,2015-05-22,1.2.4,1.2.5,1.2.5,[1.2.4],
SYNCOPE-671,2015-05-24,2015-05-24,1.2.4,1.2.5,1.2.5,[1.2.4],
SYNCOPE-672,2015-05-25,2015-05-25,1.2.4,1.2.5,1.2.5,[1.2.4],
SYNCOPE-673,2015-05-27,2015-05-27,1.2.2,1.2.5,1.2.5,[1.2.2, 1.2.3, 1.2.4, 1.2.3, 1.2.4],
SYNCOPE-677,2015-07-08,2015-07-08,1.2.4,1.2.5,1.2.5,[1.2.4],
SYNCOPE-678,2015-07-08,2015-07-13,1.2.4,1.2.5,1.2.5,[1.2.4],
SYNCOPE-683,2015-07-13,2015-07-13,1.2.4,1.2.5,1.2.5,[1.2.4],
SYNCOPE-682,2015-07-13,2015-07-13,1.2.4,1.2.5,1.2.5,[1.2.4],
SYNCOPE-684,2015-07-23,2015-07-23,1.2.4,1.2.5,1.2.5,[1.2.4],
SYNCOPE-686,2015-08-25,2015-08-26,1.2.5,1.2.6,1.2.6,[1.2.5],
SYNCOPE-691,2015-09-07,2015-09-07,1.2.5,1.2.6,1.2.6,[1.2.5],
SYNCOPE-702,2015-10-06,2015-10-06,1.2.4,1.2.6,1.2.6,[1.2.4, 1.2.5],
SYNCOPE-707,2015-10-13,2015-10-13,1.2.5,1.2.6,1.2.6,[1.2.5, 2.0.0-M1],
SYNCOPE-710,2015-10-14,2015-10-15,1.2.5,1.2.6,1.2.6,[1.2.5],
SYNCOPE-712,2015-10-19,2015-10-22,1.2.5,1.2.6,1.2.6,[1.2.5],
SYNCOPE-716,2015-10-27,2015-10-27,1.2.5,1.2.6,1.2.6,[1.2.5],
SYNCOPE-717,2015-10-28,2015-10-28,1.2.5,1.2.6,1.2.6,[1.2.5],
SYNCOPE-726,2015-11-09,2015-11-09,1.1.8,2.0.0-M1,2.0.0-M1,[1.1.8, 1.2.0-M1, 1.2.0, 1.2.1, 1.2.2, 1.2.3, 1.2.4, 1.2.5, 1.2.6],
SYNCOPE-729,2015-11-10,2015-11-10,1.2.6,2.0.0-M1,2.0.0-M1,[1.2.6, 2.0.0-M1],
SYNCOPE-734,2015-11-23,2015-11-27,1.2.5,2.0.0-M1,2.0.0-M1,[1.2.5, 1.2.6],
SYNCOPE-735,2015-11-25,2015-11-25,1.2.6,2.0.0-M1,2.0.0-M1,[1.2.6],
SYNCOPE-739,2015-12-03,2015-12-07,1.2.6,2.0.0-M1,2.0.0-M1,[1.2.6],
SYNCOPE-741,2015-12-09,2015-12-11,1.2.6,2.0.0-M1,2.0.0-M1,[1.2.6, 2.0.0-M1],
SYNCOPE-756,2016-01-04,2016-01-22,2.0.0-M1,1.2.7,2.0.0-M2,[2.0.0-M1, 1.2.7],
SYNCOPE-758,2016-01-20,2016-02-12,2.0.0-M1,2.0.0-M2,2.0.0-M2,[2.0.0-M1, 1.2.7],
SYNCOPE-759,2016-01-21,2016-01-22,2.0.0-M1,2.0.0-M2,2.0.0-M2,[2.0.0-M1, 1.2.7],
SYNCOPE-762,2016-01-29,2016-02-02,2.0.0-M1,2.0.0-M2,2.0.0-M2,[2.0.0-M1, 1.2.7],
SYNCOPE-769,2016-02-18,2016-02-18,2.0.0-M1,2.0.0-M2,2.0.0-M2,[2.0.0-M1, 1.2.7, 1.2.7],
SYNCOPE-768,2016-02-18,2016-02-19,2.0.0-M1,2.0.0-M2,2.0.0-M2,[2.0.0-M1, 1.2.7, 1.2.7],
SYNCOPE-775,2016-03-03,2016-03-09,2.0.0-M1,2.0.0-M2,2.0.0-M2,[2.0.0-M1, 1.2.7],
SYNCOPE-776,2016-03-14,2016-03-17,2.0.0-M1,2.0.0-M2,2.0.0-M2,[2.0.0-M1, 1.2.7],
SYNCOPE-792,2016-03-22,2016-04-01,2.0.0-M2,1.2.8,1.2.8,[2.0.0-M2],
SYNCOPE-793,2016-03-22,2016-04-04,2.0.0-M2,1.2.8,1.2.8,[2.0.0-M2],
SYNCOPE-798,2016-03-22,2016-05-02,2.0.0-M2,1.2.8,1.2.8,[2.0.0-M2],
SYNCOPE-799,2016-03-22,2016-05-04,2.0.0-M2,1.2.8,1.2.8,[2.0.0-M2],
SYNCOPE-800,2016-03-23,2016-03-29,2.0.0-M1,1.2.8,1.2.8,[2.0.0-M1, 1.2.7, 1.2.7, 2.0.0-M2],
SYNCOPE-801,2016-03-23,2016-04-22,2.0.0-M2,1.2.8,1.2.8,[2.0.0-M2],
SYNCOPE-813,2016-03-24,2016-03-24,2.0.0-M2,1.2.8,1.2.8,[2.0.0-M2],
SYNCOPE-812,2016-03-24,2016-03-24,2.0.0-M1,1.2.8,1.2.8,[2.0.0-M1, 1.2.7, 2.0.0-M2],
SYNCOPE-814,2016-03-24,2016-03-29,2.0.0-M2,1.2.8,1.2.8,[2.0.0-M2],
SYNCOPE-811,2016-03-24,2016-04-04,2.0.0-M2,1.2.8,1.2.8,[2.0.0-M2],
SYNCOPE-817,2016-03-29,2016-04-21,2.0.0-M2,1.2.8,1.2.8,[2.0.0-M2],
SYNCOPE-823,2016-04-05,2016-04-07,2.0.0-M2,1.2.8,1.2.8,[2.0.0-M2],
SYNCOPE-825,2016-04-06,2016-04-27,2.0.0-M2,1.2.8,1.2.8,[2.0.0-M2],
SYNCOPE-837,2016-04-27,2016-04-27,2.0.0-M2,1.2.8,1.2.8,[2.0.0-M2],
SYNCOPE-839,2016-05-03,2016-05-09,2.0.0-M2,1.2.8,1.2.8,[2.0.0-M2],
SYNCOPE-840,2016-05-05,2016-05-09,1.2.7,1.2.8,1.2.8,[1.2.7, 2.0.0-M2],
SYNCOPE-844,2016-05-11,2016-05-13,1.2.7,1.2.8,1.2.8,[1.2.7, 2.0.0-M2],
SYNCOPE-847,2016-05-11,2016-05-16,1.2.7,1.2.8,1.2.8,[1.2.7, 2.0.0-M2],
SYNCOPE-846,2016-05-11,2016-05-31,1.2.7,1.2.8,1.2.8,[1.2.7, 2.0.0-M2],
SYNCOPE-845,2016-05-11,2016-06-17,2.0.0-M2,1.2.8,2.0.0-M4,[2.0.0-M2, 1.2.8, 2.0.0-M3],
SYNCOPE-863,2016-05-26,2016-06-23,2.0.0-M2,1.2.8,2.0.0-M4,[2.0.0-M2, 1.2.8, 2.0.0-M3],
SYNCOPE-868,2016-06-06,2016-06-06,2.0.0-M3,2.0.0-M4,2.0.0-M4,[2.0.0-M3],
SYNCOPE-867,2016-06-06,2016-06-06,2.0.0-M3,2.0.0-M4,2.0.0-M4,[2.0.0-M3],
SYNCOPE-869,2016-06-07,2016-06-23,2.0.0-M3,2.0.0-M4,2.0.0-M4,[2.0.0-M3],
SYNCOPE-872,2016-06-14,2016-08-27,2.0.0-M3,2.0.0-M4,2.0.0.M5,[2.0.0-M3, 2.0.0-M4],
SYNCOPE-875,2016-06-22,2016-06-23,2.0.0-M3,2.0.0-M4,2.0.0-M4,[2.0.0-M3],
SYNCOPE-876,2016-06-23,2016-06-23,1.2.8,2.0.0-M4,2.0.0-M4,[1.2.8, 2.0.0-M3, 2.0.0-M3],
SYNCOPE-881,2016-06-27,2016-08-27,2.0.0-M4,2.0.0.M5,2.0.0.M5,[2.0.0-M4],
SYNCOPE-884,2016-06-28,2016-08-27,2.0.0-M4,2.0.0.M5,2.0.0.M5,[2.0.0-M4],
SYNCOPE-883,2016-06-28,2016-08-27,2.0.0-M4,2.0.0.M5,2.0.0.M5,[2.0.0-M4],
SYNCOPE-891,2016-06-30,2016-08-27,2.0.0-M4,2.0.0.M5,2.0.0.M5,[2.0.0-M4],
SYNCOPE-888,2016-06-30,2016-08-27,2.0.0-M4,2.0.0.M5,2.0.0.M5,[2.0.0-M4],
SYNCOPE-887,2016-06-30,2016-08-27,2.0.0-M4,2.0.0.M5,2.0.0.M5,[2.0.0-M4],
SYNCOPE-886,2016-06-30,2016-08-27,2.0.0-M4,2.0.0.M5,2.0.0.M5,[2.0.0-M4],
SYNCOPE-893,2016-07-05,2016-08-27,2.0.0-M4,2.0.0.M5,2.0.0.M5,[2.0.0-M4],
SYNCOPE-892,2016-07-05,2016-08-27,2.0.0-M4,2.0.0.M5,2.0.0.M5,[2.0.0-M4],
SYNCOPE-900,2016-07-07,2016-08-27,2.0.0-M3,2.0.0.M5,2.0.0.M5,[2.0.0-M3, 2.0.0-M4],
SYNCOPE-899,2016-07-07,2016-08-27,2.0.0-M3,2.0.0.M5,2.0.0.M5,[2.0.0-M3, 2.0.0-M4],
SYNCOPE-898,2016-07-07,2016-08-27,2.0.0-M4,2.0.0.M5,2.0.0.M5,[2.0.0-M4],
SYNCOPE-901,2016-07-08,2016-08-27,2.0.0-M2,2.0.0.M5,2.0.0.M5,[2.0.0-M2, 2.0.0-M3, 2.0.0-M4, 1.2.8, 2.0.0-M3, 2.0.0-M4],
SYNCOPE-905,2016-07-14,2016-08-27,2.0.0-M4,2.0.0.M5,2.0.0.M5,[2.0.0-M4],
SYNCOPE-908,2016-07-25,2016-08-27,2.0.0-M4,2.0.0.M5,2.0.0.M5,[2.0.0-M4],
SYNCOPE-907,2016-07-25,2016-08-27,2.0.0-M4,2.0.0.M5,2.0.0.M5,[2.0.0-M4],
SYNCOPE-912,2016-07-29,2016-08-27,2.0.0-M4,2.0.0.M5,2.0.0.M5,[2.0.0-M4],
SYNCOPE-911,2016-07-29,2016-08-27,2.0.0-M4,2.0.0.M5,2.0.0.M5,[2.0.0-M4],
SYNCOPE-916,2016-08-04,2016-08-27,2.0.0-M4,2.0.0.M5,2.0.0.M5,[2.0.0-M4],
SYNCOPE-915,2016-08-04,2016-08-27,2.0.0-M4,2.0.0.M5,2.0.0.M5,[2.0.0-M4],
SYNCOPE-918,2016-08-08,2016-08-27,2.0.0-M4,2.0.0.M5,2.0.0.M5,[2.0.0-M4],
SYNCOPE-921,2016-08-12,2016-08-27,2.0.0-M4,2.0.0.M5,2.0.0.M5,[2.0.0-M4],
SYNCOPE-923,2016-08-23,2016-08-27,1.2.8,2.0.0.M5,2.0.0.M5,[1.2.8, 2.0.0-M4, 2.0.0-M3, 2.0.0-M4],
SYNCOPE-927,2016-08-31,2016-08-31,2.0.0-M4,2.0.0.M5,2.0.0.M5,[2.0.0-M4],
SYNCOPE-928,2016-09-01,2016-09-01,1.1.8,2.0.0.M5,2.0.0.M5,[1.1.8, 1.2.8, 2.0.0-M4, 1.2.0-M1, 1.2.0, 1.2.1, 1.2.2, 1.2.3, 1.2.4, 1.2.5, 1.2.6, 2.0.0-M1, 1.2.7, 2.0.0-M2, 1.2.8, 2.0.0-M3, 2.0.0-M4],
SYNCOPE-930,2016-09-02,2016-09-05,2.0.0-M4,2.0.0.M5,2.0.0,[2.0.0-M4, 2.0.0.M5, 2.0.0.M5],
SYNCOPE-929,2016-09-02,2016-09-05,1.2.8,2.0.0.M5,2.0.0,[1.2.8, 2.0.0-M4, 2.0.0-M3, 2.0.0-M4, 2.0.0.M5],
SYNCOPE-931,2016-09-06,2016-09-07,2.0.0.M5,2.0.0,2.0.0,[2.0.0.M5],
SYNCOPE-935,2016-09-07,2016-09-07,2.0.0.M5,2.0.0,2.0.0,[2.0.0.M5],
SYNCOPE-934,2016-09-07,2016-09-07,2.0.0.M5,2.0.0,2.0.0,[2.0.0.M5],
SYNCOPE-933,2016-09-07,2016-09-08,2.0.0.M5,2.0.0,2.0.0,[2.0.0.M5],
SYNCOPE-936,2016-09-08,2016-09-08,1.2.8,2.0.0,2.0.0,[1.2.8, 2.0.0.M5, 2.0.0-M3, 2.0.0-M4, 2.0.0.M5],
SYNCOPE-939,2016-09-12,2016-09-13,1.2.8,1.2.9,1.2.9,[1.2.8, 2.0.0-M3, 2.0.0-M4, 2.0.0.M5, 2.0.0],
SYNCOPE-937,2016-09-12,2016-09-27,2.0.0.M5,1.2.9,1.2.9,[2.0.0.M5, 2.0.0, 2.0.0],
SYNCOPE-940,2016-09-12,2016-09-30,2.0.0,1.2.9,1.2.9,[2.0.0],
SYNCOPE-942,2016-09-13,2016-10-03,2.0.0,1.2.9,1.2.9,[2.0.0],
SYNCOPE-943,2016-09-13,2016-10-04,1.2.8,1.2.9,1.2.9,[1.2.8, 2.0.0-M3, 2.0.0-M4, 2.0.0.M5, 2.0.0],
SYNCOPE-944,2016-09-16,2016-09-16,2.0.0,1.2.9,1.2.9,[2.0.0],
SYNCOPE-947,2016-09-19,2016-09-19,2.0.0,1.2.9,1.2.9,[2.0.0],
SYNCOPE-946,2016-09-19,2016-09-30,2.0.0,1.2.9,1.2.9,[2.0.0],
SYNCOPE-953,2016-09-29,2016-09-29,2.0.0,1.2.9,1.2.9,[2.0.0],
SYNCOPE-954,2016-10-04,2016-10-04,1.2.8,1.2.9,1.2.9,[1.2.8, 2.0.0-M3, 2.0.0-M4, 2.0.0.M5, 2.0.0],
SYNCOPE-963,2016-11-04,2016-11-04,1.2.9,1.2.10,1.2.10,[1.2.9, 2.0.1],
SYNCOPE-965,2016-11-07,2016-11-09,1.2.9,1.2.10,1.2.10,[1.2.9, 2.0.1, 2.0.1],
SYNCOPE-966,2016-11-10,2016-11-10,2.0.1,1.2.10,1.2.10,[2.0.1],
SYNCOPE-970,2016-11-17,2016-11-18,2.0.1,1.2.10,1.2.10,[2.0.1],
SYNCOPE-974,2016-11-25,2016-11-25,2.0.1,1.2.10,1.2.10,[2.0.1],
SYNCOPE-973,2016-11-25,2016-11-25,1.2.9,1.2.10,1.2.10,[1.2.9, 2.0.1],
SYNCOPE-976,2016-11-28,2016-11-28,1.2.9,1.2.10,1.2.10,[1.2.9, 2.0.1, 2.0.1],
SYNCOPE-977,2016-11-30,2016-11-30,2.0.1,1.2.10,1.2.10,[2.0.1],
SYNCOPE-979,2016-12-01,2016-12-02,2.0.1,1.2.10,1.2.10,[2.0.1],
SYNCOPE-980,2016-12-07,2016-12-07,2.0.1,1.2.10,1.2.10,[2.0.1],
SYNCOPE-981,2016-12-12,2016-12-12,2.0.1,1.2.10,1.2.10,[2.0.1],
SYNCOPE-982,2016-12-19,2016-12-20,2.0.1,1.2.10,1.2.10,[2.0.1],
SYNCOPE-987,2016-12-29,2016-12-30,2.0.1,1.2.10,1.2.10,[2.0.1],
SYNCOPE-990,2017-01-10,2017-01-10,2.0.1,1.2.10,1.2.10,[2.0.1],
SYNCOPE-992,2017-01-12,2017-01-13,2.0.1,1.2.10,1.2.10,[2.0.1],
SYNCOPE-993,2017-01-12,2017-01-16,2.0.1,1.2.10,1.2.10,[2.0.1],
SYNCOPE-994,2017-01-12,2017-01-20,2.0.1,1.2.10,1.2.10,[2.0.1],
SYNCOPE-997,2017-01-13,2017-01-13,2.0.1,1.2.10,1.2.10,[2.0.1],
SYNCOPE-999,2017-01-20,2017-01-20,1.2.9,1.2.10,1.2.10,[1.2.9, 2.0.1, 2.0.1],
SYNCOPE-1000,2017-01-23,2017-01-23,2.0.1,1.2.10,1.2.10,[2.0.1],
SYNCOPE-1001,2017-01-24,2017-01-24,2.0.1,1.2.10,1.2.10,[2.0.1],
SYNCOPE-1002,2017-01-25,2017-01-25,2.0.1,2.0.2,2.0.2,[2.0.1, 1.2.10],
SYNCOPE-1004,2017-01-31,2017-02-01,2.0.2,2.0.3,2.0.3,[2.0.2],
SYNCOPE-1003,2017-01-31,2017-02-01,2.0.2,2.0.3,2.0.3,[2.0.2],
SYNCOPE-1007,2017-02-02,2017-02-03,2.0.2,2.0.3,2.0.3,[2.0.2],
SYNCOPE-1008,2017-02-07,2017-03-14,2.0.2,2.0.3,2.0.3,[2.0.2],
SYNCOPE-1014,2017-02-12,2017-02-12,2.0.2,2.0.3,2.0.3,[2.0.2],
SYNCOPE-1013,2017-02-12,2017-02-12,2.0.2,2.0.3,2.0.3,[2.0.2],
SYNCOPE-1012,2017-02-12,2017-02-12,2.0.2,2.0.3,2.0.3,[2.0.2],
SYNCOPE-1010,2017-02-12,2017-02-12,2.0.2,2.0.3,2.0.3,[2.0.2],
SYNCOPE-1016,2017-02-15,2017-02-15,2.0.2,2.0.3,2.0.3,[2.0.2],
SYNCOPE-1023,2017-02-22,2017-02-22,2.0.2,2.0.3,2.0.3,[2.0.2],
SYNCOPE-1022,2017-02-22,2017-03-07,2.0.2,2.0.3,2.0.3,[2.0.2],
SYNCOPE-1025,2017-02-23,2017-02-23,2.0.2,2.0.3,2.0.3,[2.0.2],
SYNCOPE-1024,2017-02-23,2017-03-01,2.0.2,2.0.3,2.0.3,[2.0.2],
SYNCOPE-1033,2017-02-24,2017-02-24,2.0.2,2.0.3,2.0.3,[2.0.2],
SYNCOPE-1032,2017-02-24,2017-02-27,2.0.2,2.0.3,2.0.3,[2.0.2],
SYNCOPE-1030,2017-02-24,2017-02-27,2.0.2,2.0.3,2.0.3,[2.0.2],
SYNCOPE-1026,2017-02-24,2017-02-27,2.0.2,2.0.3,2.0.3,[2.0.2],
SYNCOPE-1027,2017-02-24,2017-02-28,2.0.2,2.0.3,2.0.3,[2.0.2],
SYNCOPE-1034,2017-02-28,2017-03-07,2.0.2,2.0.3,2.0.3,[2.0.2],
SYNCOPE-1040,2017-03-01,2017-03-01,2.0.2,2.0.3,2.0.3,[2.0.2],
SYNCOPE-1037,2017-03-01,2017-03-03,2.0.2,2.0.3,2.0.3,[2.0.2],
SYNCOPE-1036,2017-03-01,2017-03-03,2.0.2,2.0.3,2.0.3,[2.0.2],
SYNCOPE-1039,2017-03-01,2017-03-07,2.0.2,2.0.3,2.0.3,[2.0.2],
SYNCOPE-1038,2017-03-01,2017-03-07,2.0.2,2.0.3,2.0.3,[2.0.2],
SYNCOPE-1042,2017-03-07,2017-03-07,2.0.2,2.0.3,2.0.3,[2.0.2],
SYNCOPE-1043,2017-03-07,2017-03-10,2.0.2,2.0.3,2.0.3,[2.0.2],
SYNCOPE-1044,2017-03-13,2017-03-13,2.0.2,2.0.3,2.0.3,[2.0.2],
SYNCOPE-1046,2017-03-14,2017-03-14,2.0.2,2.0.3,2.0.3,[2.0.2],
SYNCOPE-1048,2017-03-17,2017-03-17,2.0.2,2.0.3,2.0.3,[2.0.2],
SYNCOPE-1049,2017-03-21,2017-03-21,2.0.2,2.0.3,2.0.3,[2.0.2],
SYNCOPE-1051,2017-03-28,2017-03-28,2.0.2,2.0.3,2.0.3,[2.0.2],
SYNCOPE-1052,2017-03-30,2017-04-03,1.2.10,2.0.3,2.0.3,[1.2.10, 2.0.2],
SYNCOPE-1060,2017-04-05,2017-04-10,2.0.2,2.0.3,2.0.3,[2.0.2],
SYNCOPE-1062,2017-04-06,2017-04-06,2.0.2,2.0.3,2.0.3,[2.0.2],
SYNCOPE-1066,2017-04-14,2017-04-18,2.0.2,2.0.3,2.0.4,[2.0.2, 2.0.3],
SYNCOPE-1069,2017-04-20,2017-04-20,2.0.2,2.0.4,2.0.4,[2.0.2, 2.0.3],
SYNCOPE-1070,2017-04-21,2017-04-21,1.2.10,2.0.4,2.0.4,[1.2.10, 2.0.3, 2.0.2, 2.0.3],
SYNCOPE-1071,2017-04-26,2017-04-26,2.0.3,2.0.4,2.0.4,[2.0.3],
SYNCOPE-1075,2017-05-05,2017-05-08,2.0.3,2.0.4,2.0.4,[2.0.3],
SYNCOPE-1076,2017-05-08,2017-05-08,2.0.3,2.0.4,2.0.4,[2.0.3],
SYNCOPE-1079,2017-05-09,2017-05-09,2.0.3,2.0.4,2.0.4,[2.0.3],
SYNCOPE-1082,2017-05-16,2017-05-16,2.0.3,2.0.4,2.0.4,[2.0.3],
SYNCOPE-1085,2017-05-19,2017-05-19,2.0.3,2.0.4,2.0.4,[2.0.3],
SYNCOPE-1089,2017-05-22,2017-05-22,2.0.3,2.0.4,2.0.4,[2.0.3],
SYNCOPE-1094,2017-05-24,2017-05-24,2.0.3,2.0.4,2.0.4,[2.0.3],
SYNCOPE-1091,2017-05-24,2017-05-24,2.0.3,2.0.4,2.0.4,[2.0.3],
SYNCOPE-1090,2017-05-24,2017-05-24,2.0.3,2.0.4,2.0.4,[2.0.3],
SYNCOPE-1098,2017-05-25,2017-05-25,2.0.3,2.0.4,2.0.4,[2.0.3],
SYNCOPE-1099,2017-05-26,2017-05-26,2.0.3,2.0.4,2.0.4,[2.0.3],
SYNCOPE-1102,2017-05-31,2017-06-06,1.1.5,2.0.4,2.0.4,[1.1.5, 1.1.6, 1.1.7, 1.1.8, 1.2.10, 1.1.6, 1.0.9, 1.1.7, 1.1.8, 1.2.0-M1, 1.2.0, 1.2.1, 1.2.2, 1.2.3, 1.2.4, 1.2.5, 1.2.6, 2.0.0-M1, 1.2.7, 2.0.0-M2, 1.2.8, 2.0.0-M3, 2.0.0-M4, 2.0.0.M5, 2.0.0, 1.2.9, 2.0.1, 1.2.10, 2.0.2, 2.0.3],
SYNCOPE-1104,2017-06-06,2017-06-12,2.0.3,2.0.4,2.0.4,[2.0.3],
SYNCOPE-1107,2017-06-12,2017-06-12,2.0.3,2.0.4,2.0.4,[2.0.3],
SYNCOPE-1109,2017-06-13,2017-06-13,2.0.3,2.0.4,2.0.4,[2.0.3],
SYNCOPE-1108,2017-06-13,2017-06-13,2.0.3,2.0.4,2.0.4,[2.0.3, 2.0.4],
SYNCOPE-1110,2017-06-15,2017-06-29,2.0.3,2.0.4,2.0.4,[2.0.3],
SYNCOPE-1111,2017-06-16,2017-06-30,2.0.3,2.0.4,2.0.4,[2.0.3],
SYNCOPE-1112,2017-06-19,2017-06-19,2.0.3,2.0.4,2.0.4,[2.0.3],
SYNCOPE-1114,2017-06-21,2017-06-22,2.0.3,2.0.4,2.0.4,[2.0.3],
SYNCOPE-1121,2017-06-23,2017-06-26,2.0.3,2.0.4,2.0.4,[2.0.3],
SYNCOPE-1123,2017-06-23,2017-06-27,2.0.3,2.0.4,2.0.4,[2.0.3],
SYNCOPE-1122,2017-06-23,2017-06-27,2.0.3,2.0.4,2.0.4,[2.0.3],
SYNCOPE-1125,2017-06-26,2017-06-28,2.0.3,2.0.4,2.0.4,[2.0.3],
SYNCOPE-1131,2017-06-27,2017-06-27,2.0.3,2.0.4,2.0.4,[2.0.3],
SYNCOPE-1130,2017-06-27,2017-06-27,2.0.3,2.0.4,2.0.4,[2.0.3],
SYNCOPE-1128,2017-06-27,2017-06-27,1.1.8,2.0.4,2.0.4,[1.1.8, 1.2.10, 2.0.3, 1.2.0-M1, 1.2.0, 1.2.1, 1.2.2, 1.2.3, 1.2.4, 1.2.5, 1.2.6, 2.0.0-M1, 1.2.7, 2.0.0-M2, 1.2.8, 2.0.0-M3, 2.0.0-M4, 2.0.0.M5, 2.0.0, 1.2.9, 2.0.1, 1.2.10, 2.0.2, 2.0.3],
SYNCOPE-1127,2017-06-27,2017-06-28,2.0.3,2.0.4,2.0.4,[2.0.3],
SYNCOPE-1133,2017-06-28,2017-06-28,2.0.3,2.0.4,2.0.4,[2.0.3],
SYNCOPE-1135,2017-06-28,2017-06-29,2.0.3,2.0.4,2.0.4,[2.0.3],
SYNCOPE-1134,2017-06-28,2017-06-29,2.0.3,2.0.4,2.0.4,[2.0.3],
SYNCOPE-1141,2017-07-04,2017-07-04,2.0.4,2.0.5,2.0.5,[2.0.4],
SYNCOPE-1149,2017-07-05,2017-07-05,2.0.4,2.0.5,2.0.5,[2.0.4],
SYNCOPE-1150,2017-07-10,2017-07-11,2.0.4,2.0.5,2.0.5,[2.0.4],
SYNCOPE-1151,2017-07-10,2017-07-13,2.0.4,2.0.5,2.0.5,[2.0.4],
SYNCOPE-1158,2017-07-12,2017-07-12,2.0.4,2.0.5,2.0.5,[2.0.4],
SYNCOPE-1162,2017-07-13,2017-07-13,2.0.4,2.0.5,2.0.5,[2.0.4],
SYNCOPE-1163,2017-07-14,2017-07-14,2.0.4,2.0.5,2.0.5,[2.0.4],
SYNCOPE-1166,2017-07-17,2017-07-28,2.0.4,2.0.5,2.0.5,[2.0.4],
SYNCOPE-1168,2017-07-18,2017-07-18,2.0.3,2.0.5,2.0.5,[2.0.3, 2.0.4],
SYNCOPE-1169,2017-07-19,2017-07-20,2.0.4,2.0.5,2.0.5,[2.0.4],
SYNCOPE-1170,2017-07-20,2017-07-31,2.0.3,2.0.5,2.0.5,[2.0.3, 2.0.4],
SYNCOPE-1174,2017-07-27,2017-07-27,2.0.4,2.0.5,2.0.5,[2.0.4],
SYNCOPE-1175,2017-07-27,2017-07-28,2.0.4,2.0.5,2.0.5,[2.0.4],
SYNCOPE-1179,2017-07-28,2017-07-28,2.0.4,2.0.5,2.0.5,[2.0.4],
SYNCOPE-1180,2017-07-28,2017-07-31,2.0.4,2.0.5,2.0.5,[2.0.4],
SYNCOPE-1178,2017-07-28,2017-08-02,2.0.3,2.0.5,2.0.5,[2.0.3, 2.0.4],
SYNCOPE-1184,2017-08-02,2017-08-03,2.0.4,2.0.5,2.0.5,[2.0.4],
SYNCOPE-1189,2017-08-07,2017-08-08,2.0.4,2.0.5,2.0.5,[2.0.4],
SYNCOPE-1188,2017-08-07,2017-08-08,2.0.4,2.0.5,2.0.5,[2.0.4],
SYNCOPE-1190,2017-08-07,2017-08-17,2.0.4,2.0.5,2.0.5,[2.0.4],
SYNCOPE-1193,2017-08-10,2017-08-11,2.0.4,2.0.5,2.0.5,[2.0.4],
SYNCOPE-1199,2017-08-17,2017-09-04,2.0.2,2.0.5,2.0.5,[2.0.2, 2.0.4, 2.0.3, 2.0.4],
SYNCOPE-1206,2017-09-08,2017-09-08,2.0.5,2.0.6,2.0.6,[2.0.5],
SYNCOPE-1205,2017-09-08,2017-09-29,2.0.5,2.0.6,2.0.6,[2.0.5],
SYNCOPE-1207,2017-09-12,2017-09-14,2.0.5,2.0.6,2.0.6,[2.0.5],
SYNCOPE-1210,2017-09-20,2017-09-20,1.2.10,2.0.6,2.0.6,[1.2.10, 2.0.5, 2.0.2, 2.0.3, 2.0.4, 2.0.5],
SYNCOPE-1211,2017-09-20,2017-09-22,2.0.0,2.0.6,2.0.6,[2.0.0, 2.0.5, 1.2.9, 2.0.1, 1.2.10, 2.0.2, 2.0.3, 2.0.4, 2.0.5],
SYNCOPE-1213,2017-09-26,2017-10-03,2.0.5,2.0.6,2.0.6,[2.0.5],
SYNCOPE-1214,2017-09-27,2017-09-27,2.0.5,2.0.6,2.0.6,[2.0.5],
SYNCOPE-1215,2017-09-27,2017-09-28,2.0.5,2.0.6,2.0.6,[2.0.5],
SYNCOPE-1216,2017-10-02,2017-10-02,2.0.4,2.0.6,2.0.6,[2.0.4, 2.0.5],
SYNCOPE-1217,2017-10-04,2017-10-04,2.0.5,2.0.6,2.0.6,[2.0.5],
SYNCOPE-1222,2017-10-11,2017-10-11,2.0.6,2.0.7,2.0.7,[2.0.6],
SYNCOPE-1221,2017-10-11,2017-10-11,2.0.6,2.0.7,2.0.7,[2.0.6],
SYNCOPE-1223,2017-10-12,2017-10-12,2.0.6,2.0.7,2.0.7,[2.0.6],
SYNCOPE-1224,2017-10-16,2017-10-16,2.0.6,2.0.7,2.0.7,[2.0.6],
SYNCOPE-1226,2017-10-24,2017-11-27,2.0.6,2.0.7,2.0.7,[2.0.6],
SYNCOPE-1227,2017-10-27,2017-11-13,2.0.6,2.0.7,2.0.7,[2.0.6],
SYNCOPE-1231,2017-10-31,2017-11-15,2.0.6,2.0.7,2.0.7,[2.0.6],
SYNCOPE-1230,2017-10-31,2017-11-15,2.0.6,2.0.7,2.0.7,[2.0.6],
SYNCOPE-1229,2017-10-31,2017-11-15,2.0.6,2.0.7,2.0.7,[2.0.6],
SYNCOPE-1232,2017-11-02,2017-11-02,2.0.6,2.0.7,2.0.7,[2.0.6],
SYNCOPE-1233,2017-11-09,2017-11-10,2.0.6,2.0.7,2.0.7,[2.0.6, 2.0.7],
SYNCOPE-1235,2017-11-15,2017-11-15,2.0.6,2.0.7,2.0.7,[2.0.6],
SYNCOPE-1236,2017-11-15,2017-11-17,2.0.6,2.0.7,2.0.7,[2.0.6],
SYNCOPE-1239,2017-11-25,2017-11-25,2.0.6,2.0.7,2.0.7,[2.0.6],
SYNCOPE-1241,2017-12-01,2017-12-01,2.0.6,2.0.7,2.0.7,[2.0.6],
SYNCOPE-1244,2017-12-03,2017-12-06,2.0.2,2.0.7,2.0.7,[2.0.2, 2.0.3, 2.0.4, 2.0.5, 2.0.6],
SYNCOPE-1246,2017-12-07,2017-12-14,2.0.6,2.0.7,2.0.7,[2.0.6],
SYNCOPE-1247,2017-12-07,2017-12-15,2.0.6,2.0.7,2.0.7,[2.0.6],
SYNCOPE-1248,2017-12-11,2017-12-12,2.0.6,2.0.7,2.0.7,[2.0.6],
SYNCOPE-1250,2017-12-13,2017-12-13,2.0.6,2.0.7,2.0.7,[2.0.6],
SYNCOPE-1251,2017-12-14,2017-12-14,2.0.6,2.0.7,2.0.7,[2.0.6],
SYNCOPE-1253,2017-12-18,2017-12-18,2.0.6,2.0.7,2.0.7,[2.0.6],
SYNCOPE-1252,2017-12-18,2017-12-18,2.0.6,2.0.7,2.0.7,[2.0.6],
SYNCOPE-1257,2017-12-28,2017-12-28,2.0.7,1.2.11,1.2.11,[2.0.7],
SYNCOPE-1261,2018-01-04,2018-01-04,2.0.7,1.2.11,1.2.11,[2.0.7],
SYNCOPE-1263,2018-01-22,2018-01-22,2.0.7,1.2.11,1.2.11,[2.0.7],
SYNCOPE-1265,2018-01-29,2018-01-29,2.0.7,1.2.11,1.2.11,[2.0.7],
SYNCOPE-1266,2018-01-30,2018-01-30,2.0.7,1.2.11,1.2.11,[2.0.7],
SYNCOPE-1269,2018-02-06,2018-02-22,2.0.7,1.2.11,1.2.11,[2.0.7],
SYNCOPE-1272,2018-02-09,2018-02-12,2.0.7,1.2.11,1.2.11,[2.0.7],
SYNCOPE-1275,2018-02-12,2018-02-21,2.0.7,1.2.11,1.2.11,[2.0.7],
SYNCOPE-1276,2018-02-13,2018-02-20,2.0.7,1.2.11,1.2.11,[2.0.7],
SYNCOPE-1282,2018-03-15,2018-03-15,2.0.8,2.0.9,2.0.9,[2.0.8],
SYNCOPE-1285,2018-03-22,2018-03-22,2.0.8,2.0.9,2.0.9,[2.0.8],
SYNCOPE-1288,2018-03-29,2018-04-05,1.2.11,2.0.9,2.0.9,[1.2.11, 2.0.8],
SYNCOPE-1290,2018-04-02,2018-04-03,2.0.8,2.0.9,2.0.9,[2.0.8],
SYNCOPE-1291,2018-04-03,2018-04-03,2.0.8,2.0.9,2.0.9,[2.0.8],
SYNCOPE-1294,2018-04-04,2018-04-04,2.0.8,2.0.9,2.0.9,[2.0.8, 2.1.0],
SYNCOPE-1293,2018-04-04,2018-04-05,1.2.11,2.0.9,2.0.9,[1.2.11, 2.0.8, 2.0.8],
SYNCOPE-1296,2018-04-06,2018-04-09,1.2.11,2.0.9,2.0.9,[1.2.11, 2.0.8],
SYNCOPE-1297,2018-04-09,2018-06-08,2.0.8,2.0.9,2.0.9,[2.0.8],
SYNCOPE-1298,2018-04-10,2018-04-10,2.0.8,2.0.9,2.0.9,[2.0.8],
SYNCOPE-1301,2018-04-12,2018-04-13,2.0.8,2.0.9,2.0.9,[2.0.8],
SYNCOPE-1304,2018-04-23,2018-04-23,2.0.8,2.0.9,2.0.9,[2.0.8],
SYNCOPE-1303,2018-04-23,2018-04-23,1.2.11,2.0.9,2.0.9,[1.2.11, 2.0.8],
SYNCOPE-1306,2018-04-24,2018-04-26,2.0.8,2.0.9,2.0.9,[2.0.8],
SYNCOPE-1307,2018-04-26,2018-04-26,2.0.8,2.0.9,2.0.9,[2.0.8],
SYNCOPE-1308,2018-05-03,2018-05-07,2.0.8,2.0.9,2.0.9,[2.0.8],
SYNCOPE-1309,2018-05-11,2018-05-29,2.0.8,2.0.9,2.0.9,[2.0.8],
SYNCOPE-1312,2018-05-15,2018-05-28,2.0.8,2.0.9,2.0.9,[2.0.8],
SYNCOPE-1314,2018-05-22,2018-05-24,2.0.8,2.0.9,2.0.9,[2.0.8],
SYNCOPE-1315,2018-05-22,2018-05-28,2.0.8,2.0.9,2.0.9,[2.0.8],
SYNCOPE-1317,2018-05-27,2018-05-28,2.0.8,2.0.9,2.0.9,[2.0.8],
SYNCOPE-1319,2018-05-29,2018-05-29,2.0.8,2.0.9,2.0.9,[2.0.8],
SYNCOPE-1318,2018-05-29,2018-05-29,2.0.8,2.0.9,2.0.9,[2.0.8],
SYNCOPE-1320,2018-06-01,2018-06-01,2.0.8,2.0.9,2.0.9,[2.0.8],
SYNCOPE-1321,2018-06-11,2018-06-20,2.0.8,2.0.9,2.0.9,[2.0.8],
SYNCOPE-1326,2018-06-22,2018-06-22,2.0.8,2.0.9,2.0.9,[2.0.8, 2.1.0],
SYNCOPE-1330,2018-07-02,2018-07-02,2.0.8,2.1.0,2.1.0,[2.0.8, 2.0.9],
SYNCOPE-1331,2018-07-06,2018-07-06,2.1.0,2.0.10,2.0.10,[2.1.0],
SYNCOPE-1333,2018-07-09,2018-07-10,2.0.9,2.0.10,2.0.10,[2.0.9, 2.1.0, 2.1.0],
SYNCOPE-1334,2018-07-10,2018-07-10,2.1.0,2.0.10,2.0.10,[2.1.0],
SYNCOPE-1335,2018-07-11,2018-07-11,2.1.0,2.0.10,2.0.10,[2.1.0],
SYNCOPE-1337,2018-07-13,2018-07-13,2.0.9,2.0.10,2.0.10,[2.0.9, 2.1.0, 2.1.0],
SYNCOPE-1338,2018-07-16,2018-07-16,2.0.9,2.0.10,2.0.10,[2.0.9, 2.1.0, 2.1.0],
SYNCOPE-1339,2018-07-16,2018-08-08,2.0.9,2.0.10,2.0.10,[2.0.9, 2.1.0, 2.1.0],
SYNCOPE-1340,2018-07-20,2018-07-21,2.0.9,2.0.10,2.0.10,[2.0.9, 2.1.0, 2.1.0],
SYNCOPE-1342,2018-07-22,2018-07-23,2.1.0,2.0.10,2.0.10,[2.1.0],
SYNCOPE-1343,2018-07-24,2018-07-26,2.0.9,2.0.10,2.0.10,[2.0.9, 2.1.0, 2.1.0],
SYNCOPE-1346,2018-07-26,2018-07-27,2.0.9,2.0.10,2.0.10,[2.0.9, 2.1.0, 2.1.0],
SYNCOPE-1347,2018-07-31,2018-07-31,2.0.9,2.0.10,2.0.10,[2.0.9, 2.1.0, 2.1.0],
SYNCOPE-1350,2018-08-09,2018-08-09,2.0.9,2.0.10,2.0.10,[2.0.9, 2.1.0, 2.1.0],
SYNCOPE-1352,2018-08-10,2018-08-10,2.0.9,2.0.10,2.0.10,[2.0.9, 2.1.0, 2.1.0],
SYNCOPE-1353,2018-08-11,2018-08-11,2.0.9,2.0.10,2.0.10,[2.0.9, 2.1.0, 2.1.0],
SYNCOPE-1354,2018-08-13,2018-08-13,2.0.9,2.0.10,2.0.10,[2.0.9, 2.1.0, 2.1.0],
SYNCOPE-1358,2018-08-16,2018-08-16,2.0.9,2.0.10,2.0.10,[2.0.9, 2.1.0, 2.1.0],
SYNCOPE-1357,2018-08-16,2018-08-16,2.0.9,2.0.10,2.0.10,[2.0.9, 2.1.0, 2.1.0],
SYNCOPE-1356,2018-08-16,2018-08-16,2.0.9,2.0.10,2.0.10,[2.0.9, 2.1.0, 2.1.0],
SYNCOPE-1360,2018-09-03,2018-09-03,2.0.10,2.0.11,2.0.11,[2.0.10, 2.1.1, 2.1.1],
SYNCOPE-1361,2018-09-04,2018-09-05,2.0.10,2.0.11,2.0.11,[2.0.10, 2.1.1, 2.1.1],
SYNCOPE-1366,2018-09-05,2018-09-05,2.0.10,2.0.11,2.0.11,[2.0.10, 2.1.1, 2.1.1],
SYNCOPE-1365,2018-09-05,2018-09-05,2.1.1,2.0.11,2.0.11,[2.1.1],
SYNCOPE-1364,2018-09-05,2018-09-05,2.1.1,2.0.11,2.0.11,[2.1.1],
SYNCOPE-1363,2018-09-05,2018-09-05,2.1.1,2.0.11,2.0.11,[2.1.1],
SYNCOPE-1362,2018-09-05,2018-09-05,2.1.1,2.0.11,2.0.11,[2.1.1],
SYNCOPE-1370,2018-09-12,2018-09-12,2.0.10,2.0.11,2.0.11,[2.0.10, 2.1.1, 2.1.1],
SYNCOPE-1371,2018-09-13,2018-09-13,2.1.1,2.0.11,2.0.11,[2.1.1],
SYNCOPE-1372,2018-09-17,2018-09-17,2.0.10,2.0.11,2.0.11,[2.0.10, 2.1.1, 2.1.1],
SYNCOPE-1373,2018-09-17,2018-09-20,2.1.0,2.0.11,2.0.11,[2.1.0, 2.1.1, 2.0.10, 2.1.1],
SYNCOPE-1374,2018-09-20,2018-09-20,2.0.10,2.0.11,2.0.11,[2.0.10, 2.1.1, 2.1.1],
SYNCOPE-1375,2018-09-26,2018-09-26,2.0.10,2.0.11,2.0.11,[2.0.10, 2.1.1, 2.1.1],
SYNCOPE-1376,2018-09-27,2018-10-05,2.0.10,2.0.11,2.0.11,[2.0.10, 2.1.1, 2.1.1],
SYNCOPE-1377,2018-10-01,2018-10-01,2.0.10,2.0.11,2.0.11,[2.0.10, 2.1.1, 2.1.1],
SYNCOPE-1380,2018-10-10,2018-10-10,2.0.10,2.0.11,2.0.11,[2.0.10, 2.1.1, 2.1.1],
SYNCOPE-1383,2018-10-11,2018-10-11,2.0.10,2.0.11,2.0.11,[2.0.10, 2.1.1, 2.1.1],
SYNCOPE-1387,2018-10-23,2018-10-23,2.0.8,2.0.11,2.0.11,[2.0.8, 2.0.9, 2.1.0, 2.0.10, 2.1.1],
SYNCOPE-1388,2018-10-23,2018-10-30,2.0.8,2.0.11,2.0.11,[2.0.8, 2.1.1, 2.0.9, 2.1.0, 2.0.10, 2.1.1],
SYNCOPE-1389,2018-10-24,2018-10-24,2.0.10,2.0.11,2.0.11,[2.0.10, 2.1.1, 2.1.1],
SYNCOPE-1390,2018-11-01,2018-11-02,2.0.10,2.0.11,2.0.11,[2.0.10, 2.1.1, 2.1.1],
SYNCOPE-1393,2018-11-05,2018-11-05,2.0.10,2.0.12,2.0.12,[2.0.10, 2.1.1, 2.1.1, 2.0.11, 2.1.2],
SYNCOPE-1398,2018-11-19,2018-11-20,2.0.11,2.0.12,2.0.12,[2.0.11, 2.1.2],
SYNCOPE-1399,2018-11-20,2018-11-20,2.0.11,2.0.12,2.0.12,[2.0.11, 2.1.2],
SYNCOPE-1404,2018-11-28,2018-11-28,2.0.11,2.0.12,2.0.12,[2.0.11, 2.1.2],
SYNCOPE-1406,2018-12-03,2018-12-03,2.1.2,2.0.12,2.0.12,[2.1.2],
SYNCOPE-1405,2018-12-03,2018-12-03,2.0.11,2.0.12,2.0.12,[2.0.11, 2.1.2, 2.1.2],
SYNCOPE-1407,2018-12-04,2018-12-04,2.0.11,2.0.12,2.0.12,[2.0.11, 2.1.2, 2.1.2],
SYNCOPE-1408,2018-12-05,2018-12-05,2.0.11,2.0.12,2.0.12,[2.0.11, 2.1.2, 2.1.2],
SYNCOPE-1411,2018-12-10,2018-12-10,2.0.11,2.0.12,2.0.12,[2.0.11, 2.1.2, 2.1.2],
SYNCOPE-1417,2018-12-13,2018-12-14,2.0.11,2.0.12,2.0.12,[2.0.11, 2.1.2, 2.1.2],
SYNCOPE-1419,2018-12-20,2018-12-20,2.0.11,2.0.12,2.0.12,[2.0.11, 2.1.2, 2.1.2],
SYNCOPE-1420,2018-12-21,2018-12-21,2.0.11,2.0.12,2.0.12,[2.0.11, 2.1.2, 2.1.2],
SYNCOPE-1425,2019-01-17,2019-01-17,2.0.11,2.0.12,2.0.12,[2.0.11, 2.1.2, 2.1.2],
SYNCOPE-1428,2019-01-25,2019-01-25,2.0.12,2.0.13,2.0.13,[2.0.12, 2.1.3, 2.1.3],
SYNCOPE-1429,2019-01-25,2019-01-30,2.0.12,2.0.13,2.0.13,[2.0.12, 2.1.3, 2.1.3],
SYNCOPE-1430,2019-01-28,2019-01-29,2.0.12,2.0.13,2.0.13,[2.0.12, 2.1.3, 2.1.3],
SYNCOPE-1431,2019-02-05,2019-02-05,2.1.3,2.0.13,2.0.13,[2.1.3],
SYNCOPE-1432,2019-02-05,2019-03-04,2.1.3,2.0.13,2.0.13,[2.1.3],
SYNCOPE-1437,2019-02-19,2019-02-20,2.1.3,2.0.13,2.0.13,[2.1.3],
SYNCOPE-1438,2019-02-20,2019-02-20,2.0.12,2.0.13,2.0.13,[2.0.12, 2.1.3, 2.1.3],
SYNCOPE-1439,2019-02-20,2019-03-07,2.0.12,2.0.13,2.0.13,[2.0.12, 2.1.3, 2.1.3],
SYNCOPE-1440,2019-02-21,2019-03-04,2.0.12,2.0.13,2.0.13,[2.0.12, 2.1.3, 2.1.3],
SYNCOPE-1442,2019-02-26,2019-03-04,2.0.12,2.0.13,2.0.13,[2.0.12, 2.1.3, 2.1.3],
SYNCOPE-1443,2019-02-28,2019-03-04,2.0.12,2.0.13,2.0.13,[2.0.12, 2.1.3, 2.1.3],
SYNCOPE-1446,2019-03-08,2019-03-12,2.1.3,2.0.13,2.0.13,[2.1.3],
SYNCOPE-1447,2019-03-11,2019-03-11,2.1.3,2.0.13,2.0.13,[2.1.3],
SYNCOPE-1448,2019-03-11,2019-03-25,2.1.3,2.0.13,2.0.13,[2.1.3],
SYNCOPE-1450,2019-03-12,2019-03-12,2.0.12,2.0.13,2.0.13,[2.0.12, 2.1.3, 2.1.3],
SYNCOPE-1452,2019-03-25,2019-03-26,2.0.12,2.0.13,2.0.13,[2.0.12, 2.1.3, 2.1.3],
SYNCOPE-1453,2019-03-27,2019-03-27,2.0.12,2.0.13,2.0.13,[2.0.12, 2.1.3, 2.1.3],
SYNCOPE-1454,2019-04-02,2019-04-02,2.0.12,2.0.13,2.0.13,[2.0.12, 2.1.3, 2.1.3],
SYNCOPE-1457,2019-04-05,2019-04-08,2.0.12,2.0.13,2.0.13,[2.0.12, 2.1.3, 2.1.3],
SYNCOPE-1462,2019-04-29,2019-06-06,2.1.4,2.0.14,2.0.14,[2.1.4],
SYNCOPE-1467,2019-05-03,2019-05-07,2.0.13,2.0.14,2.0.14,[2.0.13, 2.1.4, 2.1.4],
SYNCOPE-1470,2019-05-07,2019-05-07,2.1.4,2.0.14,2.0.14,[2.1.4],
SYNCOPE-1469,2019-05-07,2019-05-07,2.1.4,2.0.14,2.0.14,[2.1.4],
SYNCOPE-1472,2019-05-17,2019-05-21,2.0.13,2.0.14,2.0.14,[2.0.13, 2.1.4, 2.1.4],
SYNCOPE-1474,2019-05-24,2019-09-11,2.1.4,2.0.14,2.0.14,[2.1.4],
SYNCOPE-1475,2019-05-29,2019-05-30,2.0.13,2.0.14,2.0.14,[2.0.13, 2.1.4],
SYNCOPE-1476,2019-06-03,2019-06-04,2.0.13,2.0.14,2.0.14,[2.0.13, 2.1.4, 2.1.4],
SYNCOPE-1477,2019-06-05,2019-06-05,2.0.13,2.0.14,2.0.14,[2.0.13, 2.1.4, 2.1.4],
SYNCOPE-1478,2019-06-25,2019-09-11,2.1.4,2.0.14,2.0.14,[2.1.4],
SYNCOPE-1480,2019-07-25,2019-09-11,2.0.13,2.0.14,2.0.14,[2.0.13, 2.1.4, 2.1.4],
SYNCOPE-1481,2019-08-07,2019-08-13,2.0.13,2.0.14,2.0.14,[2.0.13, 2.1.4, 2.1.4],
SYNCOPE-1485,2019-09-04,2019-09-04,2.0.13,2.0.14,2.0.14,[2.0.13, 2.1.4, 2.1.4],
SYNCOPE-1492,2019-09-09,2019-09-10,2.0.13,2.0.14,2.0.14,[2.0.13, 2.1.4],
SYNCOPE-1487,2019-09-09,2019-09-10,2.0.13,2.0.14,2.0.14,[2.0.13, 2.1.4, 3.0.0-M0, 2.1.4],
SYNCOPE-1493,2019-09-10,2019-09-10,2.0.13,2.0.14,2.0.14,[2.0.13, 2.1.4, 2.1.4],
SYNCOPE-1503,2019-10-10,2019-10-17,2.1.5,2.0.15,2.0.15,[2.1.5],
SYNCOPE-1504,2019-10-15,2019-10-15,2.1.5,2.0.15,2.0.15,[2.1.5],
SYNCOPE-1505,2019-10-29,2019-11-08,2.0.14,2.0.15,2.0.15,[2.0.14, 2.1.5, 3.0.0-M0, 2.1.5],
SYNCOPE-1512,2019-11-18,2019-11-23,2.1.5,2.0.15,2.0.15,[2.1.5],
SYNCOPE-1520,2019-12-02,2019-12-02,2.1.5,2.0.15,2.0.15,[2.1.5],
SYNCOPE-1524,2019-12-11,2019-12-12,2.0.14,2.0.15,2.0.15,[2.0.14, 2.1.5, 2.1.5],
SYNCOPE-1526,2019-12-12,2019-12-12,2.0.14,2.0.15,2.0.15,[2.0.14, 2.1.5, 2.1.5],
SYNCOPE-1525,2019-12-12,2019-12-12,2.0.14,2.0.15,2.0.15,[2.0.14, 2.1.5, 2.1.5],
SYNCOPE-1533,2020-01-14,2020-01-15,2.1.5,2.0.15,2.0.15,[2.1.5],
SYNCOPE-1536,2020-01-28,2020-01-28,2.1.5,2.0.15,2.0.15,[2.1.5],
SYNCOPE-1537,2020-01-30,2020-02-26,2.1.5,2.0.15,2.0.15,[2.1.5],
SYNCOPE-1538,2020-01-31,2020-02-20,2.1.5,2.0.15,2.0.15,[2.1.5],
SYNCOPE-1539,2020-02-03,2020-02-04,2.0.14,2.0.15,2.0.15,[2.0.14, 2.1.5, 2.1.5],
SYNCOPE-1542,2020-02-13,2020-03-17,2.1.5,2.0.15,2.0.15,[2.1.5],
SYNCOPE-1544,2020-02-20,2020-02-26,2.1.5,2.0.15,2.0.15,[2.1.5],
SYNCOPE-1546,2020-03-06,2020-03-06,2.0.14,2.0.15,2.0.15,[2.0.14, 2.1.5, 2.1.5],
SYNCOPE-1549,2020-03-19,2020-08-24,2.0.14,2.0.15,2.0.16,[2.0.14, 2.1.5, 2.1.5, 2.0.15, 2.1.6],
SYNCOPE-1554,2020-04-17,2020-04-23,2.1.5,2.0.15,2.0.15,[2.1.5],
SYNCOPE-1560,2020-05-12,2020-05-12,2.0.15,2.0.16,2.0.16,[2.0.15, 2.1.6, 2.1.6],
SYNCOPE-1561,2020-05-13,2020-05-13,2.1.6,2.0.16,2.0.16,[2.1.6],
SYNCOPE-1563,2020-05-15,2020-05-15,2.1.6,2.0.16,2.0.16,[2.1.6],
SYNCOPE-1564,2020-05-18,2020-05-19,2.0.15,2.0.16,2.0.16,[2.0.15, 2.1.6, 2.1.6],
SYNCOPE-1565,2020-05-18,2020-06-04,2.0.15,2.0.16,2.0.16,[2.0.15, 2.1.6, 2.1.6],
SYNCOPE-1567,2020-05-19,2020-05-20,2.0.15,2.0.16,2.0.16,[2.0.15, 2.1.6, 2.1.6],
SYNCOPE-1569,2020-06-11,2020-06-11,2.1.6,2.0.16,2.0.16,[2.1.6],
SYNCOPE-1573,2020-06-30,2020-06-30,2.0.15,2.0.16,2.0.16,[2.0.15, 2.1.6, 2.1.6],
SYNCOPE-1581,2020-07-17,2020-07-17,2.1.6,2.0.16,2.0.16,[2.1.6],
SYNCOPE-1583,2020-07-21,2020-07-22,2.0.15,2.0.16,2.0.16,[2.0.15, 2.1.6, 2.1.6],
SYNCOPE-1586,2020-09-08,2020-09-08,2.1.6,2.0.16,2.0.16,[2.1.6],
SYNCOPE-1590,2020-09-14,2020-09-14,2.1.7,2.1.8,2.1.8,[2.1.7],
SYNCOPE-1596,2020-10-26,2020-10-26,2.1.7,2.1.8,2.1.8,[2.1.7],
SYNCOPE-1598,2020-11-05,2020-11-05,2.0.16,2.1.8,2.1.8,[2.0.16, 2.1.7, 2.1.7],
SYNCOPE-1601,2020-11-17,2020-11-17,2.1.7,2.1.8,2.1.8,[2.1.7],
SYNCOPE-1602,2020-11-18,2020-11-18,2.1.7,2.1.8,2.1.8,[2.1.7],
SYNCOPE-1603,2020-11-19,2020-11-19,2.1.7,2.1.8,2.1.8,[2.1.7],
SYNCOPE-1604,2020-11-24,2020-11-25,2.1.7,2.1.8,2.1.8,[2.1.7],
SYNCOPE-1605,2020-12-01,2020-12-02,2.1.7,2.1.8,2.1.8,[2.1.7, 3.0.0-M0],
SYNCOPE-1606,2020-12-22,2020-12-22,2.1.8,2.1.9,2.1.9,[2.1.8],
SYNCOPE-1607,2021-01-08,2021-01-08,2.0.16,2.1.9,2.1.9,[2.0.16, 2.1.8, 2.1.7, 2.1.8],
SYNCOPE-1613,2021-01-26,2021-01-26,2.1.3,2.1.9,2.1.9,[2.1.3, 2.0.13, 2.1.4, 2.0.14, 2.1.5, 2.0.15, 2.1.6, 2.0.16, 2.1.7, 2.1.8],
SYNCOPE-1616,2021-02-05,2021-02-05,2.1.7,2.1.9,2.1.9,[2.1.7, 2.1.8, 2.1.8],
SYNCOPE-1619,2021-02-26,2021-02-26,2.1.8,2.1.9,2.1.9,[2.1.8],
SYNCOPE-1620,2021-03-04,2021-03-04,2.0.16,2.1.9,2.1.9,[2.0.16, 2.1.8, 2.1.7, 2.1.8],
SYNCOPE-1622,2021-03-17,2021-03-17,2.0.16,2.1.9,2.1.9,[2.0.16, 2.1.8, 2.1.7, 2.1.8],
SYNCOPE-1623,2021-03-19,2021-03-19,2.1.7,2.1.9,2.1.9,[2.1.7, 2.1.8],
SYNCOPE-1626,2021-04-02,2021-04-05,2.1.7,2.1.9,2.1.9,[2.1.7, 2.1.8],
SYNCOPE-1627,2021-04-12,2021-04-13,2.1.8,2.1.10,2.1.10,[2.1.8, 2.1.9],
SYNCOPE-1628,2021-04-14,2021-04-14,2.0.16,2.1.10,2.1.10,[2.0.16, 2.1.9, 2.1.7, 2.1.8, 2.1.9],
SYNCOPE-1629,2021-04-15,2021-04-15,2.1.9,2.1.10,2.1.10,[2.1.9],
SYNCOPE-1634,2021-05-18,2021-05-18,2.1.6,2.1.10,2.1.10,[2.1.6, 2.1.9, 2.0.16, 2.1.7, 2.1.8, 2.1.9],
SYNCOPE-1635,2021-05-20,2021-05-21,2.1.6,2.1.10,2.1.10,[2.1.6, 2.1.9, 2.0.16, 2.1.7, 2.1.8, 2.1.9],
SYNCOPE-1640,2021-08-12,2021-08-14,2.0.16,2.1.10,2.1.10,[2.0.16, 2.1.9, 2.1.7, 2.1.8, 2.1.9],
SYNCOPE-1643,2021-09-17,2021-09-17,2.1.9,2.1.10,2.1.10,[2.1.9],
SYNCOPE-1644,2021-09-28,2021-09-28,2.1.9,2.1.10,2.1.10,[2.1.9],
SYNCOPE-1648,2021-11-05,2021-11-05,2.1.10,2.1.11,2.1.11,[2.1.10],
SYNCOPE-1649,2021-11-10,2021-11-10,2.1.10,2.1.11,2.1.11,[2.1.10],
SYNCOPE-1650,2021-11-12,2021-11-12,2.1.10,2.1.11,2.1.11,[2.1.10],
SYNCOPE-1651,2021-11-24,2021-11-24,2.1.10,2.1.11,2.1.11,[2.1.10],
SYNCOPE-1654,2021-11-29,2021-11-29,2.1.10,2.1.11,2.1.11,[2.1.10],
SYNCOPE-1656,2022-01-12,2022-03-17,2.1.10,2.1.11,2.1.11,[2.1.10],
SYNCOPE-1657,2022-01-17,2022-02-04,2.1.10,2.1.11,2.1.11,[2.1.10],
SYNCOPE-1659,2022-01-20,2022-03-10,2.1.10,2.1.11,2.1.11,[2.1.10],
SYNCOPE-1660,2022-01-27,2022-01-27,2.1.10,2.1.11,2.1.11,[2.1.10],
SYNCOPE-1663,2022-02-05,2022-02-05,2.1.10,2.1.11,2.1.11,[2.1.10],
SYNCOPE-1664,2022-02-24,2022-02-25,2.1.10,2.1.11,2.1.11,[2.1.10, 3.0.0-M0],
SYNCOPE-1671,2022-04-06,2022-04-06,2.1.11,2.1.12,2.1.12,[2.1.11],
SYNCOPE-1683,2022-06-21,2022-06-21,2.1.11,2.1.12,2.1.12,[2.1.11, 3.0.0-M0],
SYNCOPE-1686,2022-06-28,2024-12-02,2.1.11,2.1.12,3.0.10,[2.1.11, 3.0.9, 2.1.12, 3.0.0-M0, 3.0.0-M1, 3.0.0-M2, 3.0.0, 2.1.13, 3.0.1, 3.0.2, 2.1.14, 3.0.3, 3.0.4, 3.0.5, 3.0.6, 3.0.7, 3.0.8, 3.0.9],
SYNCOPE-1691,2022-08-03,2022-08-03,2.1.11,2.1.12,2.1.12,[2.1.11],
SYNCOPE-1693,2022-08-26,2022-09-01,2.1.12,3.0.0-M1,3.0.0-M1,[2.1.12, 3.0.0-M0, 3.0.0-M0],
SYNCOPE-1701,2022-10-18,2022-10-18,3.0.0-M0,3.0.0-M2,3.0.0-M2,[3.0.0-M0, 3.0.0-M1, 3.0.0-M1],
SYNCOPE-1704,2022-10-26,2022-10-26,2.1.12,3.0.0-M2,3.0.0-M2,[2.1.12, 3.0.0-M1, 3.0.0-M0, 3.0.0-M1],
SYNCOPE-1706,2022-10-28,2022-10-29,2.1.12,3.0.0,3.0.0,[2.1.12, 3.0.0-M1, 3.0.0-M0, 3.0.0-M1, 3.0.0-M2],
SYNCOPE-1707,2022-10-31,2022-10-31,3.0.0-M1,3.0.0,3.0.0,[3.0.0-M1, 3.0.0-M2, 3.0.0-M2],
SYNCOPE-1711,2022-11-16,2022-11-17,3.0.0,2.1.13,2.1.13,[3.0.0],
SYNCOPE-1712,2022-11-17,2022-11-17,3.0.0,2.1.13,2.1.13,[3.0.0],
SYNCOPE-1715,2022-12-16,2022-12-16,3.0.0,3.0.1,3.0.1,[3.0.0, 2.1.13],
SYNCOPE-1725,2023-01-23,2023-01-23,3.0.1,3.0.2,3.0.2,[3.0.1],
SYNCOPE-1726,2023-01-25,2023-02-01,3.0.1,3.0.2,3.0.2,[3.0.1],
SYNCOPE-1727,2023-02-04,2023-02-04,2.1.13,3.0.2,3.0.2,[2.1.13, 3.0.1, 3.0.1],
SYNCOPE-1730,2023-02-13,2023-02-13,3.0.1,3.0.2,3.0.2,[3.0.1],
SYNCOPE-1731,2023-02-21,2023-02-21,2.1.13,2.1.14,2.1.14,[2.1.13, 3.0.2, 3.0.1, 3.0.2],
SYNCOPE-1734,2023-02-23,2023-02-24,2.1.13,2.1.14,2.1.14,[2.1.13, 3.0.2, 3.0.1, 3.0.2],
SYNCOPE-1735,2023-02-24,2023-02-24,3.0.2,2.1.14,2.1.14,[3.0.2],
SYNCOPE-1736,2023-02-28,2023-03-04,2.1.13,2.1.14,2.1.14,[2.1.13, 3.0.2, 3.0.1, 3.0.2],
SYNCOPE-1737,2023-03-02,2023-03-04,3.0.2,2.1.14,2.1.14,[3.0.2],
SYNCOPE-1739,2023-03-08,2023-03-08,3.0.2,2.1.14,2.1.14,[3.0.2],
SYNCOPE-1742,2023-03-16,2023-03-17,3.0.2,2.1.14,2.1.14,[3.0.2],
SYNCOPE-1749,2023-04-03,2023-04-04,2.1.13,2.1.14,2.1.14,[2.1.13, 3.0.2, 3.0.1, 3.0.2],
SYNCOPE-1750,2023-04-06,2023-04-12,2.1.13,2.1.14,2.1.14,[2.1.13, 3.0.2, 3.0.1, 3.0.2],
SYNCOPE-1756,2023-05-05,2023-05-05,2.1.13,2.1.14,2.1.14,[2.1.13, 3.0.1, 3.0.2],
SYNCOPE-1761,2023-05-30,2023-05-31,3.0.3,3.0.4,3.0.4,[3.0.3],
SYNCOPE-1764,2023-06-08,2023-09-06,3.0.3,3.0.4,3.0.5,[3.0.3, 3.0.4],
SYNCOPE-1766,2023-06-16,2023-06-16,2.1.14,3.0.4,3.0.4,[2.1.14, 3.0.3],
SYNCOPE-1767,2023-06-21,2023-06-22,2.1.14,3.0.4,3.0.4,[2.1.14, 3.0.3, 3.0.3],
SYNCOPE-1770,2023-07-10,2023-07-11,3.0.4,3.0.5,3.0.5,[3.0.4],
SYNCOPE-1774,2023-08-16,2023-08-18,3.0.4,3.0.5,3.0.5,[3.0.4, 4.0.0-M0],
SYNCOPE-1777,2023-09-28,2023-09-28,3.0.4,3.0.5,3.0.5,[3.0.4],
SYNCOPE-1778,2023-10-03,2023-10-03,3.0.5,3.0.6,3.0.6,[3.0.5],
SYNCOPE-1785,2023-10-28,2023-10-28,3.0.5,3.0.6,3.0.6,[3.0.5],
SYNCOPE-1790,2023-11-17,2023-11-18,3.0.5,3.0.6,3.0.6,[3.0.5],
SYNCOPE-1791,2023-11-27,2023-12-12,3.0.5,3.0.6,3.0.6,[3.0.5],
SYNCOPE-1792,2023-12-05,2023-12-08,3.0.5,3.0.6,3.0.6,[3.0.5],
SYNCOPE-1793,2023-12-07,2023-12-09,3.0.5,3.0.6,3.0.6,[3.0.5],
SYNCOPE-1794,2023-12-14,2023-12-14,3.0.5,3.0.6,3.0.6,[3.0.5],
SYNCOPE-1798,2023-12-27,2023-12-27,3.0.6,3.0.7,3.0.7,[3.0.6],
SYNCOPE-1800,2024-01-04,2024-01-04,3.0.6,3.0.7,3.0.7,[3.0.6],
SYNCOPE-1803,2024-02-16,2024-02-19,3.0.6,3.0.7,3.0.7,[3.0.6],
SYNCOPE-1806,2024-02-21,2024-03-06,2.1.13,3.0.7,3.0.7,[2.1.13, 3.0.6, 3.0.1, 3.0.2, 2.1.14, 3.0.3, 3.0.4, 3.0.5, 3.0.6],
SYNCOPE-1808,2024-02-29,2024-03-01,3.0.6,3.0.7,3.0.7,[3.0.6],
SYNCOPE-1812,2024-04-04,2024-04-05,3.0.6,3.0.7,3.0.7,[3.0.6],
SYNCOPE-1813,2024-04-08,2024-04-12,3.0.6,3.0.7,3.0.7,[3.0.6],
SYNCOPE-1817,2024-04-18,2024-04-18,3.0.6,3.0.7,3.0.7,[3.0.6],
SYNCOPE-1820,2024-05-09,2024-05-09,3.0.6,3.0.7,3.0.7,[3.0.6, 3.0.7, 4.0.0-M0],
SYNCOPE-1825,2024-08-02,2024-08-02,3.0.8,3.0.9,3.0.9,[3.0.8],
SYNCOPE-1828,2024-10-04,2024-10-04,3.0.8,3.0.9,3.0.9,[3.0.8],
SYNCOPE-1831,2024-10-18,2024-10-18,3.0.8,3.0.9,3.0.9,[3.0.8],
SYNCOPE-1837,2024-11-04,2024-11-06,3.0.9,3.0.10,3.0.10,[3.0.9],
SYNCOPE-1839,2024-11-05,2024-11-05,3.0.9,3.0.10,3.0.10,[3.0.9],
SYNCOPE-1838,2024-11-05,2024-11-05,3.0.9,3.0.10,3.0.10,[3.0.9],
SYNCOPE-1840,2024-11-06,2024-11-07,3.0.9,3.0.10,3.0.10,[3.0.9],
SYNCOPE-1848,2024-12-17,2024-12-17,3.0.9,3.0.10,3.0.10,[3.0.9],
SYNCOPE-1849,2024-12-31,2024-12-31,3.0.10,3.0.11,3.0.11,[3.0.10, 4.0.0-M0, 4.0.0-M0],
SYNCOPE-1850,2024-12-31,2025-01-03,4.0.0-M0,3.0.11,3.0.11,[4.0.0-M0],
SYNCOPE-1851,2025-01-02,2025-01-03,3.0.10,3.0.11,3.0.11,[3.0.10, 4.0.0-M0, 4.0.0-M0],
SYNCOPE-1856,2025-01-21,2025-01-23,3.0.10,3.0.11,3.0.11,[3.0.10, 4.0.0-M0, 4.0.0-M0],
SYNCOPE-1857,2025-01-23,2025-01-29,4.0.0-M0,3.0.11,3.0.11,[4.0.0-M0],
SYNCOPE-1858,2025-01-28,2025-01-29,3.0.10,3.0.11,3.0.11,[3.0.10, 4.0.0-M0],
SYNCOPE-1860,2025-02-01,2025-02-01,3.0.10,3.0.11,3.0.11,[3.0.10, 4.0.0-M0, 4.0.0-M0],
SYNCOPE-1862,2025-02-04,2025-02-05,4.0.0-M0,3.0.11,3.0.11,[4.0.0-M0],
SYNCOPE-1864,2025-02-06,2025-02-17,3.0.10,3.0.11,3.0.11,[3.0.10, 4.0.0-M0, 4.0.0-M0],
SYNCOPE-1867,2025-03-06,2025-03-06,3.0.10,3.0.11,3.0.11,[3.0.10, 4.0.0-M0, 4.0.0-M0],
