id,committer,creationDate
9eb549d4c308963af0be3288a59b0c4c39cbb5e6,Ivan Brendan Kelly,2011-12-16
e32715ad96558a9941910dd6ae91fc1c646baeb6,Flavio Paiva Junqueira,2012-01-11
c7c8af741a2f532b554dcdabf85237c23ea14aaa,Ivan Brendan Kelly,2012-01-17
f56e596d70c66dac170008ffbe19489eee05be08,Ivan Brendan Kelly,2012-01-18
cfe3e650b69b2b599dd5b2f27f2164af38c7a2be,Ivan Brendan Kelly,2012-02-07
3272204448bf210d03377ba822d01419ad197a17,Ivan Brendan Kelly,2012-02-08
bd2efa12f1f63afa90723ce405caebafb4afd6be,Ivan Brendan Kelly,2012-02-08
29a472598083e522645f918ec602dd91d800f0d5,Flavio Paiva Junqueira,2012-02-13
5a3b29d05abd71c6e5d1b3045abafd434db15f24,Ivan Brendan Kelly,2012-02-13
3defe9e5110472da995789b5ae14c286f58f1293,Sijie Guo,2012-02-15
633a23b3a20b27a551328be2efe5f057be3c99e2,Flavio Paiva Junqueira,2012-02-15
bad375aa35a2c17c466d2be7481e7d16220d59b0,Ivan Brendan Kelly,2012-02-17
014bcd501c14141facd0e3eb4bb488ccba3a2b7d,Ivan Brendan Kelly,2012-02-17
9523193456992a2edd36106120a8a9f246af6995,Ivan Brendan Kelly,2012-02-24
431554da9e2598c73edfbaf671e87cfd9ae94716,Flavio Paiva Junqueira,2012-03-01
cb8296636b961253f9586f535db285bfafa54a8a,Ivan Brendan Kelly,2012-03-08
c6cc7cca3a85603c8e935ba6d06fbf3d8d7a7eb5,Sijie Guo,2012-03-13
a4bded985ca1346a17ee0dcf08fe9dcd570dcfb7,Ivan Brendan Kelly,2012-03-15
33bef6356dfcf14928314e14c20ae73de80bdf99,Ivan Brendan Kelly,2012-03-16
3abac4eb86d64286d057d73024a177ef300283b0,Sijie Guo,2012-03-19
f3a404e4e6b0d0c2a0b2a83d38cdedaff0683e68,Sijie Guo,2012-03-21
3d32544c0b2b1cd5b184531846a451f518486c7d,Sijie Guo,2012-03-21
6d56d60831a63fe9520ce156686d0cb1142e44f5,Ivan Brendan Kelly,2012-03-28
48304c7c07513a15d26cb61f311c9f4b998fd8fc,Ivan Brendan Kelly,2012-03-29
83e8672a10fab050a5bbcc1beeb9a210c1b2b90b,Ivan Brendan Kelly,2012-03-29
4b32e049dca4a1a8eea4bfb2325aee2de629b132,Ivan Brendan Kelly,2012-03-30
30c68b0bebff1e0a012dd81e8f05ebbf83b4ff5f,Sijie Guo,2012-03-31
235bc1fec4d60567d113202b44f6fb4c1616d1ce,Sijie Guo,2012-03-31
f694716e289c448ab89cab5fa81ea0946f9d9193,Flavio Paiva Junqueira,2012-04-03
8f02fb64ec9612af8422f23ed7908d7f6ccf5332,Flavio Paiva Junqueira,2012-04-09
df5789843b6624ebda9c6e839458cdfbc3ed7d84,Sijie Guo,2012-04-10
b5c0791d38a093936016a7989c35363063cdb202,Sijie Guo,2012-04-19
2f25ef611dd2c8ea2c94b48af09f183d74b6167e,Flavio Paiva Junqueira,2012-04-20
9efe73998fe1ee72ffae95f3e1b1e65884019710,Ivan Brendan Kelly,2012-05-09
d368d86e287ef982fa70e069001e30124ee22b48,Flavio Paiva Junqueira,2012-05-09
c32edf860040ebba19c6c57d226b12cd487a00d2,Ivan Brendan Kelly,2012-05-10
c59b7b8a285e5d4da72aea1232a29f31610c2306,Ivan Brendan Kelly,2012-05-25
a1eac18799ddc640bd42e6c038a31e1e26769056,Flavio Paiva Junqueira,2012-05-25
1dde3e5191e51a6f648c0d16b14ecc1e02fcff0a,Sijie Guo,2012-05-26
10b9c5b40bcb66690f6a25330500610c8b296779,Sijie Guo,2012-06-05
a788614f5c73b0ab2c18f73d9eff7a858229a94e,Sijie Guo,2012-06-05
d5caab3aae143352f2d8c3faea71dce11fdb6b45,Sijie Guo,2012-06-06
0a3ea6222061e4ba504cdf8ab8937ab26f71b5a9,Sijie Guo,2012-06-07
aa7f37c6095f61e89a290fc608fd14a50bc7b0e0,Ivan Brendan Kelly,2012-06-12
9472fae8739be41301847b1c8e31954f376997e6,Ivan Brendan Kelly,2012-06-18
18728877881a23d2639eb650d47b7c41bbccd9ca,Ivan Brendan Kelly,2012-06-19
d193780cc404c2e3694c82385d7f422accc416f3,Sijie Guo,2012-06-27
744edf07394472d3146e57831592a69d5a86616c,Ivan Brendan Kelly,2012-06-27
4d15e5675c0394cb910e54c9b0d9743e98fb64c7,Ivan Brendan Kelly,2012-06-28
441bf650859bc96a49b667961a19afd936b67e4c,Ivan Brendan Kelly,2012-06-28
763479b6f94fd4827ee28e9f698cfa9a31095061,Ivan Brendan Kelly,2012-07-04
db71147d9df0ad9efa697275e934330d21c99a88,Sijie Guo,2012-07-05
0e06ddeb7e47bd8794fd378629602e41ea4a1fd9,Ivan Brendan Kelly,2012-07-11
df619306ca4c6dd9eba94cbc5ce159e43a5b9ee5,Flavio Paiva Junqueira,2012-07-23
051320f212b2a6263d2d95db780db62911b9c0f6,Sijie Guo,2012-07-26
3de1c6668a60999230f446011ca27fa7629b4465,Sijie Guo,2012-07-26
4088f7ac7b700588a935485b0a9723a36cc995f3,Ivan Brendan Kelly,2012-08-03
391f9246890b416398e48886fe5ed3c4d2e866ab,Ivan Brendan Kelly,2012-08-13
f4daacff80da6802528320f5a920e1989cf20fac,Ivan Brendan Kelly,2012-08-17
be94b88ea61b75246586b6495f8d3710d4c4217a,Ivan Brendan Kelly,2012-08-17
8e9a19f762fa27d297bf1b401c55fdbabdbcdc82,Sijie Guo,2012-08-27
c59b3d2e495e4ab7483b161ab9c2ce59f0c1e013,Sijie Guo,2012-08-27
cb8415d5defb27efeb8fa7ab1c92a60d4f5c31af,Ivan Brendan Kelly,2012-08-28
fbfd10fa94d909144c369e1514db31669a16872b,Sijie Guo,2012-08-28
3d036b0bf3939b042f4ba01a80b8b81ca6774d1b,Sijie Guo,2012-09-07
06b50969499330d4a5421b48a042fdee63857d23,Sijie Guo,2012-09-07
6f364a214d2b65f5823af2e5699bbc59dc08a4c9,Ivan Brendan Kelly,2012-09-07
26671da549558c4b16da42f2eabfad65fa223831,Sijie Guo,2012-09-11
6bffc3245ae3c2f9a671a0549f394c192460217f,Sijie Guo,2012-09-13
c4519d96d592967aaad1d056db3d31cbe56de865,Sijie Guo,2012-10-10
ce0e7b2077d495ca9f4192da1154f565cb9def5b,Sijie Guo,2012-10-10
2385d7a7054dd7e4c3241374b1f5f57360a5a468,Ivan Brendan Kelly,2012-10-16
eb01b7c1a9d22a55f0107d8b3ba60807d4fd05f4,Ivan Brendan Kelly,2012-10-25
2c7236cf339a2de3cf3fbc0aaa8cd88cc4398ca0,Ivan Brendan Kelly,2012-10-25
223a3fb3fbc78fe4dc1922967fe3daa3edfc3fb2,Ivan Brendan Kelly,2012-10-26
536d86ec4b93909e870d6bc65fba7037360ea036,Flavio Paiva Junqueira,2012-10-26
0658723fdbcfeceddc983b770d78b01602a64f06,Ivan Brendan Kelly,2012-10-31
0a164a8f7166b853cbf874b91f9a82e51f13f668,Ivan Brendan Kelly,2012-11-21
10091096ec339c1524877195172325343b20e02f,Ivan Brendan Kelly,2012-11-21
afa7a082a6f8ab6936729fb68d84bcebf09e1f19,Ivan Brendan Kelly,2012-11-22
b3a05cd74652affe4a69f40609de0b92769e05a4,Ivan Brendan Kelly,2012-11-23
8a3b4ac9a70eca5e55f7c5163c9c62d677c06aa7,Ivan Brendan Kelly,2012-11-27
d3ee645781a1ed422d53a027e3d397451dd4c0d2,Flavio Paiva Junqueira,2012-11-27
38336805e367664fbda2a9c6993d5d343c956752,Flavio Paiva Junqueira,2012-11-27
0d198abad7b41d8326913384967aeb1239ab0528,Ivan Brendan Kelly,2012-11-29
aa1fecd255bcc3c23d4037c675df88c9c0ba78ab,Sijie Guo,2012-11-30
2522f9863b30359b617b6fd2ab6190c1f1cc8570,Sijie Guo,2012-11-30
e14983cbea5238a75a45bff4f23a8e431a5892f0,Sijie Guo,2012-12-01
100785f6f1feb2e6dd1c7de769adab5c88e87427,Flavio Paiva Junqueira,2012-12-01
f12b7896e1640bed64cedb0d96bdd82b6cf26a86,Ivan Brendan Kelly,2012-12-03
6a6d25e7e9a2c3cc4370799ec2529915929e5acc,Ivan Brendan Kelly,2012-12-03
bdf3bfd631493d82688404dde35eed491ec946ad,Ivan Brendan Kelly,2012-12-03
0ea460606e4a45a07a79c356ad1d58a6119e0d31,Ivan Brendan Kelly,2012-12-03
c86eb1c481fd837269d370cbcc248274708b0887,Flavio Paiva Junqueira,2012-12-03
6030beaba9e770db9b856b8de1b06dab843b2ccc,Ivan Brendan Kelly,2012-12-04
7f67e765c73890a2f838ec8f5d43b814ce42c84b,Ivan Brendan Kelly,2012-12-04
366d393f2e58acdd5494da4ae60513c3ae5730c4,Flavio Paiva Junqueira,2012-12-04
40ac04bfee52f2e0fd45397cf5d02fa31236c753,Flavio Paiva Junqueira,2012-12-08
a063f9b19d035d8c2d9e76e3741368cf41e7d292,Flavio Paiva Junqueira,2012-12-10
77efd1c00100b533d67e716579b439e94d4050e3,Flavio Paiva Junqueira,2012-12-10
7fa41ff318a31f973d1de12afe8db0f9893ac653,Sijie Guo,2012-12-12
55610c26eb3b8b4cd5dd1955a434c2642334c605,Ivan Brendan Kelly,2012-12-12
1e35d5d5e6de6a33cd4ca200f3d5d92dcf7cb58d,Sijie Guo,2012-12-13
b6c1a8bbd7c2d44c2edb59d9938fa073f6f478de,Ivan Brendan Kelly,2012-12-13
d58a71dbd1f07a3edf65c4af80ae18a4d9a95755,Flavio Paiva Junqueira,2012-12-13
496f442a7a68dd549355e845540c6c72c2fbb44c,Ivan Brendan Kelly,2012-12-13
d932c9b2181cc9f9b6bb3b43abd5af04cda206b8,Flavio Paiva Junqueira,2012-12-13
e0011de4475969c19023694f5074b50e5d12a08f,Ivan Brendan Kelly,2012-12-13
dffe13f5b16200e192c36547021c34c186d00de8,Ivan Brendan Kelly,2012-12-14
8c1e71f2b9cb8425046517f69a5024c31d47783c,Sijie Guo,2012-12-15
d1a3c6d11eb4433c7e25eeba6ac21fe2db3a2696,Sijie Guo,2012-12-15
a4d8a34fb0779551208ad003b950e0b9a9d86d42,Ivan Brendan Kelly,2012-12-18
d69986c4df6b51ed6ed27c5f45a7b6850e69dacd,Ivan Brendan Kelly,2012-12-18
a3da8c74c4226b7d92e9d0eba9591334351afa45,Sijie Guo,2012-12-20
a0ae97c232caafa1fda9955f9aaa9f99564b74fe,Sijie Guo,2012-12-24
8a396e1f74ff9f9cf25d3b4bfc43c8a112992555,Flavio Paiva Junqueira,2012-12-27
ea36e59a1c314bf698d572e5f714e0b68e554a6e,Flavio Paiva Junqueira,2012-12-28
ee29f75f3f6a0168008da2e424e4174f2aee8cbb,Ivan Brendan Kelly,2013-01-03
b625fdc27a429341143e204338cf5deab3188e9e,Ivan Brendan Kelly,2013-01-07
f7ce39d522827a0359a0183eae02694ebb35bafd,Ivan Brendan Kelly,2013-01-07
faf407d5d40e9d476bab2a926f41b993bf87098f,Ivan Brendan Kelly,2013-01-09
f0db18abedd30af1d6191d068652b93db0c68fc6,Flavio Paiva Junqueira,2013-01-09
a9b851b3afe2d8031ad426fdd2e579ba003fe02c,Sijie Guo,2013-01-10
7c1793d2979b01062682b70687839a978bf65c4c,Ivan Brendan Kelly,2013-01-10
4250c1f93962af30e6e40759e006035a7089613e,Flavio Paiva Junqueira,2013-01-10
1374b7ad2738f6c52a2aed1d0ee4e412aa382086,Sijie Guo,2013-01-11
96b5aa8e6463c36a0421e47f9892479aa63f885b,Ivan Brendan Kelly,2013-01-12
7d8079c446110872d8f6d50eff86268a3cb4e989,Ivan Brendan Kelly,2013-01-14
7bed2a74a98f49b31c1653a513944f60a359776c,Ivan Brendan Kelly,2013-01-24
f060c0d2745b47314562bc94ecb5f525e2addb07,Uma Maheswara Rao G,2013-02-08
3902ae5a6056ba6348f71c873d23f74ac32cebef,Sijie Guo,2013-02-09
3bcabc5adb48e75dd041384ebcbb0017d56c3299,Sijie Guo,2013-02-12
5b7b6835c74a11162164e90e66bb05a84411a8c2,Sijie Guo,2013-02-15
cda181255f0bb2ebc1a69f75b2b6f84b50c4fba0,Flavio Paiva Junqueira,2013-02-16
040a442bef5b93143a9e07c0b601fddea88c5712,Ivan Brendan Kelly,2013-02-19
f4d189431ee77d1133b617dba9e939756cb9d721,Ivan Brendan Kelly,2013-02-19
d40d380363f7ab608231e91b84dd94e3478f3773,Ivan Brendan Kelly,2013-02-19
ea5a13d748918f495ad1cb1e37c0f995e3d53072,Uma Maheswara Rao G,2013-03-05
f2bb5603ff33b8ac54bcdf2daddb61cf3e65de80,Sijie Guo,2013-03-25
6268be59c7d8cf411860a6807a2cb45bc1c891f4,Ivan Brendan Kelly,2013-03-25
455aabfd3b6ffd4247f6df63cb29d0694b359cdd,Ivan Brendan Kelly,2013-03-25
feb077afa2e5064f24f011067fd626c81ede8491,Ivan Brendan Kelly,2013-04-02
b118823702e946ccdeb14843e2691fdd760a59e4,Ivan Brendan Kelly,2013-04-04
cdf138e24b76f934721eb1e82a226d0be296b838,Sijie Guo,2013-04-07
09ec928ee0218caeef5661ba60978fd18b2e553b,Sijie Guo,2013-04-07
685ca079690f8be2cbcfacb615fc0eb5a798b8da,Ivan Brendan Kelly,2013-04-26
cf2a858bb7bc669e12058e2dda1a996a67d3d37a,Ivan Brendan Kelly,2013-06-03
faf2ed87762fabe4f6cb5f629cf5a7132869ca60,Ivan Brendan Kelly,2013-06-05
0a208e10117f8c5201e0414ce3d644d2367b5abc,Flavio Paiva Junqueira,2013-06-15
a3de791cb79873c4f9b99e7ac1b9ade75ea225ac,Ivan Brendan Kelly,2013-06-21
119e2034303b45478123a0fa62c1c48925b201c1,Sijie Guo,2013-06-26
bf3224adf56b74e7d8c2792eec9dcdab9c49e3d3,Ivan Brendan Kelly,2013-06-28
0d9708c65998f48ba9b692ff5532251a0e1b8bc9,Ivan Brendan Kelly,2013-07-03
ed3bb58f5cc5cd4176573cb696bb7277c628b26a,Ivan Brendan Kelly,2013-07-04
0ce12e55edb179fc55bc9c5749a589a52bb36b3a,Flavio Paiva Junqueira,2013-07-13
f3731732ce984f41b8530939254706f9e597583d,Sijie Guo,2013-07-20
d9682edfc57911ccb9d70ae41c6627112a96a355,Sijie Guo,2013-07-20
4a2c740129d506f620dcfbdb5e1e852258a726d2,Sijie Guo,2013-07-20
61e619c2b2215fca05df3498256e3f0966a668ff,Sijie Guo,2013-07-20
a889f63d1041a84d6b894874b31681ed35312781,Ivan Brendan Kelly,2013-07-22
d3328c5a78137de5416f3d8bc1f269f2ac648e6b,Ivan Brendan Kelly,2013-07-24
22509a7a2c8acbd5cce182529169fc0057e55b0d,Ivan Brendan Kelly,2013-07-29
d1ad860f8e83530e0d8f1498a35da2e9fbb85962,Ivan Brendan Kelly,2013-08-12
94d65d8d2e3239ad0694d3c2252fca0e3dbea8b3,Ivan Brendan Kelly,2013-08-13
2179f1bf6d656d7c5f7e89f2eeaaa0732f0b9608,Ivan Brendan Kelly,2013-08-20
f41bb6f8b521e26a0a746530e648a9ca2120af51,Ivan Brendan Kelly,2013-08-20
c4fd34f0f13a044c0261732ff2dd454acc4b73de,Ivan Brendan Kelly,2013-08-21
d8e6972385e6662ddcf398fc2de47622a9bef22d,Ivan Brendan Kelly,2013-08-22
98d6dcec7403c523cfd07cf48ed878e1ab13eae0,Ivan Brendan Kelly,2013-08-23
441891b2d76b3b0244d00480e0ab70f2d2121d57,Ivan Brendan Kelly,2013-09-27
8dafa943a1d5a1cf562d94cc6d2f656e0c0be17e,Sijie Guo,2013-10-02
a3575c3ebcb323a53d7a193488453aa44557c97a,Ivan Brendan Kelly,2013-10-14
33ea58027b0a3ba160f7ac19d20568709f453f4d,Ivan Brendan Kelly,2013-10-14
24dc8ac30c97620cf4dbef48deff2bb957932eb8,Sijie Guo,2013-10-22
9602c32f16184e10873d53c269e270e3cd0ebeed,Sijie Guo,2013-10-22
2d0cd0d1b9d41f3b600f6dac308c6d34317ae676,Sijie Guo,2013-10-29
f345cb9472250eca2b724fa14b8d2c08425b6a2f,Sijie Guo,2013-10-30
ea4a13a45d8d2102f5f0098e404d3de66777a39b,Ivan Brendan Kelly,2013-10-30
67dccebdbee27476657898a370c4f1808231fc4b,Ivan Brendan Kelly,2013-11-22
810f10e9c628604a7697172df79478d9186be637,Sijie Guo,2013-12-05
42185c2e3d9e6d85b095842ac051f3a3c4a4d22f,Sijie Guo,2013-12-05
5c3a30f8e423da51b1ee03173a336400335de3b8,Flavio Paiva Junqueira,2014-01-03
79a73f0f71be5701b44ab47c14f92945989b1417,Sijie Guo,2014-01-09
78c0d2515f2e381b2c690bdbf2bf9bad03d1250c,Ivan Brendan Kelly,2014-01-17
23f3760dd5d79e6894616834aa41d59089c9548a,Ivan Brendan Kelly,2014-01-21
7b44d9552d8b854160278582db3f5ca07882358a,Sijie Guo,2014-01-22
0345c8095ee47aefd7d40a07e2a621079c94f4fd,Sijie Guo,2014-02-02
94ebe62b8c6ddcd2b52e8bc4eac4e102ff4cf720,Flavio Paiva Junqueira,2014-02-05
63232dec02952e3404beeafd0c73fc61c2c7cd17,Sijie Guo,2014-02-06
b62a67b1b11a10fe378a0bef25b846887cd104b1,Sijie Guo,2014-02-06
3870ff300c64dc41828fdc8c9627e76450cff077,Sijie Guo,2014-02-06
7e0b69cac5d406c777765bc1fa879520ea9176ec,Sijie Guo,2014-02-06
8aafd10f6634f039e33b0576d4b61121b494e93a,Flavio Paiva Junqueira,2014-02-06
f19744d30ed879022a66de885cb1236d54582d2b,Sijie Guo,2014-02-10
653dd6d733e9022a6189a2c8546bb8e3afa22715,Ivan Brendan Kelly,2014-02-21
9d4ce1671cd6731b9b9652399c24a91c34e0bc65,Ivan Brendan Kelly,2014-03-07
1ac25ebe98dd3038f68fe80e79570b9beceb0be8,Sijie Guo,2014-03-10
e1838f47800120252a3b5db77b7d1169e1daf801,Ivan Brendan Kelly,2014-04-24
54c54f71a5fad10838c66c6a6b28ef13d9388931,Ivan Brendan Kelly,2014-04-24
4c27506835dd0a58ee0a37c4422c44237a344b30,Ivan Brendan Kelly,2014-05-06
e824ac2691f4e86ac5ced675cd3ffb66f00e059a,Ivan Brendan Kelly,2014-05-06
151c50dbe992efcaf0fa831dbf829b792b8bb925,Flavio Paiva Junqueira,2014-05-23
d67f3a752d291b1f55e5b9597eca6b135d3626ee,Flavio Paiva Junqueira,2014-05-23
209dbf4982eb997c9691c4331dcaea3b7e4af6d6,Ivan Brendan Kelly,2014-05-30
d11665de31b5ee6969128062569f2081b5d9cf79,Ivan Brendan Kelly,2014-05-30
d86917af98c2a7442619f1b71aa6d4d1da5945f4,Ivan Brendan Kelly,2014-06-02
404b83abafb94b62c0ced2ba7cf6878762643746,Ivan Brendan Kelly,2014-06-03
68deb96d2d1de45eea0c358c0eab39847d51e1f8,Flavio Paiva Junqueira,2014-06-05
80c6e5526c63409e4f359905d0fd319ac7d2b129,Flavio Paiva Junqueira,2014-06-06
c9db762707538a99a92852e60b88bed577b01377,Ivan Brendan Kelly,2014-06-10
37fda574a530eedc6bd3ba5030e2f3e0805c10f8,Sijie Guo,2014-07-15
b6f33e49d0671a5b982bcb3613c5c9844f6aec8b,Sijie Guo,2014-08-14
0c96765dffe3850ae6fc80397f9bc221421f1fa3,Flavio Paiva Junqueira,2014-09-04
8f81eba34d2af8444be9f713447e12f4387e5932,Sijie Guo,2014-09-06
fd6835e4f06d3cbb6a33062f582e4756d0a3139b,Sijie Guo,2014-09-06
caf9ef945c93833f8cbc3bb0e6e451e1e58855cb,Sijie Guo,2014-09-09
c918051659f9f9231989531304a0a0a15f0f939e,Ivan Brendan Kelly,2014-09-17
4f0e52d027ed277576344ecbde1938ed3eeb7aae,Sijie Guo,2014-09-18
4a2174a91fbd6b85fed640ef58f1c98fd28ee2d4,Sijie Guo,2014-09-18
36478d1e639ba099cc4256ca2b2fbcc98f7649dd,Flavio Paiva Junqueira,2014-09-22
3020fcb555d978c986e4e014e79c14d9817b606a,Sijie Guo,2014-10-15
b17a30a46a820a9914bcee713f156698d93ff734,Ivan Brendan Kelly,2014-11-19
6a94e45c6b813978d6b4fa98eeb87175d0241d96,Ivan Kelly,2014-12-04
78d6e49d4d6bf83ee53655e6198848b896c4239c,Ivan Kelly,2014-12-05
5de01f700ede31f186f5d8d97afac382f1e45327,Ivan Kelly,2014-12-05
130ebfa8f3763c1b98b29124a2bb648b2a810281,Sijie Guo,2014-12-06
0dfb4fb94d0ccc98e1050f662712d85bcf2003b1,Sijie Guo,2014-12-06
8a5ac72762480f5f972aafcf1fc8207e12ef76e3,Sijie Guo,2014-12-06
ff5d2c5125d7d7fbe48d7935524820c55a887124,Sijie Guo,2014-12-06
2b88b11fa7597254ccbf828f16efc665e852788d,Sijie Guo,2014-12-06
e790cab6d89de3cff3ee32842347d0176b6e24c5,Sijie Guo,2014-12-06
e79f8736a7dfc2c7191455e4e88b85a85f0472bf,Ivan Kelly,2014-12-09
0e3d95c9411289b89961e434ce760e3726290761,Ivan Kelly,2014-12-10
91b80f6c8d538fd9c16b30907c95d93ee90af04a,Ivan Kelly,2014-12-12
264995cf2fc97ae527a8c24b369790a424d88d87,Ivan Kelly,2014-12-12
8b23bd30c5e7388e91f650615671d754a9ee2727,Sijie Guo,2015-02-23
e89ee080f1894143ed3415f27017b89eefe3ceb1,Sijie Guo,2015-03-12
f2928dca4860b3c1461b99b834992e16901c8a87,Sijie Guo,2015-03-12
68c5b5a40c33b813482e8a2371eedcb2e0d224e8,Sijie Guo,2015-03-18
4a4802ab5ef1a98eb40cd2bfb4b2f76409745220,Sijie Guo,2015-03-18
7177f2a03c52ca0457ea7d1a9c946f194ffb1c5f,Sijie Guo,2015-03-18
b24cd7fd85bb3235036e660ff3a295dc939705e6,Sijie Guo,2015-04-21
70da24d504e3f4cba0d87a0914a0add7ea19394d,Sijie Guo,2015-04-21
da1a2fa6b19ddcdba68834147bf6afbe5bf90cbf,Sijie Guo,2015-04-21
6688d96b52072496202f607f8c55976472f4c9a6,Sijie Guo,2015-05-19
5bd2edbf82bd0c8bd9ea9e507b07d23cb856f934,Sijie Guo,2015-05-19
1387b2be44686abfe78bf4efee4ad52d2d699e12,Sijie Guo,2015-05-20
6286c39eaa8f7422323fc3405c72f9c6333f444f,Sijie Guo,2015-05-20
35fbcc357970f126b6b9f9a7bf2a453bd3786044,Sijie Guo,2015-06-02
8df7e0fb18547e9805238f4bb15d3d0d67978422,Sijie Guo,2015-07-07
c29a4f2601f72f8543cc4b1db419c84b01de75ce,Sijie Guo,2015-08-12
a59bd5687e2f5c4a4ac3f2a957543b5a1a3148d8,Sijie Guo,2015-09-07
9803ee8e6293dcd0346b1ca3cb0f2666b5e12382,Sijie Guo,2015-10-10
8729d12be50295086e7440dfa5d0256abb7688d5,Sijie Guo,2016-02-09
626b7e8bb0b84271df97cfbf0a1b157c6cfe5a18,Sijie Guo,2016-02-09
63395a3e3d9bb253ea2745042631e44a3d195ea0,Sijie Guo,2016-02-09
9c937f5d814d4079b6134db361a0e2de1e37cd05,Sijie Guo,2016-02-09
bfa74f736ba270cc1a0bd0f7a1a6c643a00e385d,Sijie Guo,2016-03-08
fe52b500cfec1c93725fa967ad2d5e0e7350580c,Sijie Guo,2016-03-08
a77042db1b024b5cb2bdd2a5f49ea18a43bc036b,Sijie Guo,2016-03-08
410ff7263a477d4b75a43d006adde3549225a4b9,Sijie Guo,2016-03-14
9a8d62b1d1231f2fe6feca7e0c407a426a1278d5,Sijie Guo,2016-03-16
1a98088e38ca0a43c26d9a4847619b0a27bb90e8,Sijie Guo,2016-03-16
e32c38890ffbd0291e24e2b3f2625374b27f1f67,Matteo Merli,2016-03-31
b1c12c0f41b7c27b2452fef311f12077d771f431,Sijie Guo,2016-04-05
d607b366ba493617408888a768a99ee3f3ffb976,Sijie Guo,2016-04-05
19a5efe21ca0b33156a405f1084ddaa9ba4b28f5,Matteo Merli,2016-04-05
3efde26e0510be38237c73a7bfeeb105f25d8dbe,Matteo Merli,2016-04-07
f2bc62b85e9bb855416fa4ea424cfd19ae9944e5,Sijie Guo,2016-04-10
91595fc04ac6168b5a652e803e55caadae757f74,Sijie Guo,2016-04-27
101de10a817d2a0704ce746eaed90cc0d73ca078,Matteo Merli,2016-04-27
f8e0331f14a933ad2ed3d933c5eea927020b4967,Sijie Guo,2016-04-29
d32010f5fcc6a040a56dc8b983cc14d107cff2df,Matteo Merli,2016-05-04
e5f3afa5ef84dbc466562664f1f8b0cd60779c02,Sijie Guo,2016-07-11
1f7e47005588eedd879d0b9d163b4f125c6a0d59,JV,2016-07-26
8324632b2983beba1528ab53a999340756c7f563,Sijie Guo,2016-07-31
bf4a4d6a07f9d615752054c6743035cebd86716e,Sijie Guo,2016-10-13
4383b0b171d5fdfcdfa55c196998bbc6b7fdc260,Sijie Guo,2016-10-20
309cbba65c8532ef84c70efe181b3162e3078333,Sijie Guo,2016-11-09
cc3d2701687ce1a4ff14502e2214a381b43aed5f,Sijie Guo,2016-11-09
8f0bed9f8401001abd683c420757610996cf96d8,Sijie Guo,2016-11-09
026ef10e1e9706ead4f1bc6763ded2e28c91480d,Sijie Guo,2016-11-09
6d2737ca22533aed461ed71e94d2472a6664df3c,Sijie Guo,2016-12-17
54863473365572f955a8e7a3e022614f5f5e4604,Sijie Guo,2016-12-20
6e738d0c02ebe6710a24aad505e2fd9386bb8821,JV,2016-12-21
ca7e5fd80662745e7f64ee8f70c66dc9734f6e3a,Sijie Guo,2017-01-30
13d668f2208bf472e4938cfdfd2de912eaa11275,Sijie Guo,2017-01-31
3d3340be7d754af1738a117ee07e3bed04ec5547,Sijie Guo,2017-03-23
bf8ef14bc1bfdde6c6c8edcd7f380b4beca023f6,Sijie Guo,2017-03-28
9001e300ce0d5d2655d437e3eaa52f91487caed6,Sijie Guo,2017-04-03
ab707d2c6b3251b2a9a30a6d14074704460b3da5,Sijie Guo,2017-04-11
48aa69dd0ba41f5ba7bb2b04f31172c919be4391,Sijie Guo,2017-04-11
d5af77c05256d5942c19aff2654c5d8f5ac1eb79,Enrico Olivelli,2017-05-04
811ece53a1c975c4e768422f3d622ac9de6b3e41,Sijie Guo,2017-05-15
5d43260e84c6121df72c0ee4c844651bfb726638,Sijie Guo,2017-05-15
8ba8ab9403dbc464c68caf6e7cd3fc490670731e,eolivelli,2017-05-25
64bedc2f92d5bb17783c6ea2a2db7ea29170f264,eolivelli,2017-05-25
6698912e4d35119a2e85a6ea3877c6771073489c,eolivelli,2017-05-26
fc51f73cbc9cdaae9876bc08cafa3e7a80826207,Enrico Olivelli,2017-06-01
dd08ce1a644de00967dd5fe34ce15caa9789d775,Enrico Olivelli,2017-06-01
55d1dc45c4761f150c59a34b94d21e39e69f872c,Sijie Guo,2017-06-01
32c2859f0bec9ab74965d954bce038480e4dc2ba,Sijie Guo,2017-06-28
f47dd4272f54bb95fd38abdd6c492dbe199dd7a4,jiazhai,2017-07-18
24ac8ead6240aaaaa845afccb4e606fbe0da1602,Enrico Olivelli,2017-07-25
0ccbc0e9c3e6a82d5e44b8347cc6567e043f253f,jiazhai,2017-07-28
